date,TWITTER_SENTIMENT_DAILY_AVG,TWITTER_PUBLICATION_COUNT,TWITTER_NEG_SENTIMENT_COUNT,TWITTER_POS_SENTIMENT_COUNT,TWITTER_NEUTRAL_SENTIMENT_CNT,NEWS_SENTIMENT_DAILY_AVG,NEWS_PUBLICATION_COUNT,NEWS_NEG_SENTIMENT_COUNT,NEWS_POS_SENTIMENT_COUNT,NEWS_NEUTRAL_SENTIMENT_COUNT,PX_HIGH,PX_LOW,PX_OPEN,PX_LAST,VOLUME,RSI_14D
2015-01-01,-0.0029,517.0,28.0,7.0,442.0,-0.0321,550.0,7.0,16.0,69.0,,,,,,
2015-01-02,-0.0004,496.0,10.0,10.0,456.0,0.0204,538.0,17.0,14.0,70.0,47.42,46.54,46.66,46.76,27913852.0,47.3062
2015-01-05,-0.0004,885.0,17.0,8.0,818.0,0.1221,989.0,9.0,32.0,114.0,46.73,46.25,46.37,46.325,39673865.0,44.5629
2015-01-06,0.0004,1141.0,13.0,25.0,1052.0,0.1305,1416.0,4.0,66.0,184.0,46.749,45.54,46.38,45.65,36447854.0,40.6261
2015-01-07,-0.0029,750.0,43.0,9.0,656.0,-0.2672,1225.0,9.0,36.0,163.0,46.46,45.49,45.98,46.23,29114061.0,45.1131
2015-01-08,-0.0007,912.0,26.0,11.0,853.0,0.1183,1266.0,6.0,48.0,153.0,47.7499,46.72,46.75,47.59,29645202.0,53.9088
2015-01-09,0.0011,946.0,19.0,34.0,861.0,0.1179,1229.0,11.0,44.0,164.0,47.82,46.9,47.61,47.19,23944181.0,51.3046
2015-01-12,-0.0001,782.0,10.0,9.0,752.0,0.0884,996.0,5.0,38.0,97.0,47.54,46.36,47.42,46.6,23651887.0,47.6484
2015-01-13,0.0008,1387.0,20.0,37.0,1286.0,0.1204,1807.0,18.0,82.0,239.0,47.91,46.06,46.97,46.355,35270601.0,46.1768
2015-01-14,0.0005,1600.0,15.0,39.0,1519.0,0.0951,1870.0,23.0,70.0,255.0,46.24,45.62,45.96,45.955,29719580.0,43.7984
2015-01-15,-0.0006,1384.0,35.0,28.0,1279.0,0.043,1620.0,14.0,53.0,218.0,46.38,45.41,46.22,45.48,32750779.0,41.0917
2015-01-16,-0.0226,1114.0,149.0,15.0,925.0,0.1247,1393.0,32.0,77.0,204.0,46.28,45.17,45.31,46.24,35695289.0,46.7608
2015-01-19,-0.2376,521.0,185.0,7.0,317.0,0.0417,864.0,6.0,18.0,100.0,,,,,,
2015-01-20,-0.055,1128.0,224.0,9.0,855.0,-0.035,1273.0,28.0,37.0,173.0,46.65,45.57,46.3,46.39,36161860.0,47.828
2015-01-21,-0.0021,1705.0,82.0,29.0,1537.0,0.156,1742.0,36.0,123.0,278.0,46.14,45.48,45.94,45.92,39081143.0,44.7979
2015-01-22,0.0001,12735.0,47.0,132.0,12354.0,0.0579,4818.0,44.0,260.0,1137.0,47.135,46.08,46.38,47.13,35898035.0,53.0454
2015-01-23,-0.0015,3944.0,166.0,55.0,3620.0,0.044,2654.0,33.0,100.0,485.0,47.39,46.8,47.36,47.18,26211594.0,53.3555
2015-01-26,0.0013,1253.0,15.0,45.0,1099.0,0.0534,1473.0,7.0,36.0,140.0,47.1339,46.2399,47.0,47.01,42525530.0,52.0957
2015-01-27,-0.2361,7310.0,2113.0,1207.0,3780.0,0.1952,3089.0,153.0,307.0,402.0,43.2,42.105,42.95,42.66,169163953.0,31.5601
2015-01-28,-0.152,4490.0,1193.0,411.0,2725.0,-0.3933,3013.0,167.0,161.0,258.0,42.79,41.16,42.74,41.19,84507078.0,27.6006
2015-01-29,0.0031,3952.0,172.0,205.0,3496.0,-0.1518,2521.0,64.0,91.0,342.0,42.12,40.79,40.93,42.01,63585273.0,32.6747
2015-01-30,0.0039,3336.0,52.0,217.0,2998.0,0.0732,2046.0,12.0,71.0,301.0,41.58,40.35,41.55,40.4,78004944.0,28.4576
2015-02-02,0.0005,1144.0,16.0,26.0,1070.0,0.009,1223.0,5.0,37.0,152.0,41.37,40.23,40.59,41.28,50352532.0,33.509
2015-02-03,0.001,2144.0,46.0,69.0,1963.0,0.0604,1747.0,19.0,71.0,226.0,41.93,41.045,41.63,41.6,52082448.0,35.298
2015-02-04,-0.0026,1337.0,67.0,35.0,1187.0,0.0344,1615.0,11.0,44.0,216.0,42.21,41.36,41.94,41.84,41614812.0,36.6742
2015-02-05,0.033,2521.0,52.0,425.0,1858.0,0.1289,1899.0,14.0,75.0,274.0,42.64,41.855,42.22,42.45,36548168.0,40.1581
2015-02-06,0.0034,1425.0,23.0,89.0,1266.0,0.0425,1379.0,13.0,29.0,172.0,42.79,42.15,42.68,42.41,34616554.0,40.0027
2015-02-09,0.0116,504.0,5.0,46.0,400.0,0.1374,1008.0,10.0,36.0,88.0,42.74,42.21,42.24,42.36,31381061.0,39.7954
2015-02-10,0.0708,2898.0,16.0,653.0,2145.0,0.1822,2397.0,22.0,152.0,284.0,42.77,42.18,42.74,42.6,29670676.0,41.3662
2015-02-11,-0.0462,2004.0,384.0,127.0,1420.0,0.1501,2050.0,16.0,52.0,177.0,42.65,42.21,42.65,42.38,38262509.0,40.3275
2015-02-12,0.0011,2175.0,60.0,75.0,1984.0,0.0591,1749.0,8.0,69.0,188.0,43.09,42.51,42.66,43.09,33268831.0,45.1172
2015-02-13,0.003,1736.0,46.0,99.0,1563.0,0.074,2793.0,18.0,52.0,195.0,43.87,43.15,43.38,43.87,40264887.0,49.8771
2015-02-16,0.0024,459.0,8.0,23.0,406.0,0.0554,1853.0,3.0,29.0,79.0,,,,,,
2015-02-17,-0.0002,1042.0,14.0,13.0,984.0,0.0564,1996.0,15.0,40.0,160.0,44.0,43.19,43.97,43.58,33695749.0,48.2032
2015-02-18,-0.0004,2108.0,39.0,39.0,1981.0,0.0867,2001.0,12.0,74.0,184.0,43.7,43.39,43.63,43.53,27111657.0,47.9047
2015-02-19,0.0001,3459.0,28.0,32.0,3359.0,0.1052,1880.0,8.0,61.0,186.0,43.5263,43.05,43.18,43.5,27603420.0,47.7138
2015-02-20,0.0004,2248.0,25.0,48.0,2133.0,0.0983,1182.0,8.0,41.0,143.0,43.88,43.29,43.51,43.855,29721133.0,50.241
2015-02-23,0.0003,615.0,8.0,12.0,573.0,0.1989,791.0,8.0,27.0,72.0,44.19,43.65,43.7,44.15,32518754.0,52.3041
2015-02-24,0.0012,1491.0,16.0,52.0,1372.0,0.0368,1275.0,4.0,40.0,190.0,44.3,43.92,44.15,44.09,25271747.0,51.8334
2015-02-25,0.0005,1307.0,18.0,30.0,1204.0,0.1237,1942.0,5.0,47.0,147.0,44.09,43.8,43.95,43.99,29759820.0,51.0094
2015-02-26,-0.0033,1210.0,63.0,35.0,1051.0,0.0318,2168.0,14.0,41.0,155.0,44.23,43.89,43.99,44.055,28957329.0,51.5485
2015-02-27,-0.0161,1138.0,133.0,19.0,952.0,0.0368,1372.0,11.0,30.0,168.0,44.2,43.66,44.13,43.85,33807740.0,49.6912
2015-03-02,0.0006,3089.0,31.0,89.0,2928.0,,1485.0,5.0,64.0,182.0,44.19,43.55,43.67,43.88,31924049.0,49.9752
2015-03-03,0.0006,1687.0,27.0,43.0,1558.0,,2492.0,9.0,89.0,184.0,43.825,43.09,43.56,43.28,31748648.0,44.5564
2015-03-04,-0.0421,2378.0,439.0,51.0,1845.0,0.0263,1963.0,24.0,59.0,223.0,43.21,42.88,43.01,43.055,25748692.0,42.6872
2015-03-05,-0.0009,2410.0,78.0,35.0,2245.0,0.225,1909.0,31.0,88.0,259.0,43.24,42.82,43.07,43.11,23193541.0,43.3132
2015-03-06,-0.0147,1911.0,229.0,19.0,1618.0,-0.2404,1622.0,11.0,38.0,190.0,43.11,42.15,43.0,42.36,36248785.0,37.3258
2015-03-09,-0.0109,494.0,47.0,11.0,406.0,0.3163,823.0,10.0,17.0,90.0,43.125,42.19,42.19,42.85,32107957.0,42.8812
2015-03-10,-0.0043,830.0,51.0,32.0,675.0,0.0113,1248.0,5.0,49.0,199.0,42.71,42.03,42.35,42.03,39159730.0,36.9746
2015-03-11,-0.0017,1015.0,43.0,17.0,912.0,0.0582,1393.0,15.0,63.0,180.0,42.37,41.84,42.31,41.98,32215314.0,36.6432
2015-03-12,-0.0259,1367.0,187.0,38.0,1087.0,0.2456,1411.0,17.0,63.0,163.0,41.65,40.86,41.33,41.02,59992502.0,30.9135
2015-03-13,-0.0012,2146.0,74.0,28.0,1997.0,0.0891,1651.0,39.0,76.0,167.0,41.47,40.61,40.7,41.38,58007705.0,35.017
2015-03-16,0.0012,553.0,12.0,18.0,490.0,0.1756,981.0,4.0,41.0,122.0,41.64,41.28,41.47,41.56,35273452.0,37.0309
2015-03-17,0.0004,2265.0,39.0,49.0,2138.0,0.0586,1712.0,16.0,61.0,288.0,41.83,41.15,41.37,41.695,31673448.0,38.5687
2015-03-18,0.0001,5780.0,57.0,48.0,5536.0,0.0734,3104.0,28.0,163.0,510.0,42.83,41.33,41.43,42.5,44194771.0,46.8963
2015-03-19,-0.0018,3901.0,165.0,49.0,3599.0,0.0859,2759.0,27.0,142.0,489.0,42.59,42.22,42.26,42.285,33879066.0,45.1364
2015-03-20,0.0003,1601.0,23.0,29.0,1472.0,0.0492,1816.0,16.0,53.0,235.0,42.98,42.49,42.56,42.88,71904529.0,50.6553
2015-03-23,-0.0035,452.0,26.0,9.0,400.0,0.0861,997.0,9.0,17.0,97.0,43.13,42.78,42.88,42.855,26246086.0,50.4258
2015-03-24,0.0012,2379.0,30.0,87.0,2201.0,0.1081,1842.0,19.0,93.0,312.0,43.17,42.75,42.78,42.9,25513252.0,50.8575
2015-03-25,-0.0004,1567.0,32.0,29.0,1434.0,0.1071,1626.0,21.0,61.0,218.0,42.925,41.44,42.92,41.46,43469907.0,39.1195
2015-03-26,-0.0004,2006.0,43.0,17.0,1878.0,0.0616,1620.0,13.0,51.0,206.0,41.61,40.92,41.22,41.21,37495627.0,37.5013
2015-03-27,0.0004,1931.0,18.0,40.0,1839.0,0.0309,1635.0,30.0,54.0,217.0,41.43,40.83,41.12,40.97,34401398.0,35.9632
2015-03-30,-0.0019,894.0,39.0,17.0,801.0,0.0129,1193.0,8.0,41.0,135.0,41.54,40.91,41.1,40.96,35049662.0,35.8972
2015-03-31,-0.0019,2273.0,102.0,40.0,2070.0,0.0963,1589.0,12.0,60.0,263.0,41.03,40.54,40.78,40.655,34887219.0,33.8545
2015-04-01,-0.0004,2913.0,59.0,46.0,2728.0,0.0273,1983.0,14.0,77.0,319.0,40.76,40.31,40.6,40.72,36865322.0,34.7072
2015-04-02,-0.0007,1488.0,40.0,22.0,1362.0,0.0779,1575.0,20.0,46.0,168.0,40.74,40.12,40.66,40.29,37487476.0,31.7878
2015-04-03,-0.001,2023.0,68.0,23.0,1860.0,0.0477,1275.0,15.0,41.0,196.0,,,,,,
2015-04-06,0.0021,1755.0,16.0,75.0,1568.0,0.0487,653.0,11.0,44.0,94.0,41.78,40.18,40.34,41.545,39223692.0,46.0511
2015-04-07,0.0064,2084.0,83.0,154.0,1773.0,0.1795,1434.0,12.0,66.0,204.0,41.91,41.31,41.61,41.53,28809375.0,45.9275
2015-04-08,0.0016,1737.0,29.0,70.0,1548.0,0.0654,1702.0,16.0,56.0,212.0,41.69,41.04,41.46,41.42,24753438.0,44.9741
2015-04-09,-0.0003,1998.0,39.0,18.0,1878.0,0.0668,1621.0,9.0,59.0,217.0,41.62,41.25,41.25,41.48,25723861.0,45.637
2015-04-10,-0.0024,1514.0,77.0,18.0,1361.0,0.0638,1452.0,30.0,53.0,166.0,41.95,41.41,41.63,41.72,28022002.0,48.319
2015-04-13,0.0008,461.0,10.0,14.0,405.0,0.0912,914.0,5.0,26.0,97.0,42.06,41.39,41.4,41.76,30276692.0,48.7726
2015-04-14,-0.0006,1369.0,36.0,23.0,1273.0,0.0554,1485.0,20.0,60.0,258.0,42.03,41.39,41.8,41.65,24244382.0,47.5369
2015-04-15,-0.0013,1380.0,61.0,51.0,1527.0,0.0882,2356.0,52.0,101.0,276.0,42.46,41.68,41.76,42.255,27343581.0,54.3825
2015-04-16,0.0005,2742.0,47.0,90.0,3371.0,0.1127,2083.0,17.0,137.0,342.0,42.34,41.82,41.95,42.16,22509652.0,53.2084
2015-04-17,0.0002,2886.0,22.0,50.0,2815.0,0.2031,2023.0,19.0,141.0,272.0,41.74,41.16,41.67,41.615,42387608.0,46.9467
2015-04-20,-0.0002,696.0,9.0,5.0,633.0,0.0371,1233.0,10.0,31.0,167.0,43.17,41.68,41.73,42.905,46057733.0,59.1891
2015-04-21,0.0009,2480.0,20.0,74.0,2295.0,0.0745,1994.0,12.0,99.0,262.0,43.15,42.53,43.0,42.635,26013844.0,56.2627
2015-04-22,-0.0011,1631.0,49.0,39.0,1458.0,0.1221,2016.0,35.0,82.0,244.0,43.13,42.55,42.67,42.985,25064273.0,59.0866
2015-04-23,0.0008,1332.0,30.0,36.0,1159.0,0.0818,1936.0,16.0,62.0,217.0,43.61,42.8,42.89,43.34,46309530.0,61.7819
2015-04-24,0.3616,5184.0,466.0,1976.0,2515.0,0.35,3011.0,55.0,311.0,317.0,48.14,45.65,45.66,47.87,130933665.0,79.9413
2015-04-27,0.0029,921.0,19.0,45.0,826.0,0.1343,1289.0,2.0,30.0,94.0,48.13,47.22,47.23,48.03,59248172.0,80.2974
2015-04-28,0.006,2318.0,149.0,157.0,1912.0,0.089,1856.0,16.0,82.0,277.0,49.21,47.7,47.78,49.155,60730778.0,82.632
2015-04-29,0.0095,1559.0,43.0,131.0,1255.0,0.1064,1524.0,16.0,79.0,233.0,49.31,48.5,48.72,49.06,47804562.0,81.7511
2015-04-30,0.0012,9881.0,216.0,357.0,9063.0,0.0688,3437.0,31.0,223.0,835.0,49.54,48.6,48.7,48.64,64725457.0,77.8019
2015-05-01,0.0009,5063.0,45.0,157.0,4734.0,0.0595,1756.0,12.0,95.0,502.0,48.875,48.4,48.58,48.655,38937336.0,77.8431
2015-05-04,0.0,2047.0,8.0,9.0,1957.0,0.0252,1287.0,6.0,39.0,168.0,48.87,48.18,48.37,48.24,34039485.0,73.7671
2015-05-05,0.0003,3164.0,51.0,56.0,2937.0,0.0406,2080.0,14.0,82.0,399.0,48.16,47.31,47.82,47.6,50369191.0,67.8654
2015-05-06,0.0026,4861.0,40.0,247.0,4441.0,0.0698,2445.0,46.0,129.0,442.0,47.77,46.02,47.57,46.28,52433020.0,57.6252
2015-05-07,0.0018,2013.0,83.0,85.0,1766.0,0.1231,1750.0,29.0,79.0,258.0,47.085,46.16,46.27,46.7,32971654.0,59.7084
2015-05-08,0.0012,1941.0,23.0,69.0,1777.0,0.0593,1474.0,8.0,49.0,201.0,47.98,47.52,47.55,47.75,35364911.0,64.418
2015-05-11,0.0001,940.0,4.0,10.0,885.0,0.0547,985.0,3.0,24.0,77.0,47.91,47.37,47.55,47.37,24609416.0,61.6112
2015-05-12,0.0011,1280.0,15.0,42.0,1054.0,0.1191,1317.0,11.0,65.0,163.0,47.68,46.42,46.85,47.35,29928264.0,61.4595
2015-05-13,0.0056,1606.0,13.0,108.0,1392.0,0.0756,1607.0,15.0,94.0,222.0,48.32,47.57,48.19,47.625,34184613.0,62.8159
2015-05-14,0.0546,1966.0,57.0,362.0,1466.0,0.1709,1408.0,10.0,57.0,220.0,48.82,48.03,48.0301,48.72,32980892.0,67.6919
2015-05-15,0.0061,1881.0,80.0,111.0,1360.0,0.0552,1445.0,14.0,71.0,227.0,48.905,48.05,48.87,48.295,28642694.0,64.1744
2015-05-18,0.0022,777.0,10.0,38.0,680.0,0.0558,961.0,5.0,21.0,94.0,48.22,47.61,47.98,48.01,24136502.0,61.8533
2015-05-19,0.0012,1581.0,44.0,53.0,1396.0,0.0317,1547.0,11.0,53.0,231.0,47.81,47.18,47.56,47.58,28574813.0,58.4201
2015-05-20,0.0003,1847.0,28.0,33.0,1699.0,0.0414,1691.0,21.0,64.0,248.0,47.93,47.27,47.39,47.58,25047919.0,58.4201
2015-05-21,-0.0028,1195.0,67.0,28.0,1039.0,0.0785,1495.0,9.0,62.0,222.0,47.6,47.005,47.28,47.42,22410698.0,57.0535
2015-05-22,-0.0013,1302.0,50.0,33.0,1146.0,0.0382,1284.0,9.0,44.0,179.0,47.35,46.82,47.3,46.9,25720583.0,52.7358
2015-05-25,0.002,420.0,2.0,19.0,383.0,0.0334,679.0,4.0,10.0,59.0,,,,,,
2015-05-26,-0.0116,797.0,85.0,7.0,656.0,0.0725,1112.0,22.0,37.0,121.0,46.88,46.19,46.83,46.59,29581860.0,50.2923
2015-05-27,0.0011,1836.0,55.0,62.0,1642.0,0.0973,1963.0,22.0,95.0,226.0,47.77,46.62,46.82,47.61,27335639.0,57.3026
2015-05-28,0.0039,1366.0,31.0,84.0,1171.0,0.0909,1739.0,10.0,63.0,236.0,48.02,47.39,47.5,47.45,19283666.0,55.9691
2015-05-29,-0.0005,1003.0,23.0,19.0,884.0,0.0607,1420.0,10.0,46.0,179.0,47.57,46.59,47.43,46.86,36519594.0,51.2347
2015-06-01,0.0,1359.0,5.0,10.0,1267.0,0.0184,1653.0,4.0,45.0,234.0,47.77,46.62,47.06,47.23,28837332.0,53.87
2015-06-02,0.0006,3823.0,27.0,102.0,3586.0,0.0418,2156.0,13.0,86.0,397.0,47.35,46.62,46.93,46.92,21498326.0,51.3654
2015-06-03,0.0004,3102.0,25.0,66.0,2908.0,0.1062,2112.0,18.0,136.0,284.0,47.735,46.82,47.37,46.85,28002154.0,50.7911
2015-06-04,0.0014,2270.0,53.0,81.0,2052.0,0.095,1769.0,21.0,68.0,219.0,47.16,46.2,46.79,46.36,27745512.0,46.8433
2015-06-05,0.0007,1560.0,30.0,39.0,1376.0,0.0728,1321.0,10.0,58.0,225.0,46.52,45.84,46.31,46.14,25438086.0,45.1465
2015-06-08,-0.0007,721.0,15.0,12.0,535.0,0.0745,1018.0,3.0,31.0,97.0,46.43,45.67,46.3,45.73,22121634.0,42.087
2015-06-09,0.001,1444.0,28.0,32.0,939.0,0.0599,1597.0,14.0,61.0,212.0,45.94,45.46,45.76,45.65,24406057.0,41.496
2015-06-10,0.002,2012.0,40.0,84.0,1628.0,0.0813,1588.0,18.0,72.0,250.0,46.83,45.69,45.79,46.61,28417405.0,50.4811
2015-06-11,0.0005,2548.0,29.0,58.0,2207.0,0.0556,1523.0,24.0,80.0,286.0,46.92,46.13,46.66,46.44,27347758.0,49.0447
2015-06-12,0.0006,2345.0,21.0,54.0,1969.0,0.0997,1594.0,4.0,73.0,235.0,46.47,45.9,46.22,45.97,23930972.0,45.214
2015-06-15,-0.0004,738.0,12.0,7.0,580.0,0.0286,877.0,,19.0,75.0,45.65,45.0201,45.45,45.475,33254517.0,41.5346
2015-06-16,-0.0004,3999.0,74.0,35.0,3649.0,0.0329,2591.0,21.0,141.0,684.0,46.24,45.3,45.35,45.83,27070306.0,44.992
2015-06-17,0.0008,2578.0,29.0,69.0,2179.0,0.0394,1800.0,18.0,84.0,325.0,46.07,45.36,45.73,45.97,28704061.0,46.3396
2015-06-18,0.0001,6621.0,68.0,74.0,6157.0,0.1184,2446.0,24.0,164.0,464.0,46.8,46.17,46.22,46.72,32658343.0,52.9848
2015-06-19,-0.0006,2329.0,61.0,54.0,1977.0,0.0842,1711.0,16.0,78.0,267.0,46.825,45.99,46.79,46.1,63837036.0,47.7234
2015-06-22,0.0001,1403.0,11.0,17.0,1227.0,0.0201,739.0,1.0,21.0,120.0,46.72,46.16,46.33,46.23,20318055.0,48.8699
2015-06-23,0.0009,1671.0,16.0,49.0,1404.0,0.0728,1325.0,9.0,52.0,210.0,46.28,45.62,46.13,45.91,25896473.0,46.1849
2015-06-24,0.0013,1508.0,28.0,50.0,1231.0,0.0579,1505.0,19.0,53.0,199.0,46.245,45.55,45.67,45.635,34890901.0,43.9501
2015-06-25,-0.0042,2299.0,140.0,52.0,1857.0,0.0947,1710.0,6.0,83.0,262.0,46.06,45.5,46.03,45.65,20615995.0,44.109
2015-06-26,-0.0065,2193.0,160.0,57.0,1709.0,0.0406,1473.0,16.0,52.0,244.0,46.28,45.03,45.65,45.26,49835287.0,40.8658
2015-06-29,-0.0005,895.0,20.0,10.0,754.0,0.0201,956.0,7.0,20.0,86.0,45.23,44.36,45.04,44.37,34081746.0,34.6117
2015-06-30,-0.0134,4282.0,416.0,67.0,3587.0,0.1136,1781.0,21.0,123.0,309.0,44.72,43.94,44.71,44.15,35945384.0,33.2568
2015-07-01,-0.0014,2248.0,74.0,60.0,1873.0,0.1052,1443.0,10.0,92.0,250.0,45.23,44.1,44.46,44.445,28343907.0,36.8278
2015-07-02,-0.0011,1684.0,52.0,45.0,1397.0,0.1017,1232.0,5.0,61.0,167.0,44.75,44.06,44.48,44.4,21752013.0,36.5069
2015-07-03,-0.0313,2874.0,420.0,36.0,2240.0,0.0562,1460.0,10.0,64.0,253.0,,,,,,
2015-07-06,0.0005,889.0,12.0,19.0,738.0,0.0886,776.0,4.0,28.0,81.0,44.48,43.95,43.96,44.39,23033961.0,36.431
2015-07-07,-0.0011,1635.0,47.0,43.0,1401.0,0.0533,1244.0,11.0,60.0,234.0,44.49,43.32,44.34,44.3,36435827.0,35.7108
2015-07-08,-0.715,3370.0,1966.0,84.0,1248.0,0.0767,1717.0,31.0,99.0,259.0,44.9,44.03,44.44,44.24,39785901.0,35.211
2015-07-09,-0.5399,9485.0,4615.0,153.0,4319.0,0.2385,2935.0,116.0,244.0,452.0,45.22,44.5,44.75,44.52,32424672.0,39.4683
2015-07-10,-0.0387,3450.0,571.0,93.0,2691.0,0.0846,1654.0,21.0,68.0,262.0,45.14,44.57,45.01,44.61,25465757.0,40.8145
2015-07-13,-0.0019,1062.0,45.0,16.0,974.0,0.0284,1269.0,12.0,51.0,196.0,45.62,44.9501,44.975,45.54,28178329.0,52.5563
2015-07-14,0.0004,2130.0,34.0,44.0,1978.0,0.1002,2161.0,10.0,146.0,410.0,45.96,45.31,45.45,45.62,22880260.0,53.4125
2015-07-15,-0.0008,1624.0,50.0,40.0,1474.0,0.0698,1682.0,14.0,67.0,319.0,45.89,45.43,45.68,45.76,26629615.0,54.9449
2015-07-16,-0.0024,1400.0,72.0,45.0,1250.0,0.0409,1626.0,14.0,77.0,283.0,46.69,45.965,46.01,46.66,26271673.0,63.3018
2015-07-17,0.0016,1971.0,37.0,87.0,1810.0,,1431.0,14.0,67.0,219.0,46.78,46.26,46.55,46.62,29467107.0,62.7447
2015-07-20,0.0014,1156.0,29.0,44.0,1032.0,0.1086,1221.0,6.0,64.0,163.0,47.13,46.44,46.65,46.92,30631905.0,65.2169
2015-07-21,-0.0063,3386.0,241.0,183.0,2842.0,0.0966,2189.0,29.0,111.0,338.0,47.33,46.48,46.78,47.28,42781899.0,67.9641
2015-07-22,-0.6129,7642.0,3683.0,561.0,3003.0,0.2559,3802.0,141.0,188.0,285.0,46.93,45.203,45.44,45.54,59152427.0,48.1637
2015-07-23,-0.0811,4451.0,928.0,309.0,3047.0,-0.0968,3061.0,105.0,116.0,343.0,46.23,45.1,45.27,46.11,33934010.0,52.9948
2015-07-24,-0.0207,1245.0,144.0,79.0,964.0,0.0364,1539.0,17.0,50.0,225.0,46.32,45.8,45.91,45.94,32333244.0,51.4545
2015-07-27,0.0124,708.0,28.0,69.0,578.0,0.0539,1131.0,9.0,26.0,157.0,46.01,45.25,45.94,45.35,39701420.0,46.4127
2015-07-28,-0.0016,2168.0,96.0,47.0,1929.0,0.0588,1759.0,15.0,64.0,343.0,45.639,44.79,45.58,45.34,34328948.0,46.3298
2015-07-29,-0.0004,4326.0,105.0,78.0,3983.0,,3371.0,18.0,102.0,709.0,46.78,45.26,45.4,46.29,40945864.0,54.6189
2015-07-30,0.0008,3374.0,54.0,93.0,3035.0,,3023.0,22.0,137.0,741.0,47.4,45.93,46.26,46.88,39777883.0,58.8677
2015-07-31,-0.0057,3426.0,228.0,79.0,3057.0,0.047,2374.0,24.0,125.0,492.0,47.37,46.5,47.29,46.7,31201480.0,57.111
2015-08-03,0.0068,933.0,28.0,73.0,790.0,0.0533,1356.0,9.0,49.0,246.0,47.0,46.45,46.98,46.81,24125886.0,57.9371
2015-08-04,0.0052,2398.0,76.0,161.0,2093.0,0.1025,1632.0,14.0,93.0,267.0,47.71,46.68,46.75,47.54,33403916.0,63.0269
2015-08-05,0.0009,3642.0,30.0,115.0,3431.0,0.0512,2035.0,38.0,119.0,451.0,48.41,47.54,47.98,47.58,26959655.0,63.289
2015-08-06,-0.0028,2660.0,148.0,108.0,2345.0,0.0718,2001.0,15.0,114.0,403.0,47.77,46.33,47.71,46.62,27368000.0,53.4877
2015-08-07,0.0089,3286.0,102.0,319.0,2802.0,0.0234,1723.0,14.0,59.0,345.0,46.78,46.26,46.39,46.74,19163038.0,54.4376
2015-08-10,0.0322,2039.0,39.0,321.0,1609.0,0.0284,977.0,5.0,23.0,122.0,47.49,46.84,46.95,47.33,23079870.0,58.8835
2015-08-11,0.0011,2923.0,40.0,91.0,2552.0,0.051,1731.0,12.0,65.0,283.0,46.94,45.9,46.82,46.41,29237402.0,50.5933
2015-08-12,0.0004,3409.0,30.0,68.0,3210.0,0.02,1791.0,24.0,39.0,287.0,46.9,45.705,46.19,46.74,30198532.0,53.1417
2015-08-13,0.0011,3607.0,18.0,114.0,3382.0,0.0729,1440.0,16.0,64.0,210.0,47.1,46.49,47.06,46.73,22627241.0,53.0524
2015-08-14,0.0073,2322.0,23.0,187.0,1998.0,0.061,1243.0,10.0,60.0,238.0,47.1,46.52,46.53,47.0,21473402.0,55.2395
2015-08-17,-0.0434,1495.0,247.0,53.0,1082.0,0.037,946.0,3.0,29.0,110.0,47.45,46.57,46.81,47.32,21099746.0,57.7516
2015-08-18,-0.0005,3077.0,69.0,62.0,2830.0,0.0583,1208.0,18.0,55.0,200.0,47.43,46.7,46.84,47.27,23574104.0,57.2113
2015-08-19,0.0005,3511.0,77.0,81.0,3243.0,0.0197,1350.0,20.0,39.0,274.0,47.08,46.3,46.78,46.61,31485511.0,50.4958
2015-08-20,-0.0004,3482.0,76.0,62.0,3233.0,0.0571,1381.0,28.0,50.0,252.0,46.47,45.66,46.07,45.66,36238227.0,42.7223
2015-08-21,-0.0179,3591.0,435.0,46.0,2966.0,0.0233,1431.0,25.0,37.0,234.0,45.48,43.07,45.3,43.07,70053084.0,29.4235
2015-08-24,-0.0113,1768.0,152.0,65.0,1438.0,-0.0194,1111.0,16.0,13.0,104.0,43.31,39.72,40.45,41.68,88753660.0,24.937
2015-08-25,-0.0056,5690.0,368.0,50.0,5047.0,0.0371,1715.0,24.0,65.0,279.0,43.24,40.39,42.565,40.47,70616597.0,21.8182
2015-08-26,0.0005,2680.0,39.0,66.0,2425.0,0.0569,1413.0,25.0,51.0,187.0,42.84,41.06,42.01,42.71,63407996.0,37.4214
2015-08-27,0.0022,2737.0,49.0,130.0,2465.0,0.0774,1824.0,7.0,83.0,286.0,43.95,42.925,43.23,43.9,50943211.0,43.8344
2015-08-28,0.0007,2591.0,45.0,70.0,2381.0,0.0401,1289.0,21.0,41.0,192.0,44.15,43.39,43.4,43.93,28246725.0,43.9902
2015-08-31,-0.0005,1613.0,41.0,19.0,1503.0,0.1035,783.0,6.0,24.0,78.0,43.93,43.1,43.56,43.52,34441662.0,42.2644
2015-09-01,-0.0009,2258.0,75.0,50.0,2032.0,0.1282,1406.0,16.0,68.0,182.0,42.59,41.66,42.17,41.82,49688896.0,35.9639
2015-09-02,0.0002,2980.0,36.0,41.0,2771.0,0.0996,1620.0,14.0,81.0,236.0,43.38,41.88,42.36,43.36,37671518.0,44.0943
2015-09-03,0.0021,3153.0,84.0,139.0,2765.0,0.0424,1297.0,31.0,48.0,224.0,43.98,43.28,43.41,43.5,28285205.0,44.7807
2015-09-04,0.0017,2508.0,102.0,101.0,2216.0,0.0486,1096.0,9.0,53.0,222.0,43.04,42.195,42.81,42.61,37138775.0,41.3085
2015-09-07,0.0001,1305.0,7.0,11.0,1265.0,0.1107,820.0,22.0,33.0,78.0,,,,,,
2015-09-08,0.0001,2407.0,19.0,31.0,2285.0,0.0921,1260.0,14.0,42.0,127.0,44.0,43.2,43.3,43.89,32469766.0,47.6012
2015-09-09,0.0009,6218.0,18.0,198.0,5897.0,0.2538,1889.0,28.0,132.0,274.0,44.4,42.91,44.21,43.07,33469485.0,44.3227
2015-09-10,0.0002,6588.0,46.0,96.0,6239.0,0.0384,3066.0,63.0,82.0,326.0,43.79,42.745,43.12,43.29,31366630.0,45.409
2015-09-11,0.0002,3789.0,11.0,58.0,3627.0,0.0408,1814.0,23.0,56.0,238.0,43.59,42.9399,43.14,43.48,27132527.0,46.382
2015-09-14,0.0001,2818.0,10.0,23.0,2733.0,0.0149,948.0,10.0,20.0,111.0,43.44,42.86,43.43,43.04,23656048.0,44.4081
2015-09-15,0.0001,4008.0,45.0,55.0,3802.0,0.0765,1526.0,14.0,75.0,231.0,44.29,43.08,43.19,43.98,28882206.0,49.3659
2015-09-16,0.0054,2899.0,18.0,198.0,2561.0,0.3612,1565.0,16.0,113.0,184.0,44.38,43.84,43.97,44.3,23372162.0,50.969
2015-09-17,-0.0369,6097.0,976.0,136.0,4869.0,0.0858,1696.0,61.0,88.0,254.0,45.0,44.08,44.29,44.25,32768161.0,50.6989
2015-09-18,-0.004,3596.0,226.0,63.0,3221.0,0.0354,1420.0,17.0,49.0,231.0,43.99,43.33,43.5,43.48,63143684.0,46.6032
2015-09-21,-0.0042,1695.0,93.0,31.0,1375.0,,1510.0,25.0,30.0,147.0,44.47,43.6,43.62,44.11,26177224.0,50.1515
2015-09-22,0.003,5000.0,199.0,274.0,4245.0,0.0623,2166.0,16.0,83.0,301.0,44.05,43.31,43.38,43.9,28085903.0,48.983
2015-09-23,0.0047,4816.0,122.0,318.0,4071.0,0.1311,1967.0,16.0,99.0,273.0,44.17,43.51,43.93,43.87,17145238.0,48.8081
2015-09-24,0.0088,3733.0,59.0,328.0,3208.0,0.077,2424.0,21.0,75.0,243.0,44.13,43.27,43.45,43.91,27905607.0,49.0693
2015-09-25,0.0066,2364.0,37.0,191.0,2037.0,0.0538,1804.0,10.0,47.0,170.0,44.73,43.76,44.48,43.94,29384601.0,49.2783
2015-09-28,0.0002,1593.0,20.0,22.0,1481.0,0.0817,1191.0,17.0,37.0,123.0,44.085,43.205,43.83,43.29,27613785.0,44.9716
2015-09-29,-0.0019,5124.0,257.0,108.0,4643.0,0.1736,1854.0,13.0,142.0,293.0,43.57,43.05,43.37,43.44,32763557.0,46.1414
2015-09-30,0.0001,5052.0,37.0,54.0,4830.0,0.1579,2157.0,7.0,143.0,313.0,44.3,43.66,43.88,44.26,34958880.0,52.132
2015-10-01,-0.0141,7836.0,879.0,152.0,6535.0,0.1892,1811.0,25.0,156.0,313.0,44.75,43.75,44.75,44.61,28657859.0,54.4603
2015-10-02,-0.0011,4469.0,144.0,54.0,4027.0,0.1391,1706.0,19.0,117.0,277.0,45.57,43.92,44.27,45.57,41839035.0,60.1813
2015-10-05,-0.01,2389.0,222.0,31.0,2069.0,0.1202,969.0,8.0,41.0,106.0,46.89,45.7,45.745,46.63,34369286.0,65.3565
2015-10-06,-0.0006,5915.0,161.0,85.0,5566.0,0.1748,1527.0,8.0,104.0,214.0,47.175,46.22,46.33,46.75,27510808.0,65.8969
2015-10-07,0.0,25004.0,125.0,99.0,24284.0,0.1443,3975.0,38.0,371.0,896.0,47.35,45.95,47.1,46.8,27711492.0,66.1339
2015-10-08,-0.0003,6506.0,127.0,68.0,5621.0,0.0799,1912.0,15.0,98.0,310.0,47.515,46.5,46.56,47.45,33772709.0,69.1371
2015-10-09,-0.0013,4312.0,142.0,65.0,3381.0,0.107,1606.0,16.0,75.0,227.0,47.54,46.92,47.45,47.11,28600632.0,65.8478
2015-10-12,-0.0085,1823.0,113.0,21.0,1029.0,0.0948,1075.0,20.0,45.0,130.0,47.07,46.5,46.98,47.0,19769066.0,64.774
2015-10-13,0.0004,3675.0,16.0,73.0,3166.0,0.1153,1503.0,9.0,75.0,221.0,47.1299,46.56,46.56,46.89,19987816.0,63.6562
2015-10-14,0.0012,4112.0,31.0,109.0,2859.0,0.1134,1477.0,9.0,76.0,221.0,47.1,46.53,46.65,46.68,24697766.0,61.475
2015-10-15,0.0006,4101.0,47.0,80.0,2863.0,0.048,1372.0,27.0,65.0,264.0,47.03,46.53,47.01,47.01,27189370.0,63.5865
2015-10-16,0.001,2223.0,16.0,71.0,1865.0,0.0639,1665.0,21.0,73.0,264.0,47.54,46.897,47.02,47.51,26450334.0,66.5757
2015-10-19,0.0028,1404.0,9.0,58.0,988.0,0.1299,1114.0,9.0,48.0,119.0,47.88,47.02,47.42,47.62,29387581.0,67.2134
2015-10-20,-0.0024,3829.0,152.0,48.0,3075.0,0.1474,1732.0,16.0,126.0,300.0,47.81,47.02,47.44,47.77,30802235.0,68.1069
2015-10-21,0.0006,3832.0,53.0,70.0,2644.0,0.2134,2048.0,34.0,135.0,269.0,47.99,47.11,47.92,47.2,25264710.0,61.2732
2015-10-22,0.0005,6316.0,35.0,108.0,4544.0,0.1176,1827.0,17.0,119.0,308.0,48.95,47.09,47.53,48.03,56637074.0,66.5382
2015-10-23,0.2774,8255.0,408.0,2539.0,4134.0,0.5559,3233.0,47.0,348.0,341.0,54.07,52.25,52.3,52.87,135227059.0,81.9493
2015-10-26,0.001,4795.0,47.0,119.0,3464.0,0.1711,1661.0,14.0,72.0,153.0,54.32,52.5,52.53,54.25,64633324.0,84.1857
2015-10-27,0.0009,5373.0,105.0,163.0,4991.0,0.1104,1927.0,10.0,118.0,302.0,54.37,53.58,53.99,53.69,50999907.0,79.8617
2015-10-28,0.0037,1250.0,127.0,171.0,2516.0,0.0412,1557.0,19.0,49.0,248.0,53.98,52.86,53.54,53.98,47000753.0,80.4225
2015-10-29,-0.0068,3821.0,222.0,146.0,2351.0,0.0621,1708.0,7.0,83.0,314.0,53.83,53.22,53.54,53.36,30202078.0,75.5769
2015-10-30,0.002,3488.0,31.0,123.0,2662.0,0.1134,1764.0,18.0,104.0,268.0,53.99,52.62,53.32,52.64,46619761.0,70.281
2015-11-02,-0.0275,1378.0,126.0,89.0,677.0,0.0275,1002.0,5.0,19.0,106.0,53.36,52.62,52.85,53.24,30284982.0,72.0393
2015-11-03,-0.1158,3626.0,823.0,108.0,2225.0,0.1028,1749.0,13.0,74.0,205.0,54.39,52.9,52.93,54.15,36596931.0,74.5032
2015-11-04,-0.0123,4680.0,332.0,78.0,2625.0,0.0967,1872.0,11.0,76.0,213.0,54.88,54.06,54.18,54.4,37087849.0,75.1511
2015-11-05,-0.0039,4611.0,64.0,23.0,970.0,0.0576,1811.0,22.0,89.0,327.0,54.7,54.0,54.49,54.38,31468485.0,74.9869
2015-11-06,-0.002,3116.0,99.0,80.0,2065.0,0.1055,1430.0,12.0,76.0,211.0,54.98,53.964,54.085,54.92,32851204.0,76.4807
2015-11-09,-0.0119,1391.0,91.0,52.0,804.0,0.0618,957.0,5.0,24.0,90.0,54.87,53.56,54.55,54.16,32513067.0,70.1327
2015-11-10,0.0035,3762.0,40.0,200.0,3068.0,0.1509,1832.0,13.0,103.0,240.0,54.13,53.27,54.07,53.51,55283697.0,65.1519
2015-11-11,0.0002,6062.0,36.0,92.0,5272.0,0.1204,1857.0,25.0,99.0,238.0,54.2,53.46,53.7,53.65,36516260.0,65.7167
2015-11-12,0.0001,6091.0,22.0,44.0,4123.0,0.0553,2021.0,16.0,91.0,352.0,53.9791,53.19,53.48,53.32,35361095.0,63.12
2015-11-13,0.0005,3938.0,52.0,78.0,3094.0,0.0664,1931.0,13.0,90.0,315.0,53.29,52.53,53.07,52.84,36848175.0,59.4409
2015-11-16,-0.0009,1857.0,44.0,25.0,1409.0,0.0896,1137.0,10.0,49.0,142.0,53.89,52.85,53.08,53.765,32165198.0,63.8177
2015-11-17,0.0006,5328.0,60.0,103.0,3686.0,0.0832,1519.0,7.0,70.0,223.0,53.53,52.85,53.17,52.97,31551255.0,58.0224
2015-11-18,0.0023,4434.0,60.0,179.0,3329.0,0.0643,1392.0,3.0,57.0,212.0,53.98,52.9799,53.0,53.85,29710030.0,62.1227
2015-11-19,0.0008,3554.0,35.0,79.0,2490.0,0.13,1473.0,12.0,96.0,241.0,54.66,53.781,53.99,53.94,28149228.0,62.5258
2015-11-20,-0.0008,4218.0,75.0,40.0,2364.0,0.0613,1620.0,3.0,59.0,229.0,54.3,53.265,54.25,54.19,37147608.0,63.6822
2015-11-23,-0.0013,1886.0,53.0,16.0,1196.0,0.1408,1053.0,7.0,45.0,114.0,54.46,53.75,54.25,54.19,28235918.0,63.6822
2015-11-24,-0.0075,3291.0,201.0,110.0,2109.0,0.0738,1308.0,12.0,58.0,199.0,54.44,53.58,53.92,54.25,24600043.0,63.9915
2015-11-25,-0.0106,3548.0,276.0,76.0,2369.0,0.045,1348.0,28.0,46.0,202.0,54.23,53.69,54.09,53.69,21005147.0,58.946
2015-11-26,-0.0029,2704.0,106.0,71.0,1807.0,0.1136,1245.0,17.0,49.0,132.0,,,,,,
2015-11-27,-0.0014,1232.0,35.0,30.0,820.0,0.0246,911.0,3.0,14.0,82.0,54.08,53.79,53.8,53.93,9009132.0,60.3875
2015-11-30,0.0035,1470.0,17.0,65.0,1121.0,0.1463,1073.0,5.0,66.0,161.0,54.96,53.9999,54.54,54.35,56241417.0,62.8461
2015-12-01,0.0018,4245.0,90.0,135.0,2934.0,0.128,1863.0,18.0,115.0,297.0,55.23,54.3,54.41,55.22,39952779.0,67.3647
2015-12-02,0.0022,4435.0,71.0,185.0,3551.0,0.1247,1928.0,11.0,99.0,252.0,55.96,55.06,55.32,55.21,47274879.0,67.2634
2015-12-03,0.0006,4246.0,42.0,91.0,3379.0,0.0652,1891.0,47.0,79.0,294.0,55.77,53.93,55.49,54.2,38627835.0,57.8113
2015-12-04,0.0007,2947.0,31.0,62.0,2108.0,0.0527,1574.0,18.0,54.0,221.0,56.23,54.1,54.12,55.91,43963662.0,66.4161
2015-12-07,-0.0113,3002.0,238.0,22.0,1860.0,0.0467,1213.0,5.0,28.0,119.0,55.97,55.29,55.79,55.81,30709765.0,65.5738
2015-12-08,0.0047,3533.0,52.0,213.0,2624.0,0.0827,1318.0,11.0,61.0,193.0,56.1,54.99,55.47,55.79,32878026.0,65.3952
2015-12-09,0.0005,2941.0,47.0,60.0,2360.0,0.0348,1412.0,9.0,47.0,243.0,55.87,54.51,55.37,54.98,36373209.0,58.4506
2015-12-10,-0.0054,3076.0,194.0,73.0,2322.0,0.0441,1503.0,7.0,63.0,260.0,55.655,55.01,55.39,55.27,31775826.0,60.0849
2015-12-11,0.001,2428.0,22.0,71.0,1913.0,0.0357,1241.0,9.0,42.0,209.0,55.1,54.01,54.71,54.06,39549497.0,51.0603
2015-12-14,-0.0002,1621.0,18.0,6.0,1319.0,0.0873,925.0,4.0,23.0,71.0,55.21,53.68,54.33,55.14,47006491.0,57.2345
2015-12-15,0.0003,2271.0,16.0,34.0,1803.0,0.0941,1205.0,9.0,44.0,131.0,55.9,55.09,55.66,55.2,39842998.0,57.5549
2015-12-16,0.0006,2962.0,15.0,61.0,2148.0,0.0956,1334.0,7.0,58.0,169.0,56.245,54.76,55.54,56.13,37503300.0,62.2726
2015-12-17,0.0004,3733.0,57.0,63.0,2997.0,0.0674,1426.0,11.0,57.0,193.0,56.79,55.5348,56.36,55.7,41280907.0,59.0069
2015-12-18,0.0009,4307.0,24.0,82.0,2497.0,0.1139,1562.0,38.0,93.0,248.0,56.0,54.03,55.77,54.13,84684164.0,48.9194
2015-12-21,0.0208,1496.0,16.0,160.0,967.0,0.2126,766.0,3.0,32.0,58.0,55.35,54.2262,54.88,54.83,37246325.0,52.7943
2015-12-22,0.0072,4008.0,30.0,247.0,2723.0,0.1682,1278.0,12.0,84.0,178.0,55.48,54.5,54.99,55.35,28322241.0,55.4951
2015-12-23,0.0022,2387.0,26.0,81.0,1584.0,0.1091,1097.0,6.0,44.0,124.0,55.88,55.44,55.7,55.82,27279832.0,57.8429
2015-12-24,0.0013,1838.0,13.0,57.0,1302.0,0.0623,1092.0,7.0,27.0,102.0,55.96,55.43,55.86,55.67,9570002.0,56.8128
2015-12-25,0.0003,681.0,8.0,11.0,531.0,0.0164,595.0,2.0,7.0,52.0,,,,,,
2015-12-28,0.0008,764.0,10.0,20.0,574.0,0.2094,662.0,,45.0,79.0,55.95,54.98,55.35,55.95,22458293.0,58.3054
2015-12-29,0.0002,2457.0,29.0,31.0,1991.0,0.1422,991.0,6.0,54.0,124.0,56.85,56.06,56.29,56.55,27731403.0,61.3853
2015-12-30,0.0014,2016.0,4.0,67.0,1626.0,0.1588,1129.0,14.0,46.0,99.0,56.78,56.2875,56.47,56.31,21704505.0,59.4923
2015-12-31,-0.1518,5717.0,1494.0,50.0,3655.0,-0.0592,1183.0,46.0,35.0,178.0,56.19,55.42,56.04,55.48,27334061.0,53.3633
2016-01-01,-0.1166,4019.0,899.0,23.0,2524.0,-0.0285,552.0,6.0,20.0,28.0,,,,,,
2016-01-04,-0.0115,2990.0,169.0,11.0,1480.0,-0.0008,914.0,3.0,23.0,87.0,54.8,53.39,54.32,54.8,53777963.0,48.917
2016-01-05,-0.0121,5116.0,437.0,76.0,3526.0,-0.0038,2091.0,26.0,5.0,378.0,55.39,54.54,54.93,55.05,34079674.0,50.5484
2016-01-06,-0.0045,6454.0,279.0,100.0,3796.0,-0.0115,1571.0,35.0,3.0,301.0,54.4001,53.64,54.32,54.05,39518863.0,44.4355
2016-01-07,-0.0092,5592.0,425.0,39.0,3854.0,-0.0007,1447.0,9.0,1.0,281.0,53.485,52.07,52.7,52.17,56564852.0,35.6957
2016-01-08,-0.002,4685.0,128.0,71.0,2520.0,0.0,1336.0,1.0,1.0,213.0,53.28,52.15,52.37,52.33,48753969.0,36.8343
2016-01-11,-0.0028,1110.0,39.0,22.0,712.0,0.0,944.0,0.0,0.0,116.0,52.85,51.46,52.51,52.3,36943756.0,36.7031
2016-01-12,-0.0042,2989.0,179.0,57.0,2348.0,0.0001,1280.0,0.0,2.0,224.0,53.1,52.06,52.76,52.78,36095539.0,40.3642
2016-01-13,0.0005,4508.0,75.0,84.0,3434.0,-0.0052,1683.0,23.0,5.0,288.0,54.07,51.3038,53.8,51.64,66883571.0,35.1624
2016-01-14,-0.0052,3988.0,210.0,178.0,2892.0,0.0015,1561.0,14.0,16.0,340.0,53.4163,51.57,52.0,53.11,52381918.0,45.0043
2016-01-15,-0.0022,3868.0,146.0,128.0,2910.0,-0.0001,1208.0,4.0,2.0,280.0,51.97,50.34,51.31,50.99,71820697.0,36.4186
2016-01-18,-0.008,2330.0,168.0,29.0,1536.0,-0.0055,932.0,12.0,0.0,152.0,,,,,,
2016-01-19,-0.0005,2944.0,62.0,57.0,2400.0,-0.0002,1123.0,3.0,2.0,180.0,51.68,50.06,51.48,50.56,43564538.0,34.9616
2016-01-20,-0.0027,8008.0,339.0,255.0,6122.0,0.0,1614.0,0.0,2.0,394.0,51.38,49.1,49.98,50.79,63272993.0,36.4266
2016-01-21,0.0015,3745.0,77.0,108.0,2500.0,0.0,1328.0,1.0,0.0,246.0,51.58,50.3,51.0,50.48,40191157.0,35.2734
2016-01-22,0.0006,3505.0,62.0,69.0,2513.0,0.0,1346.0,1.0,2.0,258.0,52.33,51.26,51.41,52.29,37555789.0,46.0194
2016-01-25,-0.0047,2138.0,127.0,39.0,1676.0,0.0003,865.0,1.0,3.0,138.0,52.65,51.65,51.94,51.79,34707717.0,43.8535
2016-01-26,-0.0017,5931.0,216.0,26.0,4556.0,-0.0002,1280.0,5.0,4.0,327.0,52.44,51.55,51.79,52.17,28900820.0,45.9361
2016-01-27,0.0004,4459.0,36.0,72.0,3474.0,0.0005,1256.0,0.0,8.0,295.0,52.2,51.0201,52.01,51.22,36775194.0,41.7652
2016-01-28,-0.0236,4901.0,501.0,66.0,2795.0,0.0003,1306.0,4.0,7.0,308.0,52.21,51.25,51.86,52.055,62513789.0,46.3741
2016-01-29,0.3547,10050.0,729.0,3299.0,4241.0,0.1317,2507.0,55.0,159.0,362.0,55.09,54.0,54.73,55.09,83611686.0,59.0576
2016-02-01,-0.0028,4482.0,121.0,107.0,2026.0,0.001,983.0,4.0,5.0,141.0,55.09,54.495,54.88,54.71,44208542.0,57.2324
2016-02-02,0.0012,6611.0,92.0,149.0,4023.0,0.0004,1775.0,8.0,10.0,394.0,54.26,52.65,54.17,53.0,56313753.0,49.7771
2016-02-03,0.0075,8838.0,53.0,569.0,6007.0,-0.0002,1965.0,8.0,5.0,503.0,53.39,51.26,53.25,52.16,57559814.0,46.568
2016-02-04,0.0026,5612.0,67.0,235.0,4134.0,0.0003,1495.0,4.0,7.0,361.0,52.81,51.37,52.1,52.0,46987123.0,45.9602
2016-02-05,-0.002,3916.0,119.0,104.0,2663.0,-0.0004,1036.0,5.0,5.0,228.0,52.0,49.56,51.94,50.16,62008994.0,39.5648
2016-02-08,0.0026,1525.0,16.0,46.0,864.0,-0.0002,532.0,2.0,0.0,124.0,49.57,48.19,49.55,49.41,59290497.0,37.2873
2016-02-09,-0.0053,3467.0,215.0,96.0,2412.0,-0.0006,896.0,5.0,4.0,200.0,50.24,48.67,49.02,49.28,46740474.0,36.8908
2016-02-10,0.0019,2500.0,48.0,82.0,1774.0,0.0,1015.0,1.0,0.0,234.0,50.39,49.52,49.89,49.71,38236954.0,39.1936
2016-02-11,0.0043,3020.0,38.0,152.0,2312.0,-0.0004,976.0,5.0,2.0,216.0,50.11,48.51,48.68,49.69,48878571.0,39.1221
2016-02-12,0.0031,2749.0,22.0,91.0,1586.0,-0.0001,863.0,2.0,0.0,229.0,50.68,49.75,50.25,50.5,34243324.0,43.6091
2016-02-15,0.0008,1262.0,17.0,27.0,847.0,-0.0001,888.0,1.0,1.0,101.0,,,,,,
2016-02-16,-0.0238,2076.0,237.0,31.0,1428.0,0.0,929.0,1.0,0.0,179.0,51.09,50.13,50.9,51.09,37291208.0,46.6912
2016-02-17,-0.0007,1395.0,24.0,27.0,906.0,0.0001,1108.0,1.0,3.0,193.0,52.77,51.45,51.49,52.42,40788968.0,52.9359
2016-02-18,0.0004,2146.0,17.0,39.0,1730.0,0.0,1282.0,0.0,0.0,250.0,52.95,52.1,52.33,52.19,27176035.0,51.8057
2016-02-19,0.0004,2558.0,54.0,49.0,2191.0,0.0,1272.0,1.0,1.0,281.0,52.28,51.53,51.97,51.82,33559073.0,49.9579
2016-02-22,0.0004,1278.0,7.0,20.0,918.0,0.0,1080.0,0.0,0.0,150.0,53.0,52.28,52.28,52.65,25008291.0,53.9278
2016-02-23,-0.005,3312.0,234.0,25.0,2575.0,-0.0003,1578.0,6.0,1.0,294.0,52.37,50.98,52.34,51.18,28895274.0,46.8403
2016-02-24,-0.0004,3621.0,53.0,29.0,2505.0,-0.0001,1578.0,4.0,1.0,417.0,51.5,50.2,50.69,51.36,33014457.0,47.7459
2016-02-25,0.0006,5863.0,17.0,128.0,4767.0,0.0001,1262.0,3.0,3.0,254.0,52.1,50.61,51.73,52.1,26939467.0,51.4107
2016-02-26,0.0004,4809.0,13.0,79.0,3502.0,0.0001,1397.0,0.0,3.0,258.0,52.68,51.1,52.6,51.3,35975925.0,47.5298
2016-02-29,-0.0002,1828.0,17.0,17.0,1288.0,-0.0001,922.0,1.0,0.0,97.0,51.65,50.66,51.35,50.88,31654036.0,45.5842
2016-03-01,-0.0002,5044.0,62.0,55.0,3569.0,-0.0001,1500.0,3.0,2.0,354.0,52.59,50.9199,50.97,52.58,33024535.0,53.8233
2016-03-02,-0.0002,4507.0,48.0,29.0,3301.0,0.0,1854.0,2.0,1.0,391.0,52.96,52.155,52.41,52.95,29289884.0,55.4059
2016-03-03,0.0002,2433.0,15.0,24.0,1731.0,-0.0001,1302.0,2.0,0.0,221.0,52.97,51.78,52.97,52.35,24427813.0,52.277
2016-03-04,-0.0002,2601.0,29.0,19.0,1815.0,-0.0001,1663.0,3.0,0.0,366.0,52.45,51.71,52.4,52.03,33034150.0,50.6347
2016-03-07,0.0006,1120.0,14.0,22.0,819.0,-0.0001,763.0,1.0,0.0,93.0,51.8,50.58,51.56,51.03,38428816.0,45.7931
2016-03-08,-0.0002,9316.0,111.0,106.0,7631.0,0.0,1472.0,1.0,3.0,372.0,52.13,50.595,50.8,51.65,33835119.0,49.0461
2016-03-09,0.0004,4443.0,19.0,69.0,3195.0,0.0,1311.0,2.0,0.0,346.0,52.85,51.855,51.89,52.84,28251588.0,54.6692
2016-03-10,0.0001,4045.0,13.0,38.0,3143.0,-0.0001,1318.0,4.0,0.0,294.0,52.94,51.16,52.93,52.05,38387804.0,50.6714
2016-03-11,0.0004,3503.0,33.0,45.0,1945.0,-0.0003,1359.0,6.0,1.0,281.0,53.07,52.38,53.0,53.07,32275677.0,55.2242
2016-03-14,0.0002,2028.0,5.0,23.0,1503.0,0.0,947.0,0.0,0.0,116.0,53.59,52.63,52.71,53.17,24083616.0,55.6563
2016-03-15,0.0001,4850.0,17.0,31.0,2996.0,-0.0001,1513.0,5.0,2.0,420.0,53.59,52.74,52.75,53.59,21104763.0,57.511
2016-03-16,-0.0005,3875.0,72.0,29.0,2937.0,0.0,1357.0,1.0,1.0,302.0,54.6,53.4,53.45,54.35,31691742.0,60.7131
2016-03-17,0.0007,2535.0,39.0,57.0,1902.0,0.0001,1247.0,0.0,4.0,355.0,55.0,54.0,54.21,54.66,28223947.0,61.972
2016-03-18,0.0006,3201.0,21.0,68.0,2469.0,0.0001,1488.0,1.0,4.0,345.0,54.97,53.445,54.92,53.49,67625518.0,54.8307
2016-03-21,0.0004,1339.0,6.0,19.0,939.0,0.0003,837.0,2.0,3.0,134.0,53.9298,52.93,53.25,53.86,23925716.0,56.5364
2016-03-22,-0.0047,2934.0,148.0,36.0,1989.0,0.0,1313.0,1.0,2.0,235.0,54.25,53.46,53.61,54.07,23124143.0,57.517
2016-03-23,0.0005,2216.0,19.0,40.0,1441.0,-0.0001,1211.0,2.0,1.0,173.0,54.24,53.74,54.11,53.97,20129015.0,56.8591
2016-03-24,0.0017,4127.0,20.0,90.0,1983.0,-0.0001,1216.0,3.0,0.0,270.0,54.33,53.73,53.84,54.21,19949972.0,58.0978
2016-03-25,0.0015,12203.0,75.0,167.0,4090.0,-0.0002,1741.0,9.0,0.0,491.0,,,,,,
2016-03-28,0.0003,2243.0,13.0,21.0,1169.0,-0.0002,940.0,3.0,0.0,168.0,54.29,53.33,54.21,53.54,17025050.0,53.4813
2016-03-29,0.0004,4048.0,35.0,55.0,2602.0,0.0004,1651.0,4.0,6.0,231.0,54.86,53.45,53.66,54.71,23924329.0,59.5291
2016-03-30,0.0004,5226.0,41.0,54.0,2384.0,0.0002,1361.0,2.0,4.0,255.0,55.64,54.9,54.93,55.05,23008260.0,61.1113
2016-03-31,0.0001,16178.0,90.0,80.0,9131.0,0.0,2801.0,7.0,7.0,893.0,55.59,54.86,54.95,55.23,26360495.0,61.9592
2016-04-01,0.0024,9047.0,38.0,317.0,5262.0,0.0,1803.0,1.0,2.0,558.0,55.61,54.57,55.05,55.57,24399193.0,63.5748
2016-04-04,0.0003,1902.0,3.0,24.0,1302.0,0.0,712.0,0.0,0.0,157.0,55.66,55.0,55.43,55.43,18928810.0,62.3996
2016-04-05,0.0001,6220.0,22.0,44.0,4337.0,0.0001,1545.0,2.0,6.0,400.0,55.3,54.46,55.19,54.56,19272255.0,55.5303
2016-04-06,0.0002,4099.0,15.0,43.0,2598.0,0.0,1435.0,1.0,2.0,280.0,55.2,54.21,54.36,55.12,21188682.0,58.6832
2016-04-07,0.0002,3544.0,16.0,36.0,2352.0,0.0,1160.0,1.0,1.0,244.0,54.91,54.23,54.87,54.46,19225092.0,53.8384
2016-04-08,0.0002,3156.0,10.0,31.0,1919.0,0.0,1234.0,0.0,1.0,228.0,55.28,54.32,54.67,54.42,22167223.0,53.5498
2016-04-11,0.0001,1155.0,7.0,5.0,707.0,-0.0001,993.0,1.0,0.0,84.0,55.15,54.3,54.49,54.31,21414227.0,52.7131
2016-04-12,0.0001,5049.0,21.0,31.0,3328.0,0.0,1665.0,2.0,2.0,275.0,54.78,53.76,54.37,54.65,24944288.0,55.0509
2016-04-13,0.0007,3947.0,16.0,92.0,2998.0,-0.0001,1423.0,5.0,2.0,313.0,55.4375,54.89,55.12,55.35,20817961.0,59.4912
2016-04-14,0.0002,3054.0,42.0,32.0,1794.0,-0.0001,1243.0,3.0,1.0,288.0,55.575,55.07,55.22,55.36,20877108.0,59.5527
2016-04-15,-0.1553,13926.0,2521.0,33.0,5444.0,-0.0776,2198.0,135.0,4.0,424.0,55.92,55.11,55.3,55.65,28793753.0,61.3829
2016-04-18,-0.0072,1353.0,71.0,24.0,705.0,-0.0002,883.0,2.0,1.0,113.0,56.59,55.21,55.49,56.46,23785950.0,66.0091
2016-04-19,-0.0162,2883.0,249.0,62.0,1684.0,-0.007,1258.0,19.0,2.0,211.0,56.77,55.68,56.63,56.39,29596827.0,65.2813
2016-04-20,-0.0006,3180.0,55.0,53.0,2057.0,-0.0012,1371.0,10.0,2.0,257.0,56.5,55.485,56.29,55.59,36195714.0,57.4806
2016-04-21,0.0004,5216.0,72.0,99.0,4110.0,0.0007,1874.0,9.0,12.0,380.0,56.23,55.415,55.8,55.78,38909096.0,58.7416
2016-04-22,-0.3757,8053.0,2736.0,443.0,3460.0,-0.2497,2838.0,179.0,75.0,282.0,52.4297,50.77,51.91,51.78,126834091.0,35.1248
2016-04-25,-0.0088,1715.0,105.0,36.0,999.0,-0.0071,1219.0,12.0,2.0,119.0,52.13,51.63,51.78,52.11,33226948.0,37.3623
2016-04-26,0.0013,3884.0,68.0,97.0,2359.0,-0.0022,1382.0,17.0,5.0,301.0,52.35,51.09,52.26,51.44,33532636.0,34.7424
2016-04-27,-0.0034,2848.0,124.0,77.0,1902.0,-0.0005,1474.0,7.0,0.0,252.0,51.5,50.55,51.48,50.94,43369256.0,32.889
2016-04-28,-0.0005,2733.0,43.0,43.0,1829.0,-0.0004,1486.0,6.0,4.0,261.0,50.77,49.56,50.62,49.9,43134846.0,29.3783
2016-04-29,0.0003,3782.0,54.0,70.0,3032.0,-0.0009,1461.0,13.0,6.0,347.0,50.25,49.35,49.35,49.87,48411684.0,29.2812
2016-05-02,-0.003,1436.0,56.0,12.0,875.0,-0.0004,533.0,2.0,0.0,80.0,50.75,49.7799,50.0,50.61,33114539.0,34.9889
2016-05-03,0.0015,3688.0,73.0,109.0,2618.0,-0.0005,1307.0,8.0,4.0,280.0,50.41,49.6,50.34,49.78,26460244.0,31.8809
2016-05-04,0.003,3754.0,35.0,206.0,2988.0,-0.0001,1268.0,3.0,1.0,284.0,50.06,49.46,49.84,49.87,24257556.0,32.5802
2016-05-05,-0.0028,3099.0,417.0,80.0,2131.0,0.0002,1349.0,4.0,4.0,278.0,50.3,49.73,49.87,49.94,25390718.0,33.155
2016-05-06,-0.0106,3969.0,384.0,139.0,3369.0,-0.0001,1447.0,3.0,1.0,345.0,50.39,49.66,49.92,50.39,24787301.0,36.8807
2016-05-09,-0.001,1923.0,56.0,7.0,1582.0,0.0,835.0,1.0,0.0,122.0,50.585,50.0,50.49,50.07,17951598.0,35.3709
2016-05-10,0.0319,3569.0,142.0,391.0,2137.0,-0.0004,1207.0,5.0,2.0,199.0,51.1,50.19,50.33,51.02,22890966.0,42.8505
2016-05-11,0.0024,3061.0,93.0,127.0,2185.0,-0.0004,1387.0,6.0,1.0,257.0,51.78,51.0,51.13,51.05,24039140.0,43.0745
2016-05-12,-0.0023,4120.0,132.0,118.0,2168.0,0.0,1285.0,0.0,2.0,314.0,51.81,50.92,51.2,51.51,24102781.0,46.5356
2016-05-13,0.0055,2399.0,77.0,117.0,1352.0,-0.0003,1160.0,4.0,3.0,201.0,51.895,51.04,51.44,51.08,22592342.0,43.8516
2016-05-16,0.0557,1316.0,17.0,223.0,822.0,0.0001,761.0,0.0,1.0,82.0,51.96,50.75,50.8,51.83,20032017.0,49.3399
2016-05-17,0.0018,3481.0,29.0,139.0,2744.0,0.0001,1161.0,2.0,3.0,215.0,51.73,50.36,51.72,50.51,27803514.0,41.6276
2016-05-18,0.0006,5529.0,63.0,116.0,4206.0,0.0,1872.0,0.0,2.0,406.0,51.14,50.3,50.48,50.81,24907532.0,43.7785
2016-05-19,0.0001,4800.0,14.0,57.0,3698.0,0.0,2117.0,1.0,0.0,327.0,50.62,49.82,50.47,50.32,23842358.0,41.1138
2016-05-20,-0.0003,2645.0,36.0,26.0,1847.0,-0.0001,1341.0,3.0,2.0,278.0,51.22,50.4,50.48,50.62,23905769.0,43.3859
2016-05-23,0.0004,1347.0,18.0,18.0,882.0,0.0001,919.0,1.0,1.0,80.0,50.68,49.98,50.6,50.03,26118720.0,40.1082
2016-05-24,0.0283,4759.0,67.0,593.0,3010.0,0.0006,1204.0,4.0,6.0,217.0,51.71,50.4,50.7,51.59,34757944.0,50.7111
2016-05-25,-0.0545,8998.0,1154.0,295.0,4889.0,0.0004,2283.0,8.0,8.0,366.0,52.49,51.79,51.92,52.12,24204566.0,53.7095
2016-05-26,-0.071,7751.0,1262.0,183.0,4495.0,0.0001,2366.0,1.0,5.0,522.0,51.9793,51.36,51.93,51.89,24335223.0,52.2247
2016-05-27,-0.0127,10524.0,627.0,105.0,5238.0,-0.0006,2122.0,13.0,1.0,470.0,52.32,51.77,51.92,52.32,17721438.0,54.7436
2016-05-30,-0.0007,1652.0,32.0,17.0,1051.0,-0.0006,888.0,4.0,2.0,128.0,,,,,,
2016-05-31,-0.003,3444.0,141.0,37.0,2231.0,-0.0007,1074.0,6.0,1.0,214.0,53.0,52.08,52.26,53.0,37653081.0,58.4723
2016-06-01,0.0015,8639.0,119.0,284.0,6188.0,-0.0004,2082.0,13.0,3.0,511.0,52.95,52.44,52.44,52.85,25324828.0,57.3499
2016-06-02,0.001,5675.0,89.0,165.0,4268.0,-0.0005,1664.0,11.0,2.0,443.0,52.74,51.835,52.64,52.48,22840779.0,54.5672
2016-06-03,0.005,2974.0,31.0,166.0,2080.0,0.0003,1181.0,5.0,6.0,254.0,52.42,51.6,52.38,51.79,23368291.0,49.7221
2016-06-06,-0.0053,984.0,49.0,12.0,666.0,0.0,790.0,1.0,0.0,125.0,52.35,51.89,51.99,52.13,18243271.0,51.9845
2016-06-07,0.0002,2876.0,28.0,36.0,2099.0,0.0,1207.0,2.0,0.0,258.0,52.73,52.1,52.24,52.1,20866770.0,51.7631
2016-06-08,0.0009,3700.0,31.0,95.0,2652.0,0.0,1260.0,0.0,0.0,263.0,52.44,51.87,52.02,52.04,21149438.0,51.2928
2016-06-09,0.0024,3468.0,16.0,147.0,2533.0,0.0,1042.0,2.0,0.0,338.0,52.0,51.49,52.0,51.62,20305664.0,48.0044
2016-06-10,0.0012,3081.0,41.0,81.0,1889.0,-0.0001,1027.0,2.0,1.0,227.0,52.05,51.04,51.05,51.48,25833151.0,46.9245
2016-06-13,0.596,11988.0,138.0,6251.0,4925.0,0.0001,1694.0,1.0,2.0,167.0,50.715,49.06,49.58,50.14,83217844.0,38.0917
2016-06-14,0.3606,59136.0,864.0,22332.0,29226.0,0.0065,7539.0,148.0,172.0,1794.0,50.1,49.57,49.9,49.83,42577106.0,36.3853
2016-06-15,0.0273,12178.0,115.0,1331.0,7281.0,0.0011,2353.0,18.0,22.0,525.0,50.12,49.69,49.78,49.69,33757639.0,35.6095
2016-06-16,0.004,8087.0,59.0,355.0,5015.0,0.0005,1680.0,4.0,10.0,356.0,50.47,49.5068,49.52,50.39,31188605.0,42.2409
2016-06-17,0.0074,11303.0,98.0,711.0,7869.0,0.0001,1866.0,5.0,6.0,478.0,50.43,49.82,50.41,50.13,45710516.0,40.5696
2016-06-20,0.0012,2786.0,19.0,74.0,1955.0,-0.0002,970.0,3.0,1.0,162.0,50.83,50.03,50.64,50.07,35607946.0,40.1746
2016-06-21,0.0004,3722.0,45.0,61.0,2621.0,-0.0001,1456.0,3.0,2.0,294.0,51.43,50.16,50.2,51.19,34097825.0,49.9678
2016-06-22,0.0006,4384.0,25.0,93.0,2983.0,0.0001,1261.0,1.0,3.0,262.0,51.46,50.9525,51.08,50.99,28816848.0,48.4428
2016-06-23,0.0004,3644.0,15.0,58.0,2729.0,-0.0001,1317.0,3.0,1.0,266.0,52.06,51.15,51.28,51.91,29028833.0,55.2139
2016-06-24,0.0003,3914.0,37.0,67.0,2904.0,0.0,1065.0,1.0,0.0,229.0,50.94,49.52,49.81,49.83,133502985.0,41.8362
2016-06-27,0.0004,1285.0,3.0,18.0,826.0,-0.0001,653.0,1.0,1.0,100.0,49.1466,48.035,49.1,48.43,50576699.0,35.5864
2016-06-28,0.0044,5092.0,80.0,317.0,3840.0,-0.0064,1542.0,31.0,0.0,317.0,49.47,48.67,48.92,49.44,38140658.0,42.2849
2016-06-29,-0.0029,4728.0,212.0,170.0,3593.0,-0.0055,1739.0,35.0,2.0,403.0,50.72,49.8,49.91,50.54,31304021.0,48.5593
2016-06-30,0.0005,4202.0,58.0,91.0,3060.0,-0.0028,1548.0,22.0,2.0,374.0,51.3,50.5,50.72,51.17,28527781.0,51.7917
2016-07-01,0.0003,3631.0,23.0,62.0,2872.0,0.0,1114.0,1.0,0.0,242.0,51.72,51.07,51.13,51.16,21400392.0,51.7362
2016-07-04,0.0052,1748.0,53.0,109.0,1247.0,-0.0011,714.0,4.0,0.0,109.0,,,,,,
2016-07-05,0.0003,1878.0,12.0,32.0,1553.0,-0.0003,925.0,3.0,1.0,155.0,51.28,50.74,50.83,51.17,24806351.0,51.7919
2016-07-06,-0.0028,3931.0,166.0,151.0,2509.0,-0.0003,1160.0,6.0,4.0,255.0,51.54,50.39,50.78,51.38,28167461.0,53.0182
2016-07-07,-0.0019,4076.0,158.0,36.0,3010.0,0.0,1272.0,1.0,1.0,298.0,51.61,51.07,51.42,51.38,19585194.0,53.0182
2016-07-08,0.0001,4800.0,21.0,48.0,3659.0,0.0,1286.0,2.0,1.0,356.0,52.36,51.55,51.73,52.3,28391026.0,58.3957
2016-07-11,-0.0002,1405.0,17.0,10.0,1000.0,0.0001,784.0,1.0,1.0,110.0,52.83,52.47,52.5,52.59,22269203.0,59.9517
2016-07-12,-0.0158,6489.0,523.0,139.0,4211.0,0.001,1425.0,1.0,13.0,320.0,53.4,52.785,52.94,53.21,27317555.0,63.127
2016-07-13,0.0005,5021.0,38.0,109.0,3887.0,0.0006,1417.0,2.0,12.0,376.0,53.86,53.18,53.56,53.51,25356841.0,64.5899
2016-07-14,0.0005,3655.0,21.0,81.0,2656.0,0.0001,1316.0,0.0,5.0,348.0,53.99,53.58,53.84,53.74,24545520.0,65.7131
2016-07-15,-0.0002,7942.0,83.0,72.0,4752.0,-0.0019,1553.0,18.0,5.0,335.0,54.0,53.21,53.95,53.7,32024385.0,65.325
2016-07-18,0.0007,2511.0,19.0,55.0,1795.0,-0.0002,896.0,2.0,1.0,153.0,54.34,53.55,53.7,53.96,31433864.0,66.7015
2016-07-19,0.0006,4807.0,54.0,111.0,3568.0,0.0006,1526.0,7.0,12.0,408.0,53.9,52.93,53.71,53.09,53336533.0,58.3538
2016-07-20,0.3745,9792.0,604.0,3153.0,4460.0,0.1659,2617.0,50.0,159.0,328.0,56.84,55.53,56.15,55.91,89893301.0,71.0159
2016-07-21,0.051,5768.0,127.0,847.0,3531.0,0.1404,2348.0,24.0,162.0,367.0,56.23,55.76,55.98,55.8,32776653.0,70.1203
2016-07-22,0.005,2780.0,60.0,143.0,1761.0,0.0014,1099.0,5.0,8.0,191.0,56.6275,55.78,56.08,56.57,32157167.0,72.7143
2016-07-25,-0.0257,2426.0,281.0,64.0,1579.0,-0.0005,1046.0,3.0,2.0,118.0,56.74,56.255,56.47,56.73,25610587.0,73.2343
2016-07-26,0.0033,5803.0,150.0,296.0,4615.0,-0.0002,1568.0,5.0,2.0,255.0,57.29,56.51,56.52,56.76,28078995.0,73.3369
2016-07-27,0.0008,2879.0,45.0,73.0,2035.0,-0.0003,1374.0,5.0,1.0,247.0,56.8,56.11,56.61,56.19,32327477.0,68.0031
2016-07-28,0.0058,3830.0,78.0,179.0,2156.0,-0.0002,1259.0,4.0,1.0,252.0,56.37,55.72,56.0,56.21,37550411.0,68.0908
2016-07-29,-0.1966,4758.0,1261.0,78.0,2529.0,-0.0017,1999.0,15.0,2.0,327.0,56.76,56.05,56.26,56.68,30558718.0,70.1605
2016-08-01,-0.0016,1825.0,56.0,51.0,1310.0,0.0009,975.0,0.0,4.0,99.0,56.75,56.14,56.6,56.58,26003419.0,69.1331
2016-08-02,0.0089,3763.0,72.0,295.0,2685.0,0.0002,1844.0,5.0,5.0,308.0,56.9,56.31,56.85,56.58,35121958.0,69.1331
2016-08-03,0.0059,4082.0,26.0,219.0,2669.0,0.0001,1690.0,3.0,4.0,303.0,57.11,56.49,56.68,56.97,22075616.0,71.0506
2016-08-04,-0.0014,3845.0,99.0,102.0,2552.0,0.0002,1288.0,3.0,4.0,233.0,57.5193,56.67,56.8,57.39,26587749.0,72.9961
2016-08-05,0.0127,3715.0,27.0,350.0,2845.0,0.0014,1711.0,8.0,10.0,228.0,58.21,57.45,57.65,57.96,29335221.0,75.4113
2016-08-08,-0.0093,1217.0,92.0,59.0,744.0,0.0001,737.0,0.0,1.0,81.0,58.085,57.78,58.055,58.06,19473499.0,75.8199
2016-08-09,0.0006,2281.0,34.0,51.0,1739.0,-0.0001,1044.0,2.0,1.0,161.0,58.5,58.02,58.17,58.2,16920721.0,76.4109
2016-08-10,0.0004,2482.0,25.0,50.0,2007.0,0.0008,1094.0,0.0,6.0,190.0,58.32,57.82,58.16,58.02,15756913.0,73.9097
2016-08-11,0.0002,2734.0,21.0,33.0,1768.0,0.0,1032.0,1.0,1.0,200.0,58.45,58.03,58.03,58.3,18162301.0,75.266
2016-08-12,0.0002,3816.0,21.0,60.0,3296.0,0.0002,1274.0,1.0,4.0,261.0,58.19,57.62,58.03,57.94,21655161.0,70.2121
2016-08-15,0.0004,1647.0,5.0,33.0,1288.0,0.0,783.0,0.0,0.0,82.0,58.5,57.96,58.01,58.12,19283902.0,71.2515
2016-08-16,-0.0016,3955.0,164.0,143.0,3868.0,0.0004,1507.0,3.0,6.0,267.0,57.62,57.27,57.61,57.44,20523493.0,62.3939
2016-08-17,0.0027,4129.0,85.0,194.0,3192.0,0.0,1631.0,0.0,2.0,359.0,57.68,57.23,57.54,57.56,18856423.0,63.2619
2016-08-18,0.0018,3713.0,52.0,108.0,2096.0,0.0,1266.0,1.0,2.0,248.0,57.7,57.27,57.42,57.6,14214341.0,63.5638
2016-08-19,0.0001,3641.0,24.0,38.0,2700.0,-0.0001,1090.0,2.0,1.0,206.0,57.73,57.2,57.43,57.62,17271044.0,63.7243
2016-08-22,0.0002,1265.0,12.0,17.0,946.0,-0.0001,771.0,1.0,0.0,96.0,57.75,57.26,57.6,57.67,15221922.0,64.1495
2016-08-23,0.0014,4352.0,29.0,139.0,3309.0,0.0,1567.0,0.0,1.0,305.0,58.18,57.85,57.9,57.89,18732373.0,66.0358
2016-08-24,0.0005,3560.0,23.0,55.0,2062.0,0.0004,1271.0,3.0,6.0,269.0,58.04,57.715,57.8,57.95,18151506.0,66.5527
2016-08-25,-0.0002,2642.0,30.0,27.0,1874.0,0.0,969.0,1.0,1.0,188.0,58.29,57.78,57.88,58.17,18552579.0,68.4487
2016-08-26,0.0002,2435.0,28.0,34.0,1743.0,0.0,895.0,1.0,0.0,159.0,58.7,57.69,58.28,58.03,20971202.0,65.889
2016-08-29,0.001,1453.0,17.0,40.0,1045.0,0.0,681.0,0.0,0.0,75.0,58.6,58.1,58.18,58.1,16417207.0,66.5623
2016-08-30,0.0018,3662.0,67.0,138.0,2787.0,0.0007,1030.0,2.0,6.0,190.0,58.19,57.61,57.98,57.89,16930185.0,62.572
2016-08-31,0.0001,2488.0,15.0,23.0,1805.0,0.0001,1369.0,0.0,2.0,217.0,57.8,57.3,57.65,57.46,20860269.0,55.2661
2016-09-01,-0.0004,2593.0,50.0,32.0,1980.0,-0.0001,1141.0,2.0,1.0,192.0,57.82,57.01,57.01,57.59,26075363.0,56.9044
2016-09-02,-0.0008,2171.0,50.0,26.0,1583.0,0.0001,1055.0,1.0,2.0,174.0,58.19,57.42,57.67,57.67,18900489.0,57.9256
2016-09-05,-0.0028,930.0,31.0,25.0,536.0,-0.0096,613.0,7.0,1.0,61.0,,,,,,
2016-09-06,-0.0002,1216.0,12.0,13.0,782.0,-0.0064,765.0,7.0,4.0,76.0,57.8,57.21,57.78,57.61,16278416.0,56.8378
2016-09-07,-0.0004,3707.0,59.0,61.0,2714.0,-0.0006,1275.0,6.0,3.0,229.0,57.84,57.405,57.47,57.66,17493359.0,57.5531
2016-09-08,0.0001,3084.0,20.0,35.0,2215.0,0.0,1575.0,0.0,2.0,270.0,57.79,57.18,57.63,57.43,20146083.0,53.1863
2016-09-09,-0.0002,3114.0,39.0,23.0,2083.0,0.0,1184.0,0.0,1.0,195.0,57.52,56.21,56.79,56.21,35113934.0,37.1044
2016-09-12,-0.0003,1166.0,17.0,10.0,766.0,0.0,688.0,0.0,0.0,53.0,57.205,55.61,56.0,57.05,29302962.0,48.6232
2016-09-13,0.0006,3194.0,9.0,66.0,2121.0,0.0,1071.0,2.0,1.0,224.0,56.65,56.05,56.5,56.53,30130213.0,43.3326
2016-09-14,0.0003,3609.0,46.0,51.0,2386.0,0.0,1259.0,1.0,0.0,235.0,56.63,56.03,56.39,56.26,24274273.0,40.8473
2016-09-15,0.0004,2989.0,35.0,42.0,1925.0,0.0,1231.0,0.0,1.0,258.0,57.35,55.98,56.15,57.19,27062614.0,51.2242
2016-09-16,0.0014,3113.0,37.0,86.0,1975.0,0.0001,1005.0,1.0,2.0,193.0,57.63,56.75,57.63,57.25,44606965.0,51.8116
2016-09-19,-0.0199,1381.0,102.0,10.0,741.0,0.0001,852.0,0.0,2.0,148.0,57.75,56.85,57.27,56.93,20937104.0,48.46
2016-09-20,-0.0128,3290.0,247.0,33.0,1944.0,0.0,1165.0,2.0,2.0,222.0,57.35,56.75,57.35,56.81,17383982.0,47.2262
2016-09-21,0.1397,5730.0,59.0,1272.0,3087.0,0.1037,1845.0,2.0,110.0,308.0,57.85,57.08,57.51,57.76,33707272.0,56.6381
2016-09-22,0.0059,3462.0,90.0,202.0,2360.0,0.0123,1624.0,6.0,35.0,292.0,58.0,57.63,57.92,57.82,19822203.0,57.1578
2016-09-23,-0.0027,2836.0,127.0,73.0,2047.0,0.0004,1238.0,5.0,6.0,247.0,57.91,57.38,57.87,57.43,19955336.0,52.7337
2016-09-26,0.0002,2476.0,18.0,29.0,1651.0,0.0001,855.0,0.0,1.0,85.0,57.14,56.83,57.08,56.9,21688720.0,47.368
2016-09-27,0.0002,10780.0,70.0,143.0,7852.0,0.0,2124.0,3.0,4.0,533.0,58.06,56.681,56.93,57.95,28065071.0,56.7558
2016-09-28,0.0004,4870.0,67.0,99.0,3473.0,0.0001,1683.0,3.0,4.0,361.0,58.06,57.67,57.88,58.03,20536400.0,57.3796
2016-09-29,0.0004,4428.0,31.0,60.0,2424.0,0.0001,1407.0,1.0,3.0,294.0,58.1679,57.21,57.81,57.4,25463536.0,51.1255
2016-09-30,0.0002,7344.0,68.0,85.0,4687.0,-0.0002,1750.0,7.0,2.0,411.0,57.77,57.34,57.57,57.6,29910788.0,52.8813
2016-10-03,0.0424,2083.0,23.0,308.0,1290.0,0.0001,711.0,0.0,1.0,98.0,57.55,57.06,57.405,57.42,19189515.0,51.102
2016-10-04,-0.0071,4135.0,279.0,170.0,3091.0,-0.0017,1425.0,14.0,3.0,298.0,57.595,56.97,57.27,57.24,20085874.0,49.315
2016-10-05,0.0008,3455.0,52.0,91.0,2648.0,-0.0001,2313.0,3.0,1.0,274.0,57.9601,57.26,57.29,57.64,16726411.0,53.2291
2016-10-06,0.0005,2728.0,48.0,53.0,1987.0,0.0003,1637.0,4.0,5.0,262.0,57.86,57.28,57.74,57.74,16212611.0,54.1817
2016-10-07,0.0007,2615.0,51.0,51.0,1771.0,0.0,1011.0,1.0,1.0,171.0,57.98,57.42,57.85,57.8,20089020.0,54.7768
2016-10-10,0.0003,1370.0,18.0,21.0,949.0,0.0,654.0,0.0,0.0,67.0,58.39,57.87,57.91,58.04,18196509.0,57.1732
2016-10-11,0.0014,2792.0,26.0,105.0,2238.0,0.0001,1120.0,1.0,2.0,180.0,58.02,56.89,57.89,57.19,26497418.0,47.5608
2016-10-12,0.0007,3541.0,42.0,89.0,2715.0,-0.0002,1246.0,3.0,2.0,213.0,57.27,56.4,57.11,57.11,22177464.0,46.7638
2016-10-13,0.001,2656.0,27.0,67.0,1671.0,0.0,1226.0,1.0,1.0,194.0,57.3,56.315,56.7,56.92,25313748.0,44.8421
2016-10-14,0.0007,2190.0,16.0,58.0,1627.0,0.0,1063.0,1.0,1.0,199.0,57.74,57.12,57.12,57.42,27402451.0,50.5958
2016-10-17,0.0028,1375.0,12.0,51.0,843.0,0.0001,793.0,0.0,1.0,67.0,57.46,56.87,57.36,57.22,23830014.0,48.4201
2016-10-18,-0.0005,2730.0,49.0,48.0,1881.0,-0.0039,1129.0,13.0,4.0,208.0,57.945,57.41,57.53,57.66,19149538.0,53.1893
2016-10-19,0.0001,5432.0,59.0,55.0,3851.0,-0.0007,1706.0,10.0,7.0,346.0,57.84,57.395,57.47,57.53,22878397.0,51.6692
2016-10-20,0.0006,3764.0,32.0,85.0,2446.0,0.0007,1343.0,4.0,8.0,247.0,57.52,56.66,57.5,57.25,49455612.0,48.457
2016-10-21,0.5648,9080.0,380.0,3690.0,3656.0,0.2697,2530.0,39.0,184.0,276.0,60.45,59.485,60.28,59.66,80032206.0,67.3004
2016-10-24,0.0597,3328.0,380.0,423.0,1574.0,0.004,1043.0,4.0,7.0,99.0,61.0,59.93,59.94,61.0,54066978.0,73.1731
2016-10-25,0.0384,5459.0,285.0,714.0,2974.0,0.0039,1502.0,4.0,20.0,259.0,61.3699,60.8,60.85,60.99,35137164.0,73.0676
2016-10-26,0.0014,5466.0,144.0,202.0,4053.0,0.0009,1309.0,0.0,10.0,282.0,61.2,60.47,60.81,60.63,29911608.0,69.2009
2016-10-27,-0.0006,18567.0,416.0,336.0,14105.0,-0.0007,3036.0,28.0,3.0,831.0,60.83,60.09,60.61,60.1,28479856.0,63.8442
2016-10-28,0.0089,5739.0,217.0,413.0,4014.0,0.0009,1860.0,4.0,11.0,330.0,60.52,59.58,60.01,59.87,33574684.0,61.6151
2016-10-31,0.0003,3034.0,17.0,56.0,2604.0,-0.0014,874.0,4.0,0.0,84.0,60.42,59.92,60.16,59.92,26434697.0,61.9263
2016-11-01,-0.0004,6048.0,132.0,60.0,5095.0,0.0005,1268.0,2.0,7.0,273.0,60.02,59.25,59.97,59.8,24532986.0,60.6553
2016-11-02,-0.4124,8343.0,3500.0,74.0,3880.0,-0.0001,1712.0,6.0,4.0,406.0,59.93,59.3,59.82,59.43,22147005.0,56.7853
2016-11-03,-0.0139,7287.0,532.0,39.0,4006.0,0.0,1761.0,3.0,3.0,431.0,59.64,59.11,59.53,59.21,21600427.0,54.5564
2016-11-04,0.0019,3656.0,108.0,118.0,2278.0,-0.0003,1405.0,5.0,3.0,224.0,59.28,58.52,58.65,58.71,28697016.0,49.7745
2016-11-07,0.0007,1950.0,33.0,38.0,1258.0,-0.0008,919.0,3.0,0.0,93.0,60.52,59.78,59.78,60.42,31664798.0,62.0316
2016-11-08,0.0011,3093.0,18.0,87.0,2191.0,-0.0037,1203.0,13.0,2.0,194.0,60.78,60.15,60.55,60.47,22935355.0,62.3211
2016-11-09,0.0004,2600.0,24.0,46.0,1989.0,0.0,1061.0,0.0,0.0,199.0,60.59,59.2,60.0,60.17,49632479.0,59.3944
2016-11-10,0.0004,3104.0,41.0,50.0,1860.0,-0.0004,1264.0,5.0,1.0,203.0,60.49,57.6302,60.48,58.7,57822394.0,47.5989
2016-11-11,-0.0033,3998.0,206.0,71.0,2870.0,-0.0112,1544.0,26.0,0.0,228.0,59.116,58.01,58.23,59.02,38767843.0,49.93
2016-11-14,0.0006,1396.0,14.0,31.0,960.0,-0.0056,886.0,6.0,0.0,73.0,59.08,57.28,59.02,58.12,41328422.0,44.0012
2016-11-15,-0.0035,3360.0,173.0,88.0,2410.0,-0.0017,1776.0,14.0,4.0,303.0,59.49,58.315,58.33,58.87,35904126.0,49.394
2016-11-16,0.0015,5088.0,20.0,186.0,3887.0,-0.0002,1763.0,6.0,4.0,341.0,59.66,58.81,58.94,59.65,27332475.0,54.3208
2016-11-17,0.0012,4736.0,23.0,121.0,2906.0,0.0002,2061.0,3.0,5.0,344.0,60.95,59.965,60.41,60.64,32132728.0,59.6856
2016-11-18,0.0053,3579.0,65.0,172.0,2141.0,0.0008,1450.0,5.0,9.0,262.0,61.14,60.3,60.78,60.35,27686311.0,57.5533
2016-11-21,-0.0011,2468.0,67.0,60.0,1825.0,-0.0003,904.0,2.0,0.0,99.0,60.97,60.42,60.5,60.86,19652595.0,60.2433
2016-11-22,0.0014,4093.0,79.0,148.0,3203.0,0.0001,1325.0,1.0,2.0,226.0,61.26,60.805,60.98,61.12,23206700.0,61.58
2016-11-23,0.0006,2722.0,36.0,62.0,2045.0,0.0001,1143.0,3.0,3.0,238.0,61.1,60.25,61.01,60.4,21848913.0,55.968
2016-11-24,0.001,2929.0,58.0,70.0,1742.0,0.0029,1372.0,2.0,17.0,246.0,,,,,,
2016-11-25,-0.0164,1455.0,147.0,30.0,909.0,0.002,918.0,0.0,6.0,105.0,60.53,60.13,60.3,60.53,8409616.0,56.7346
2016-11-28,-0.0012,1393.0,39.0,31.0,963.0,0.0,744.0,0.0,0.0,74.0,61.02,60.21,60.34,60.61,20732619.0,57.2282
2016-11-29,0.0004,2650.0,30.0,58.0,1898.0,0.0001,1081.0,0.0,2.0,167.0,61.41,60.52,60.65,61.09,22366721.0,60.1645
2016-11-30,0.0009,2478.0,37.0,72.0,1825.0,0.0001,1131.0,0.0,2.0,201.0,61.18,60.215,60.86,60.26,34655435.0,53.3449
2016-12-01,0.0004,2156.0,36.0,45.0,1654.0,0.0001,1221.0,1.0,3.0,193.0,60.15,58.935,60.11,59.2,34542121.0,46.1503
2016-12-02,0.0001,3085.0,42.0,45.0,2496.0,0.0001,1303.0,1.0,3.0,203.0,59.47,58.8,59.08,59.25,25515665.0,46.5167
2016-12-05,0.004,1410.0,9.0,66.0,984.0,-0.0001,782.0,1.0,0.0,94.0,60.585,59.56,59.7,60.22,23552658.0,53.1736
2016-12-06,0.0002,4276.0,21.0,51.0,2259.0,0.0,1506.0,1.0,1.0,250.0,60.46,59.8,60.43,59.95,19907035.0,51.2611
2016-12-07,0.0086,4647.0,16.0,319.0,2924.0,0.0019,1828.0,2.0,15.0,276.0,61.38,59.8,60.01,61.37,30808969.0,59.5097
2016-12-08,0.0005,4610.0,18.0,108.0,3460.0,0.0,1625.0,0.0,2.0,314.0,61.58,60.84,61.3,61.01,21220753.0,56.8814
2016-12-09,0.0049,5398.0,32.0,306.0,3851.0,-0.0001,1576.0,4.0,1.0,326.0,61.99,61.125,61.18,61.97,27349356.0,61.7348
2016-12-12,0.0008,2272.0,17.0,48.0,1419.0,0.0,1060.0,1.0,0.0,109.0,62.3,61.72,61.82,62.17,20198081.0,62.6774
2016-12-13,0.0018,4558.0,36.0,175.0,3470.0,0.0002,1649.0,0.0,6.0,370.0,63.42,62.24,62.5,62.98,35718868.0,66.298
2016-12-14,0.001,5012.0,35.0,157.0,3624.0,0.0,1910.0,0.0,1.0,412.0,63.45,62.53,63.0,62.68,30352654.0,63.8283
2016-12-15,0.0005,3772.0,30.0,78.0,2845.0,0.0001,2091.0,3.0,4.0,291.0,63.1535,62.3,62.7,62.58,27669868.0,62.986
2016-12-16,0.0012,2345.0,14.0,75.0,1720.0,-0.0005,1178.0,4.0,1.0,175.0,62.95,62.115,62.95,62.3,42453083.0,60.5756
2016-12-19,-0.0048,1357.0,70.0,17.0,834.0,0.0002,707.0,1.0,1.0,61.0,63.77,62.42,62.56,63.62,34338219.0,66.9892
2016-12-20,0.0027,2431.0,16.0,118.0,1602.0,-0.0002,973.0,2.0,2.0,137.0,63.8,63.025,63.69,63.54,26028379.0,66.2854
2016-12-21,0.001,2833.0,21.0,61.0,1538.0,0.0001,969.0,2.0,2.0,157.0,63.7,63.12,63.43,63.54,17096304.0,66.2854
2016-12-22,0.0012,2313.0,32.0,65.0,1446.0,0.0004,1018.0,3.0,3.0,133.0,64.1,63.405,63.84,63.55,22176585.0,66.3367
2016-12-23,-0.0006,2004.0,36.0,46.0,1317.0,0.001,722.0,3.0,4.0,106.0,63.54,62.8,63.45,63.24,12403819.0,63.1314
2016-12-26,0.001,654.0,8.0,16.0,436.0,0.0,477.0,0.0,0.0,26.0,,,,,,
2016-12-27,0.0013,933.0,12.0,28.0,626.0,0.0002,643.0,0.0,1.0,71.0,64.07,63.21,63.21,63.28,11763173.0,63.3773
2016-12-28,0.0013,1861.0,23.0,67.0,1379.0,0.0004,721.0,0.0,2.0,78.0,63.4,62.83,63.4,62.99,14653348.0,60.2405
2016-12-29,0.0013,1839.0,13.0,54.0,1273.0,-0.0007,916.0,4.0,2.0,126.0,63.2,62.73,62.86,62.9,10250582.0,59.2602
2016-12-30,-0.0005,2156.0,38.0,36.0,1463.0,-0.0015,861.0,5.0,3.0,108.0,62.99,62.03,62.96,62.14,25579908.0,51.6211
2017-01-02,0.0028,884.0,9.0,33.0,569.0,-0.0329,437.0,19.0,15.0,96.0,,,,,,
2017-01-03,0.0034,1438.0,14.0,60.0,861.0,0.0649,890.0,2.0,26.0,94.0,62.84,62.125,62.79,62.58,20694101.0,55.2201
2017-01-04,0.0006,2242.0,27.0,48.0,1515.0,0.1774,1065.0,7.0,53.0,113.0,62.75,62.12,62.48,62.3,21339969.0,52.5414
2017-01-05,0.0011,2196.0,14.0,72.0,1692.0,0.0609,947.0,9.0,28.0,107.0,62.66,62.03,62.19,62.3,24875968.0,52.5414
2017-01-06,0.0002,2518.0,22.0,44.0,1850.0,0.1586,1008.0,2.0,50.0,111.0,63.15,62.04,62.3,62.84,19922919.0,57.1867
2017-01-09,0.0003,1357.0,17.0,19.0,846.0,0.062,1012.0,17.0,29.0,110.0,63.08,62.54,62.76,62.64,20382730.0,55.038
2017-01-10,0.001,2941.0,44.0,84.0,2088.0,0.1097,1401.0,9.0,75.0,206.0,63.07,62.28,62.73,62.62,18593004.0,54.8162
2017-01-11,-0.0011,2978.0,82.0,46.0,2179.0,0.098,1398.0,27.0,87.0,252.0,63.23,62.43,62.61,63.19,21517335.0,59.7899
2017-01-12,-0.0173,3220.0,314.0,24.0,2074.0,0.0801,1321.0,39.0,45.0,163.0,63.4,61.95,63.06,62.61,20968223.0,53.3541
2017-01-13,-0.0015,2363.0,72.0,29.0,1601.0,-0.1158,1339.0,49.0,37.0,146.0,62.865,62.35,62.62,62.7,19422310.0,54.1783
2017-01-16,-0.0114,1597.0,113.0,20.0,1046.0,0.1038,889.0,7.0,27.0,71.0,,,,,,
2017-01-17,-0.0016,2858.0,96.0,27.0,2151.0,0.0324,1382.0,5.0,53.0,265.0,62.7,62.03,62.68,62.53,20663983.0,52.2985
2017-01-18,-0.0081,3466.0,219.0,156.0,2254.0,0.0607,1398.0,17.0,70.0,273.0,62.7,62.12,62.67,62.5,19670102.0,51.9559
2017-01-19,0.0012,3122.0,71.0,89.0,2079.0,0.0758,1290.0,11.0,59.0,200.0,62.98,62.195,62.24,62.3,18451655.0,49.6221
2017-01-20,-0.0008,2451.0,52.0,60.0,1702.0,0.0525,1097.0,10.0,50.0,195.0,62.82,62.37,62.67,62.74,30213462.0,54.4677
2017-01-23,-0.0019,1288.0,39.0,33.0,802.0,0.0735,707.0,6.0,17.0,59.0,63.1159,62.57,62.7,62.96,23097581.0,56.7098
2017-01-24,0.0017,2891.0,41.0,128.0,2308.0,0.128,1180.0,57.0,89.0,217.0,63.735,62.94,63.2,63.52,24672940.0,61.8584
2017-01-25,0.0004,4758.0,30.0,87.0,3498.0,0.0428,1484.0,38.0,71.0,310.0,64.1,63.45,63.95,63.68,24654933.0,63.2049
2017-01-26,0.0283,3447.0,61.0,435.0,2309.0,0.1064,1211.0,10.0,61.0,191.0,64.535,63.55,64.12,64.27,43554645.0,67.729
2017-01-27,0.3326,6443.0,194.0,2049.0,3190.0,0.7345,2211.0,31.0,364.0,223.0,65.91,64.89,65.39,65.78,44817972.0,75.8971
2017-01-30,0.0131,2549.0,53.0,173.0,1401.0,0.2135,1240.0,5.0,62.0,117.0,65.79,64.8,65.69,65.13,31651445.0,67.9268
2017-01-31,0.0481,4884.0,176.0,479.0,2133.0,0.079,1964.0,39.0,87.0,275.0,65.15,64.26,64.86,64.65,25270549.0,62.6913
2017-02-01,0.002,3198.0,95.0,114.0,2206.0,-0.0019,1337.0,11.0,2.0,219.0,64.62,63.47,64.355,63.58,39671528.0,52.9025
2017-02-02,-0.0107,2815.0,181.0,127.0,1744.0,0.0018,1220.0,6.0,9.0,182.0,63.41,62.75,63.25,63.17,45827013.0,49.7002
2017-02-03,0.0011,3838.0,51.0,80.0,1804.0,-0.0003,1593.0,5.0,2.0,246.0,63.7,63.07,63.5,63.68,30301759.0,53.473
2017-02-06,0.0022,1827.0,30.0,66.0,1096.0,-0.0066,1453.0,9.0,4.0,96.0,63.65,63.14,63.5,63.64,19796360.0,53.1363
2017-02-07,-0.0012,3343.0,76.0,59.0,1799.0,0.0003,2283.0,3.0,4.0,203.0,63.78,63.23,63.74,63.43,20277226.0,51.31
2017-02-08,-0.0009,2837.0,54.0,45.0,1630.0,0.0001,1460.0,1.0,2.0,203.0,63.81,63.22,63.57,63.34,18096358.0,50.5088
2017-02-09,0.0003,3322.0,54.0,65.0,2659.0,-0.0026,1322.0,12.0,2.0,186.0,64.435,63.32,63.52,64.06,22644443.0,56.3775
2017-02-10,-0.005,3062.0,172.0,58.0,2181.0,-0.0392,1264.0,48.0,0.0,208.0,64.3,63.975,64.25,64.0,18170729.0,55.7839
2017-02-13,0.0006,1082.0,13.0,25.0,715.0,-0.0025,793.0,3.0,0.0,50.0,64.86,64.13,64.24,64.72,22920101.0,61.08
2017-02-14,0.0007,2388.0,21.0,69.0,1864.0,-0.0001,1151.0,2.0,1.0,162.0,64.72,64.02,64.41,64.57,23108426.0,59.4815
2017-02-15,-0.0003,3537.0,57.0,23.0,2608.0,-0.0001,1334.0,2.0,2.0,242.0,64.57,64.155,64.5,64.53,17005157.0,59.0378
2017-02-16,0.0005,3316.0,26.0,71.0,2590.0,-0.0002,1419.0,4.0,3.0,249.0,65.24,64.44,64.74,64.52,20546345.0,58.9195
2017-02-17,0.0205,4341.0,62.0,484.0,3028.0,-0.0009,1259.0,10.0,5.0,279.0,64.69,64.3,64.47,64.62,21248818.0,59.7875
2017-02-20,0.0008,1916.0,30.0,48.0,1465.0,0.0,952.0,0.0,0.0,197.0,,,,,,
2017-02-21,0.0003,3049.0,34.0,57.0,2485.0,0.0,1359.0,2.0,0.0,281.0,64.95,64.45,64.61,64.49,20655869.0,58.0698
2017-02-22,-0.0017,3276.0,118.0,40.0,2640.0,0.0,1484.0,2.0,1.0,345.0,64.39,64.05,64.33,64.36,19292651.0,56.327
2017-02-23,0.0004,2926.0,53.0,55.0,2272.0,0.0,1143.0,1.0,1.0,230.0,64.7285,64.195,64.42,64.62,20273128.0,58.9786
2017-02-24,0.0007,1378.0,11.0,35.0,1080.0,0.0,1091.0,0.0,1.0,171.0,64.8,64.135,64.53,64.62,21796800.0,58.9786
2017-02-27,0.0002,1486.0,7.0,21.0,1189.0,0.0,1047.0,0.0,0.0,96.0,64.54,64.045,64.54,64.23,15871507.0,53.3442
2017-02-28,-0.0068,2934.0,182.0,33.0,2088.0,-0.0001,1230.0,2.0,1.0,232.0,64.2,63.76,64.08,63.98,23239825.0,50.0438
2017-03-01,-0.0246,2873.0,343.0,32.0,1964.0,-0.0005,1378.0,6.0,0.0,243.0,64.99,64.0218,64.13,64.94,26937459.0,60.2214
2017-03-02,-0.0019,2783.0,112.0,58.0,2203.0,-0.0001,1506.0,3.0,1.0,249.0,64.75,63.88,64.69,64.01,24539597.0,49.6653
2017-03-03,0.0102,2169.0,83.0,181.0,1552.0,0.0,1176.0,1.0,0.0,182.0,64.28,63.62,63.99,64.25,18139405.0,52.0035
2017-03-06,-0.0007,871.0,19.0,20.0,600.0,-0.0001,741.0,1.0,0.0,69.0,64.56,63.81,63.97,64.27,18750255.0,52.2027
2017-03-07,-0.0064,2654.0,174.0,41.0,1897.0,0.0001,1118.0,0.0,2.0,156.0,64.775,64.19,64.19,64.4,18520987.0,53.5525
2017-03-08,-0.0133,5824.0,423.0,38.0,3178.0,-0.0001,2147.0,3.0,2.0,270.0,65.085,64.25,64.26,64.99,21510907.0,59.1858
2017-03-09,-0.0004,6571.0,90.0,71.0,4288.0,0.0002,2034.0,2.0,5.0,305.0,65.2,64.48,65.19,64.73,19846832.0,55.9646
2017-03-10,-0.0036,2879.0,134.0,47.0,1974.0,0.0004,1641.0,2.0,5.0,229.0,65.26,64.75,65.11,64.93,19538245.0,57.8643
2017-03-13,-0.0029,1156.0,51.0,26.0,747.0,-0.0002,780.0,1.0,0.0,67.0,65.195,64.57,65.01,64.71,20100035.0,55.0509
2017-03-14,-0.0012,2035.0,65.0,31.0,1505.0,0.0001,1095.0,2.0,2.0,161.0,64.55,64.15,64.53,64.41,14280202.0,51.3821
2017-03-15,0.0,4019.0,24.0,28.0,2907.0,0.0,1526.0,0.0,2.0,299.0,64.92,64.25,64.55,64.75,24833810.0,55.0392
2017-03-16,0.0003,3445.0,9.0,62.0,2415.0,0.0001,1279.0,2.0,2.0,188.0,64.76,64.3,64.75,64.64,20674296.0,53.6336
2017-03-17,-0.0057,2727.0,145.0,37.0,1929.0,-0.0002,1332.0,3.0,1.0,184.0,65.24,64.68,64.91,64.87,49219686.0,56.155
2017-03-20,0.0005,1091.0,16.0,25.0,710.0,0.0007,670.0,0.0,2.0,54.0,65.175,64.72,64.91,64.93,14598083.0,56.8147
2017-03-21,0.0004,2716.0,20.0,51.0,2087.0,0.001,1840.0,1.0,9.0,235.0,65.5,64.13,65.19,64.21,26640480.0,47.5653
2017-03-22,-0.0016,3273.0,114.0,38.0,2334.0,-0.0031,1505.0,17.0,0.0,280.0,65.14,64.12,64.12,65.03,20680015.0,56.2925
2017-03-23,0.001,2893.0,37.0,74.0,2042.0,-0.0028,1364.0,12.0,1.0,192.0,65.235,64.765,64.94,64.87,19269203.0,54.3902
2017-03-24,-0.0004,2596.0,44.0,25.0,2006.0,-0.0001,1249.0,2.0,0.0,171.0,65.45,64.76,65.12,64.98,22617105.0,55.5035
2017-03-27,-0.0089,1211.0,81.0,22.0,856.0,-0.0081,793.0,7.0,1.0,75.0,65.22,64.35,64.63,65.1,18614662.0,56.7439
2017-03-28,-0.003,2545.0,112.0,23.0,1986.0,-0.0079,1224.0,17.0,0.0,185.0,65.47,64.65,64.96,65.29,20080358.0,58.7067
2017-03-29,0.0001,2376.0,21.0,27.0,1827.0,-0.001,1140.0,5.0,0.0,149.0,65.5,64.9475,65.12,65.47,13618424.0,60.5338
2017-03-30,0.0002,2632.0,15.0,31.0,2003.0,0.0,1587.0,0.0,0.0,264.0,65.98,65.36,65.42,65.71,15122823.0,62.8914
2017-03-31,0.0003,3997.0,17.0,57.0,2361.0,0.0,1369.0,1.0,1.0,246.0,66.19,65.45,65.65,65.86,21040331.0,64.3258
2017-04-03,-0.0004,1791.0,20.0,8.0,820.0,0.0329,688.0,0.0,0.0,0.0,65.94,65.19,65.81,65.55,20400871.0,59.2303
2017-04-04,-0.0007,3174.0,53.0,39.0,1926.0,0.0741,1101.0,0.0,0.0,0.0,65.81,65.28,65.39,65.73,12997449.0,61.1544
2017-04-05,0.0003,2778.0,17.0,38.0,1888.0,0.0959,1227.0,0.0,0.0,0.0,66.35,65.4443,66.3,65.56,21448594.0,58.3533
2017-04-06,0.0002,3462.0,16.0,55.0,2698.0,0.0397,1380.0,0.0,0.0,0.0,66.055,65.48,65.6,65.73,18103453.0,60.3111
2017-04-07,0.0002,4120.0,19.0,59.0,3097.0,0.0408,1514.0,0.0,0.0,0.0,65.96,65.44,65.85,65.68,14108533.0,59.4262
2017-04-10,0.0863,2334.0,17.0,432.0,1450.0,0.1638,995.0,0.0,0.0,0.0,65.82,65.36,65.61,65.53,17952742.0,56.7369
2017-04-11,0.0109,5493.0,125.0,418.0,3762.0,0.1482,1669.0,0.0,0.0,0.0,65.61,64.85,65.6,65.48,18791533.0,55.83
2017-04-12,0.0017,4210.0,97.0,146.0,3086.0,0.0276,1601.0,0.0,0.0,0.0,65.51,65.11,65.42,65.23,17108513.0,51.4052
2017-04-13,0.0003,4164.0,44.0,67.0,3105.0,0.0312,1296.0,0.0,0.0,0.0,65.86,64.95,65.29,64.95,17896483.0,46.9201
2017-04-14,0.0002,3165.0,22.0,39.0,2533.0,0.0661,1012.0,0.0,0.0,0.0,,,,,,
2017-04-17,-0.1291,1906.0,444.0,20.0,1088.0,0.0462,785.0,0.0,0.0,0.0,65.49,65.01,65.04,65.48,16689265.0,54.9352
2017-04-18,-0.0022,2529.0,96.0,51.0,1874.0,0.059,1045.0,0.0,0.0,0.0,65.71,65.16,65.33,65.39,15155611.0,53.459
2017-04-19,0.0011,3404.0,92.0,90.0,2382.0,0.054,1420.0,0.0,0.0,0.0,65.75,64.89,65.65,65.04,26992771.0,48.0512
2017-04-20,-0.0006,3676.0,67.0,34.0,2279.0,0.0291,1444.0,0.0,0.0,0.0,65.75,65.14,65.46,65.5,22299477.0,54.5575
2017-04-21,0.0006,3693.0,45.0,90.0,2952.0,0.0519,1440.0,0.0,0.0,0.0,66.7,65.45,65.67,66.4,32522645.0,64.0456
2017-04-24,0.0004,1715.0,23.0,28.0,1294.0,0.3089,885.0,0.0,0.0,0.0,67.66,67.1,67.48,67.53,29769976.0,71.9614
2017-04-25,0.0008,4031.0,31.0,115.0,3116.0,0.2178,1430.0,0.0,0.0,0.0,68.04,67.6,67.9,67.92,30242730.0,74.0823
2017-04-26,-0.0028,2954.0,117.0,87.0,2180.0,0.0671,1244.0,0.0,0.0,0.0,68.31,67.62,68.08,67.83,26190770.0,72.7154
2017-04-27,-0.0345,5663.0,744.0,124.0,4111.0,0.1795,1441.0,0.0,0.0,0.0,68.38,67.58,68.15,68.27,34970953.0,75.1312
2017-04-28,-0.1319,8008.0,1570.0,1007.0,4050.0,0.5825,2676.0,0.0,0.0,0.0,69.14,67.69,68.91,68.46,39548818.0,76.1147
2017-05-01,-0.0221,2277.0,195.0,137.0,1154.0,0.1035,540.0,0.0,0.0,0.0,69.55,68.5,68.68,69.41,31954362.0,80.3081
2017-05-02,0.0014,3406.0,65.0,114.0,2512.0,0.0765,1264.0,0.0,0.0,0.0,69.71,69.13,69.71,69.3,23906119.0,78.5877
2017-05-03,0.0002,10435.0,93.0,151.0,7839.0,0.0702,2551.0,0.0,0.0,0.0,69.38,68.71,69.38,69.08,28927973.0,75.1214
2017-05-04,0.0004,4302.0,38.0,82.0,3192.0,0.0667,1513.0,0.0,0.0,0.0,69.08,68.64,69.03,68.81,21749409.0,70.9834
2017-05-05,0.0002,3673.0,30.0,41.0,2620.0,0.0928,1294.0,0.0,0.0,0.0,69.03,68.485,68.9,69.0,19128782.0,72.1462
2017-05-08,0.0028,2120.0,7.0,103.0,1620.0,0.0475,920.0,0.0,0.0,0.0,69.05,68.42,68.97,68.94,18566087.0,71.1762
2017-05-09,0.0006,4481.0,58.0,109.0,3643.0,0.0689,1476.0,0.0,0.0,0.0,69.28,68.68,68.86,69.04,22858414.0,71.8554
2017-05-10,-0.0165,5414.0,504.0,62.0,3307.0,0.0312,1680.0,0.0,0.0,0.0,69.56,68.92,68.99,69.31,17977830.0,73.66
2017-05-11,-0.0001,9341.0,91.0,79.0,6745.0,0.1118,2238.0,0.0,0.0,0.0,68.73,68.12,68.36,68.46,28789413.0,60.5068
2017-05-12,-0.0008,8716.0,203.0,55.0,5870.0,0.058,2417.0,0.0,0.0,0.0,68.61,68.04,68.61,68.38,18714123.0,59.4311
2017-05-15,-0.5079,17341.0,6962.0,16.0,5723.0,0.0522,3549.0,0.0,0.0,0.0,68.48,67.57,68.14,68.43,31530301.0,59.9108
2017-05-16,-0.2802,9655.0,2736.0,54.0,3810.0,0.0331,3144.0,0.0,0.0,0.0,69.44,68.16,68.23,69.41,34956038.0,67.9178
2017-05-17,-0.01,4001.0,319.0,103.0,2671.0,0.0322,2123.0,0.0,0.0,0.0,69.1,67.43,68.89,67.48,30548781.0,47.7084
2017-05-18,-0.0013,2998.0,100.0,80.0,2211.0,0.0516,1782.0,0.0,0.0,0.0,68.13,67.14,67.4,67.71,25201274.0,49.6318
2017-05-19,-0.0002,4222.0,61.0,49.0,3494.0,0.0893,1671.0,0.0,0.0,0.0,68.095,67.43,67.5,67.69,26961119.0,49.4615
2017-05-22,-0.0008,1625.0,35.0,25.0,947.0,0.0745,993.0,0.0,0.0,0.0,68.5,67.5,67.89,68.45,16237550.0,55.6866
2017-05-23,0.0005,3321.0,37.0,66.0,2507.0,0.0798,1636.0,0.0,0.0,0.0,68.75,68.38,68.72,68.68,15425824.0,57.3968
2017-05-24,0.0148,4944.0,45.0,535.0,3511.0,0.0767,1923.0,0.0,0.0,0.0,68.88,68.45,68.87,68.77,14666865.0,58.0787
2017-05-25,0.0034,3271.0,35.0,161.0,2297.0,0.044,1567.0,0.0,0.0,0.0,69.88,68.91,68.97,69.62,21854095.0,63.9471
2017-05-26,0.0005,3060.0,43.0,58.0,2027.0,0.0631,1407.0,0.0,0.0,0.0,70.22,69.52,69.8,69.96,19827923.0,65.9975
2017-05-29,0.0203,1197.0,32.0,104.0,614.0,0.1895,642.0,0.0,0.0,0.0,,,,,,
2017-05-30,0.0023,1541.0,19.0,56.0,952.0,0.082,763.0,0.0,0.0,0.0,70.41,69.77,69.79,70.41,17072838.0,68.5472
2017-05-31,0.0007,2720.0,29.0,54.0,1662.0,0.1541,1598.0,0.0,0.0,0.0,70.74,69.81,70.53,69.84,30436364.0,62.1864
2017-06-01,0.0006,3370.0,21.0,65.0,2187.0,-0.0001,1805.0,1.0,0.0,69.0,70.61,69.451,70.24,70.1,21603601.0,63.8349
2017-06-02,-0.0006,4415.0,106.0,77.0,3390.0,0.0,2108.0,1.0,2.0,321.0,71.86,70.24,70.44,71.76,34770261.0,72.1754
2017-06-05,0.0007,1110.0,5.0,28.0,763.0,-0.0022,946.0,4.0,0.0,66.0,72.89,71.81,71.97,72.28,33316760.0,74.184
2017-06-06,-0.0007,3102.0,74.0,68.0,2122.0,-0.0009,1954.0,7.0,4.0,214.0,72.62,72.27,72.3,72.52,31511065.0,75.0781
2017-06-07,-0.0011,2871.0,93.0,34.0,2171.0,-0.0369,1622.0,42.0,1.0,203.0,72.77,71.95,72.635,72.39,22301765.0,73.5913
2017-06-08,0.0003,2630.0,31.0,44.0,1862.0,-0.001,1326.0,6.0,0.0,177.0,72.52,71.5,72.51,71.95,24588270.0,68.6366
2017-06-09,0.0013,3058.0,21.0,97.0,2250.0,-0.0001,1422.0,2.0,0.0,223.0,72.08,68.59,72.035,70.32,49187396.0,54.1043
2017-06-12,0.0001,5143.0,27.0,30.0,3514.0,0.0,2753.0,1.0,2.0,551.0,69.94,68.13,69.25,69.78,47761743.0,50.3044
2017-06-13,0.0004,5043.0,71.0,93.0,4005.0,-0.0131,2776.0,51.0,2.0,401.0,70.82,69.96,70.02,70.65,25258614.0,55.7024
2017-06-14,-0.0023,4689.0,205.0,64.0,3663.0,-0.0009,2130.0,11.0,4.0,341.0,71.1,69.43,70.91,70.27,25510685.0,52.9947
2017-06-15,-0.0009,3929.0,76.0,64.0,2172.0,-0.0002,1658.0,4.0,2.0,272.0,70.21,68.8,69.27,69.9,26068709.0,50.4245
2017-06-16,0.0006,3501.0,21.0,71.0,2243.0,-0.0003,1854.0,5.0,2.0,302.0,70.0252,69.22,69.73,70.0,48345085.0,51.1146
2017-06-19,-0.0014,1555.0,46.0,13.0,1026.0,0.0009,1182.0,0.0,2.0,66.0,70.945,70.35,70.5,70.87,23798268.0,56.7545
2017-06-20,0.0026,4042.0,26.0,141.0,2393.0,0.0035,1820.0,2.0,16.0,230.0,70.87,69.87,70.82,69.91,21512231.0,49.9117
2017-06-21,0.0002,4132.0,36.0,57.0,2722.0,-0.001,1529.0,8.0,0.0,229.0,70.62,69.94,70.21,70.27,19891051.0,52.2373
2017-06-22,-0.0018,3517.0,105.0,44.0,2071.0,-0.0025,1352.0,10.0,2.0,166.0,70.59,69.71,70.54,70.26,22965738.0,52.1649
2017-06-23,-0.0007,2980.0,52.0,54.0,1671.0,-0.0013,1267.0,8.0,5.0,191.0,71.25,69.92,70.09,71.21,27617291.0,58.1093
2017-06-26,-0.0002,1629.0,18.0,12.0,1155.0,-0.0008,1138.0,3.0,0.0,90.0,71.71,70.445,71.4,70.53,19606974.0,53.0295
2017-06-27,-0.0226,3438.0,343.0,43.0,1816.0,-0.0004,1793.0,5.0,0.0,204.0,70.18,69.18,70.11,69.21,25215128.0,44.8358
2017-06-28,0.0013,3998.0,83.0,99.0,2183.0,-0.0004,2428.0,6.0,5.0,279.0,69.841,68.79,69.21,69.8,25806200.0,48.6546
2017-06-29,-0.0008,3981.0,82.0,74.0,2622.0,-0.0042,1956.0,16.0,3.0,215.0,69.49,68.09,69.38,68.49,28918715.0,41.7447
2017-06-30,0.0002,3712.0,45.0,58.0,2702.0,-0.0016,1906.0,10.0,2.0,215.0,69.38,68.74,68.78,68.93,24161068.0,44.5911
2017-07-03,-0.1353,1690.0,345.0,35.0,849.0,0.0018,1157.0,1.0,6.0,126.0,69.6,68.02,69.33,68.17,16165538.0,40.8759
2017-07-04,-0.0523,3385.0,568.0,70.0,2181.0,0.0092,1772.0,19.0,28.0,238.0,,,,,,
2017-07-05,-0.0159,2044.0,158.0,29.0,1192.0,-0.0115,1298.0,13.0,4.0,102.0,69.44,68.22,68.255,69.08,21176272.0,46.6116
2017-07-06,-0.0019,2472.0,95.0,39.0,1850.0,0.0002,1691.0,1.0,3.0,174.0,68.78,68.12,68.27,68.57,21117572.0,44.0334
2017-07-07,-0.638,6303.0,2973.0,81.0,2116.0,-0.0099,1932.0,33.0,28.0,313.0,69.84,68.7,68.7,69.46,16878317.0,49.3034
2017-07-10,-0.0027,1238.0,55.0,15.0,888.0,-0.0013,784.0,2.0,1.0,53.0,70.25,69.2,69.46,69.98,15014503.0,52.139
2017-07-11,-0.0003,6043.0,98.0,63.0,4781.0,0.0,1823.0,2.0,2.0,358.0,70.68,69.75,70.0,69.99,17460022.0,52.1944
2017-07-12,-0.0003,5697.0,72.0,44.0,3713.0,-0.0002,1881.0,6.0,1.0,389.0,71.28,70.55,70.69,71.15,17750925.0,58.2317
2017-07-13,0.0006,5033.0,52.0,89.0,2727.0,-0.0008,1897.0,11.0,3.0,318.0,72.0399,71.31,71.5,71.77,20269816.0,61.0622
2017-07-14,0.0006,3168.0,29.0,84.0,2203.0,-0.0002,1640.0,4.0,4.0,247.0,73.27,71.96,72.24,72.78,25868086.0,65.1994
2017-07-17,0.0007,1363.0,18.0,31.0,873.0,0.0001,1078.0,0.0,1.0,75.0,73.45,72.72,72.8,73.35,21803907.0,67.3104
2017-07-18,0.001,2986.0,45.0,95.0,2038.0,0.0022,1581.0,5.0,10.0,179.0,73.39,72.66,73.09,73.3,26435296.0,66.9269
2017-07-19,-0.0006,3054.0,63.0,69.0,2178.0,0.0008,1660.0,6.0,7.0,193.0,74.04,73.45,73.5,73.86,22416222.0,69.0536
2017-07-20,0.0018,3942.0,86.0,177.0,2840.0,0.0003,1698.0,1.0,5.0,243.0,74.3,73.28,74.18,74.22,42361025.0,70.3726
2017-07-21,0.3273,8664.0,256.0,2356.0,3601.0,0.4,2824.0,22.0,193.0,221.0,74.29,73.17,73.45,73.79,46717082.0,66.715
2017-07-24,0.0019,2306.0,52.0,71.0,1372.0,0.0031,1215.0,1.0,7.0,110.0,73.75,73.13,73.53,73.6,21394826.0,65.1048
2017-07-25,0.0019,18380.0,86.0,173.0,3243.0,0.0004,2612.0,3.0,11.0,472.0,74.31,73.5,73.8,74.19,22018681.0,67.7109
2017-07-26,0.0032,13764.0,31.0,149.0,2143.0,0.0002,1928.0,2.0,4.0,291.0,74.38,73.81,74.34,74.05,16252233.0,66.4429
2017-07-27,0.0007,6373.0,47.0,117.0,3581.0,0.0003,1750.0,0.0,4.0,195.0,74.42,72.32,73.76,73.16,36844220.0,58.8923
2017-07-28,0.0007,3540.0,46.0,74.0,2316.0,0.0057,2471.0,18.0,30.0,357.0,73.31,72.54,72.67,73.04,18306680.0,57.9363
2017-07-31,0.0006,1349.0,10.0,23.0,855.0,0.0018,936.0,1.0,3.0,62.0,73.44,72.41,73.3,72.7,23600054.0,55.2021
2017-08-01,0.0005,2832.0,41.0,64.0,2106.0,-0.0003,1228.0,3.0,3.0,152.0,73.42,72.49,73.1,72.58,20823890.0,54.2293
2017-08-02,0.0017,2716.0,20.0,98.0,1916.0,0.0001,1393.0,2.0,2.0,213.0,72.56,71.445,72.55,72.26,26499158.0,51.6172
2017-08-03,0.001,2944.0,21.0,78.0,2068.0,-0.0001,1642.0,3.0,2.0,252.0,72.44,71.845,72.19,72.15,18214424.0,50.7129
2017-08-04,0.0005,2938.0,23.0,55.0,2069.0,0.0034,1385.0,2.0,11.0,158.0,73.04,72.24,72.4,72.68,22578952.0,54.8199
2017-08-07,0.0021,1179.0,14.0,47.0,788.0,-0.0014,793.0,3.0,0.0,58.0,72.9,72.26,72.8,72.4,18705681.0,52.3386
2017-08-08,0.0003,2541.0,27.0,39.0,1745.0,0.0002,1312.0,2.0,3.0,174.0,73.13,71.75,72.09,72.79,22044587.0,55.3688
2017-08-09,0.0021,2797.0,26.0,117.0,1930.0,0.0001,1390.0,0.0,2.0,188.0,72.51,72.05,72.25,72.47,22213410.0,52.4237
2017-08-10,-0.0008,2654.0,62.0,52.0,1984.0,-0.0195,1207.0,21.0,2.0,130.0,72.19,71.35,71.9,71.41,24734461.0,44.0628
2017-08-11,-0.002,4796.0,178.0,56.0,3714.0,-0.0078,1543.0,29.0,1.0,298.0,72.7,71.28,71.61,72.5,21443675.0,52.4593
2017-08-14,-0.0023,1277.0,46.0,30.0,927.0,0.0017,830.0,2.0,3.0,65.0,73.72,72.95,73.06,73.59,20096592.0,59.0749
2017-08-15,0.0009,2876.0,66.0,73.0,2196.0,-0.0015,1581.0,9.0,6.0,210.0,73.59,73.04,73.59,73.22,19181402.0,56.2152
2017-08-16,0.026,4239.0,103.0,443.0,2273.0,0.0003,1472.0,0.0,6.0,245.0,74.1,73.17,73.34,73.65,18150402.0,58.7164
2017-08-17,0.0008,3385.0,29.0,80.0,2348.0,-0.0001,1224.0,2.0,2.0,187.0,73.87,72.4,73.58,72.4,22977519.0,49.8089
2017-08-18,0.0005,2493.0,24.0,47.0,1837.0,-0.0001,1284.0,2.0,2.0,179.0,72.84,71.93,72.27,72.49,18761491.0,50.3924
2017-08-21,0.0003,1987.0,17.0,25.0,1351.0,0.0,1383.0,0.0,0.0,215.0,72.48,71.7,72.47,72.15,17734767.0,48.1165
2017-08-22,-0.0001,2474.0,23.0,18.0,1584.0,0.0002,1501.0,1.0,3.0,204.0,73.24,72.35,72.35,73.16,14343674.0,54.6664
2017-08-23,-0.0015,3711.0,122.0,29.0,2664.0,0.0001,1595.0,1.0,3.0,280.0,73.15,72.53,72.96,72.72,13766507.0,51.6097
2017-08-24,0.0004,3439.0,27.0,69.0,2552.0,0.0005,1381.0,3.0,5.0,195.0,72.86,72.07,72.74,72.69,17098282.0,51.3987
2017-08-25,0.0003,2533.0,23.0,34.0,1779.0,-0.0001,1317.0,2.0,1.0,161.0,73.35,72.48,72.86,72.82,12794301.0,52.3087
2017-08-28,0.0021,1264.0,3.0,36.0,729.0,0.0,814.0,0.0,0.0,42.0,73.09,72.55,73.06,72.83,14569715.0,52.3826
2017-08-29,0.0007,2668.0,34.0,50.0,1738.0,0.0,1258.0,1.0,0.0,221.0,73.16,72.05,72.25,73.05,11478382.0,54.0679
2017-08-30,0.0002,3571.0,23.0,47.0,2900.0,0.0004,1287.0,1.0,4.0,180.0,74.2099,72.8293,73.01,74.01,16897801.0,60.6182
2017-08-31,0.0002,5506.0,45.0,76.0,4356.0,0.0001,1847.0,1.0,3.0,279.0,74.96,73.8,74.03,74.77,27652811.0,64.8872
2017-09-01,0.0006,3764.0,29.0,71.0,2655.0,0.0007,1523.0,0.0,6.0,213.0,74.74,73.64,74.71,73.94,21736161.0,57.55
2017-09-04,-0.0004,1227.0,19.0,9.0,804.0,0.0,972.0,0.0,0.0,78.0,,,,,,
2017-09-05,0.0003,1356.0,6.0,19.0,962.0,0.0,1214.0,0.0,0.0,87.0,73.89,72.98,73.34,73.61,22242384.0,54.8923
2017-09-06,0.0001,9340.0,67.0,61.0,7838.0,-0.0002,1866.0,4.0,0.0,242.0,74.04,73.35,73.74,73.4,16535785.0,53.2084
2017-09-07,-0.0015,5779.0,190.0,46.0,4181.0,-0.0005,1495.0,5.0,0.0,189.0,74.6,73.6,73.68,74.34,17471200.0,59.2365
2017-09-08,-0.026,3819.0,437.0,69.0,2289.0,0.0,1428.0,0.0,1.0,197.0,74.44,73.84,74.33,73.98,14703816.0,56.2478
2017-09-11,0.0011,1426.0,41.0,39.0,1109.0,-0.0003,893.0,1.0,0.0,55.0,74.945,74.31,74.31,74.76,17910383.0,60.856
2017-09-12,0.0009,2399.0,20.0,60.0,1703.0,0.0009,1234.0,0.0,4.0,116.0,75.24,74.37,74.76,74.68,14394850.0,60.1562
2017-09-13,-0.0025,2614.0,116.0,59.0,1910.0,-0.0001,1298.0,2.0,0.0,177.0,75.23,74.55,74.93,75.21,13380802.0,63.1774
2017-09-14,0.0059,2325.0,29.0,151.0,1625.0,0.0001,1241.0,1.0,2.0,146.0,75.49,74.52,75.0,74.77,15733914.0,59.1664
2017-09-15,0.0036,2699.0,18.0,127.0,1783.0,0.0001,1221.0,0.0,2.0,168.0,75.39,74.07,74.83,75.31,38578441.0,62.3275
2017-09-18,0.0009,1017.0,14.0,23.0,633.0,0.0001,994.0,0.0,1.0,62.0,75.97,75.04,75.23,75.16,23306959.0,60.9168
2017-09-19,-0.0006,3623.0,81.0,69.0,2781.0,-0.0002,1518.0,4.0,4.0,220.0,75.71,75.01,75.21,75.44,16093344.0,62.6177
2017-09-20,0.0005,2939.0,17.0,55.0,2221.0,0.0012,1757.0,2.0,11.0,266.0,75.55,74.31,75.35,74.94,21587878.0,57.7818
2017-09-21,0.0008,2467.0,18.0,60.0,1900.0,0.0003,1702.0,3.0,6.0,319.0,75.24,74.11,75.11,74.21,19186140.0,51.5252
2017-09-22,0.0006,2188.0,14.0,45.0,1548.0,0.0,1486.0,1.0,0.0,240.0,74.51,73.85,73.99,74.41,14111365.0,53.0259
2017-09-25,0.0009,1390.0,21.0,25.0,709.0,0.0,969.0,0.0,0.0,72.0,74.25,72.92,74.09,73.26,24149163.0,44.4959
2017-09-26,0.0,8042.0,31.0,43.0,5915.0,0.0001,2455.0,4.0,5.0,569.0,73.81,72.99,73.67,73.26,18019577.0,44.4959
2017-09-27,0.0001,4855.0,11.0,39.0,3982.0,0.0009,2054.0,1.0,13.0,367.0,74.17,73.17,73.55,73.85,19565135.0,49.3444
2017-09-28,0.0002,3798.0,8.0,43.0,3035.0,0.0005,1726.0,0.0,7.0,308.0,73.97,73.31,73.54,73.87,10883787.0,49.5055
2017-09-29,0.0001,2753.0,14.0,25.0,1963.0,0.0002,1309.0,0.0,3.0,186.0,74.535,73.88,73.94,74.49,17079114.0,54.35
2017-10-02,0.0005,1524.0,4.0,25.0,1005.0,0.0003,645.0,0.0,1.0,58.0,75.01,74.295,74.71,74.61,15304762.0,55.2451
2017-10-03,0.0001,3113.0,21.0,17.0,2109.0,0.0,1054.0,1.0,0.0,183.0,74.88,74.195,74.67,74.26,12190403.0,52.0403
2017-10-04,0.0001,3972.0,15.0,36.0,2908.0,0.0,1400.0,2.0,1.0,318.0,74.72,73.71,74.0,74.69,13317681.0,55.4589
2017-10-05,0.0004,2581.0,7.0,36.0,1772.0,0.0005,1246.0,3.0,5.0,183.0,76.12,74.96,75.22,75.97,21195261.0,63.7437
2017-10-06,0.0024,2801.0,15.0,113.0,2003.0,0.0041,1296.0,1.0,18.0,243.0,76.03,75.54,75.67,76.0,13959814.0,63.9131
2017-10-09,0.0001,1634.0,13.0,16.0,1298.0,-0.0001,1115.0,1.0,0.0,124.0,76.55,75.86,75.97,76.29,11386502.0,65.5872
2017-10-10,-0.0003,4197.0,65.0,63.0,3262.0,-0.0001,1731.0,4.0,3.0,354.0,76.63,76.14,76.33,76.29,13944545.0,65.5872
2017-10-11,-0.0002,3101.0,38.0,31.0,2465.0,0.0,1760.0,2.0,2.0,282.0,76.46,75.95,76.36,76.42,15388898.0,66.3976
2017-10-12,-0.0002,2538.0,36.0,27.0,1976.0,-0.0003,1499.0,4.0,1.0,207.0,77.29,76.37,76.49,77.12,16876538.0,70.4349
2017-10-13,-0.0005,2917.0,50.0,35.0,2101.0,0.0006,1389.0,1.0,6.0,199.0,77.87,77.29,77.59,77.49,15335742.0,72.3276
2017-10-16,-0.0008,1772.0,32.0,28.0,966.0,0.0009,926.0,0.0,3.0,90.0,77.81,77.35,77.42,77.65,12380093.0,73.1286
2017-10-17,-0.008,6067.0,416.0,32.0,3992.0,-0.0068,1984.0,34.0,4.0,355.0,77.62,77.25,77.47,77.59,16823989.0,72.2836
2017-10-18,-0.0026,5566.0,214.0,26.0,3796.0,-0.0004,2179.0,10.0,2.0,436.0,77.85,77.37,77.67,77.61,13300701.0,72.3981
2017-10-19,-0.0016,3592.0,129.0,30.0,2848.0,-0.0011,1533.0,8.0,2.0,216.0,77.93,77.35,77.57,77.91,15092758.0,74.1248
2017-10-20,0.011,3430.0,206.0,238.0,1943.0,-0.0012,1546.0,10.0,5.0,238.0,78.97,78.22,78.32,78.81,22866426.0,78.4752
2017-10-23,0.0011,1423.0,29.0,31.0,861.0,-0.0001,1029.0,1.0,0.0,74.0,79.34,78.76,78.99,78.83,20627173.0,78.5615
2017-10-24,-0.0905,3588.0,599.0,70.0,1842.0,-0.0278,1584.0,46.0,7.0,260.0,79.2,78.46,78.9,78.86,17517182.0,78.6994
2017-10-25,-0.0123,3253.0,250.0,49.0,2215.0,-0.0281,1508.0,32.0,7.0,179.0,79.1,78.01,78.58,78.63,20410808.0,74.7308
2017-10-26,-0.0012,3291.0,77.0,76.0,2089.0,-0.0002,1820.0,5.0,5.0,279.0,79.42,78.75,79.2,78.76,32120717.0,75.4833
2017-10-27,0.236,5732.0,82.0,1403.0,2526.0,0.2256,3164.0,34.0,147.0,254.0,86.2,83.61,84.37,83.81,71066729.0,89.0836
2017-10-30,0.0229,1249.0,19.0,125.0,768.0,0.0445,1212.0,2.0,11.0,45.0,84.325,83.105,83.7,83.89,31756653.0,89.186
2017-10-31,0.0127,3220.0,79.0,301.0,2267.0,0.0046,1652.0,8.0,15.0,186.0,84.36,83.11,84.36,83.18,27086575.0,81.8516
2017-11-01,0.0101,3674.0,39.0,299.0,2758.0,-0.0012,1625.0,11.0,9.0,285.0,83.76,82.88,83.68,83.18,22307371.0,81.8516
2017-11-02,0.0168,5833.0,91.0,644.0,4466.0,0.0004,1626.0,2.0,5.0,226.0,84.46,83.12,83.35,84.05,23992945.0,83.7507
2017-11-03,0.003,3741.0,36.0,184.0,2907.0,0.0018,1313.0,3.0,10.0,206.0,84.54,83.4,84.08,84.14,17633543.0,83.9379
2017-11-06,0.0193,4333.0,133.0,510.0,3011.0,-0.0003,1017.0,1.0,0.0,54.0,84.7,84.0825,84.2,84.47,19860852.0,84.6369
2017-11-07,0.001,6644.0,21.0,217.0,5735.0,0.0,1730.0,1.0,2.0,266.0,84.9,83.93,84.77,84.27,17939727.0,82.2992
2017-11-08,-0.0124,4326.0,364.0,336.0,3014.0,0.0,1510.0,0.0,2.0,251.0,84.61,83.83,84.14,84.56,18034170.0,83.0311
2017-11-09,-0.0012,5629.0,158.0,87.0,4323.0,0.0003,1672.0,1.0,5.0,265.0,84.27,82.9,84.11,84.09,21178356.0,77.4424
2017-11-10,0.0047,3587.0,60.0,275.0,2617.0,-0.0003,1489.0,4.0,3.0,183.0,84.095,83.23,83.79,83.87,19397793.0,74.901
2017-11-13,0.0008,642.0,16.0,22.0,533.0,0.0,894.0,0.0,0.0,89.0,83.94,83.46,83.66,83.93,14196896.0,75.1406
2017-11-14,-0.0015,1243.0,30.0,37.0,1027.0,0.0,1658.0,2.0,1.0,311.0,84.1,82.98,83.5,84.05,18801280.0,75.6415
2017-11-15,-0.0023,1258.0,71.0,33.0,1042.0,0.0007,1862.0,4.0,8.0,249.0,83.69,82.69,83.47,82.98,19383102.0,63.3798
2017-11-16,-0.002,1410.0,48.0,25.0,1276.0,-0.0001,1624.0,2.0,1.0,230.0,83.42,82.94,83.1,83.2,20962750.0,64.6486
2017-11-17,-0.0021,1209.0,52.0,32.0,914.0,0.0003,1633.0,4.0,5.0,247.0,83.12,82.24,83.12,82.4,22078993.0,56.9245
2017-11-20,-0.0012,607.0,19.0,13.0,507.0,0.0,988.0,0.0,0.0,63.0,82.59,82.25,82.4,82.53,16314978.0,57.8067
2017-11-21,0.0023,853.0,19.0,39.0,701.0,-0.0003,1483.0,3.0,0.0,134.0,83.84,82.74,82.74,83.72,21237454.0,64.8944
2017-11-22,-0.0058,1484.0,129.0,48.0,1413.0,0.0001,1861.0,2.0,3.0,267.0,83.9,83.04,83.83,83.11,20553089.0,59.3873
2017-11-23,-0.0015,1026.0,39.0,22.0,903.0,-0.0003,1291.0,3.0,1.0,147.0,,,,,,
2017-11-24,0.0007,566.0,14.0,14.0,504.0,0.0,1051.0,0.0,0.0,99.0,83.43,82.78,83.01,83.26,7425603.0,60.2799
2017-11-27,0.0015,610.0,17.0,23.0,536.0,0.0001,1123.0,0.0,1.0,80.0,83.98,83.3,83.31,83.87,18265242.0,63.7676
2017-11-28,0.0005,1327.0,21.0,30.0,1257.0,0.0,1575.0,0.0,2.0,224.0,85.06,84.02,84.07,84.88,21925959.0,68.6724
2017-11-29,0.001,1645.0,25.0,52.0,1489.0,0.0002,1651.0,0.0,4.0,240.0,84.9172,83.175,84.71,83.34,27381109.0,56.1836
2017-11-30,0.0005,1289.0,22.0,29.0,1111.0,0.0001,1712.0,1.0,3.0,241.0,84.52,83.34,83.51,84.17,33054647.0,60.3671
2017-12-01,0.001,1120.0,15.0,34.0,950.0,0.0001,1632.0,1.0,3.0,219.0,84.81,83.22,83.6,84.26,29532132.0,60.8041
2017-12-04,0.0134,507.0,19.0,46.0,371.0,0.0,1308.0,0.0,0.0,71.0,84.4299,80.7,84.42,81.08,39094880.0,42.8328
2017-12-05,-0.0033,1143.0,56.0,36.0,847.0,-0.0018,1667.0,9.0,1.0,180.0,82.68,80.9801,81.34,81.59,26152261.0,45.6093
2017-12-06,0.0004,2557.0,29.0,49.0,2152.0,0.0,1866.0,1.0,1.0,277.0,83.14,81.43,81.55,82.78,26162054.0,51.5253
2017-12-07,0.0007,1137.0,26.0,31.0,966.0,-0.0002,1681.0,3.0,1.0,190.0,82.8,82.0,82.54,82.49,23184547.0,50.0953
2017-12-08,0.0017,1234.0,37.0,50.0,1092.0,-0.0011,1377.0,7.0,0.0,169.0,84.58,83.33,83.63,84.16,24489106.0,57.4234
2017-12-11,0.0018,695.0,15.0,30.0,596.0,0.004,948.0,4.0,5.0,69.0,85.37,84.12,84.29,85.23,22857854.0,61.3404
2017-12-12,0.0039,1349.0,17.0,80.0,1079.0,0.0,1509.0,1.0,0.0,232.0,86.05,85.08,85.31,85.58,23924105.0,62.554
2017-12-13,0.0029,1735.0,20.0,92.0,1522.0,0.0008,1379.0,1.0,6.0,189.0,86.0,85.17,85.74,85.35,22062679.0,61.1945
2017-12-14,-0.0009,1593.0,41.0,32.0,1252.0,0.0004,1438.0,0.0,6.0,260.0,85.8739,84.53,85.43,84.69,19305961.0,57.3434
2017-12-15,-0.0023,1247.0,56.0,34.0,1006.0,-0.0012,1258.0,6.0,2.0,161.0,87.09,84.88,85.26,86.85,53936687.0,65.0872
2017-12-18,0.0045,596.0,15.0,34.0,455.0,-0.0001,1039.0,1.0,1.0,75.0,87.4999,86.23,87.12,86.38,22283752.0,62.4314
2017-12-19,-0.0026,1070.0,49.0,28.0,893.0,-0.0003,1366.0,3.0,1.0,169.0,86.35,85.27,86.35,85.83,23524787.0,59.378
2017-12-20,-0.0032,1957.0,104.0,24.0,1630.0,-0.0089,1620.0,30.0,1.0,280.0,86.3,84.71,86.2,85.52,23674931.0,57.6661
2017-12-21,0.0026,536.0,7.0,25.0,424.0,0.0008,1291.0,3.0,5.0,148.0,86.1,85.4,86.05,85.5,17990745.0,57.5508
2017-12-22,-0.001,360.0,10.0,8.0,297.0,0.0003,1042.0,0.0,3.0,142.0,85.63,84.92,85.4,85.51,14145841.0,57.5965
2017-12-25,-0.0048,78.0,4.0,2.0,52.0,0.0,414.0,0.0,0.0,20.0,,,,,,
2017-12-26,-0.012,88.0,6.0,5.0,51.0,0.0,524.0,0.0,0.0,79.0,85.5346,85.03,85.31,85.4,9891237.0,56.872
2017-12-27,0.0051,251.0,5.0,12.0,153.0,-0.0007,836.0,3.0,2.0,90.0,85.98,85.215,85.65,85.71,14678025.0,58.4578
2017-12-28,0.0077,326.0,6.0,23.0,237.0,0.0002,970.0,1.0,2.0,135.0,85.93,85.55,85.9,85.72,10594344.0,58.5108
2017-12-29,0.0019,273.0,8.0,10.0,204.0,-0.0026,878.0,6.0,0.0,108.0,86.05,85.5,85.63,85.54,18717406.0,57.0988
2018-01-01,0.0019,58.0,1.0,2.0,41.0,0.0,328.0,0.0,0.0,28.0,,,,,,
2018-01-02,0.0184,109.0,5.0,11.0,68.0,0.0,690.0,0.0,0.0,80.0,86.31,85.5,86.125,85.95,22483797.0,59.4965
2018-01-03,0.0007,417.0,10.0,10.0,337.0,-0.0004,1016.0,3.0,2.0,120.0,86.51,85.97,86.055,86.35,26061439.0,61.743
2018-01-04,0.0008,593.0,5.0,17.0,508.0,-0.0005,1811.0,6.0,2.0,231.0,87.66,86.57,86.59,87.11,21911974.0,65.6421
2018-01-05,0.0019,554.0,13.0,21.0,441.0,0.0001,1883.0,0.0,2.0,240.0,88.41,87.43,87.66,88.19,23407110.0,70.278
2018-01-08,0.0089,150.0,2.0,9.0,89.0,0.0,755.0,0.0,0.0,73.0,88.58,87.6046,88.2,88.28,22113049.0,70.6336
2018-01-09,-0.0009,718.0,20.0,18.0,588.0,-0.0017,1575.0,9.0,7.0,196.0,88.7272,87.86,88.65,88.22,19484317.0,70.0321
2018-01-10,-0.0372,930.0,122.0,23.0,582.0,-0.0077,2180.0,31.0,9.0,306.0,88.19,87.41,87.86,87.82,18652201.0,65.9968
2018-01-11,-0.0015,532.0,16.0,13.0,378.0,0.0002,1651.0,3.0,3.0,240.0,88.13,87.24,88.13,88.08,17808877.0,67.3151
2018-01-12,0.0013,536.0,8.0,20.0,491.0,-0.0004,1499.0,5.0,4.0,226.0,89.78,88.45,88.67,89.6,24271531.0,73.728
2018-01-15,-0.0097,101.0,8.0,7.0,71.0,0.0002,788.0,1.0,1.0,74.0,,,,,,
2018-01-16,0.003,212.0,6.0,11.0,182.0,0.0007,1067.0,1.0,4.0,136.0,90.79,88.0104,90.1,88.35,36599736.0,62.8133
2018-01-17,0.002,516.0,16.0,21.0,420.0,0.0004,1354.0,2.0,4.0,180.0,90.28,88.75,89.08,90.14,25621164.0,69.7251
2018-01-18,0.0019,553.0,14.0,22.0,459.0,0.0,1613.0,2.0,2.0,262.0,90.67,89.66,89.8,90.1,24159683.0,69.4146
2018-01-19,0.0105,595.0,8.0,26.0,231.0,0.0003,1320.0,2.0,4.0,172.0,90.61,89.66,90.14,90.0,36875013.0,68.5923
2018-01-22,-0.0161,182.0,13.0,11.0,98.0,-0.0005,862.0,2.0,0.0,73.0,91.62,89.74,90.0,91.61,23601555.0,73.9443
2018-01-23,0.026,761.0,29.0,53.0,304.0,-0.0001,1380.0,2.0,1.0,239.0,92.3,91.54,91.9,91.9,23412841.0,74.778
2018-01-24,0.0104,640.0,21.0,29.0,258.0,-0.0006,1498.0,6.0,1.0,239.0,93.43,91.58,92.55,91.82,33277483.0,74.0738
2018-01-25,0.0173,617.0,11.0,50.0,334.0,0.0006,1429.0,2.0,6.0,194.0,93.24,91.93,92.465,92.33,26383238.0,75.6481
2018-01-26,0.0125,571.0,7.0,25.0,212.0,0.0001,1238.0,0.0,2.0,165.0,94.06,92.58,93.12,94.06,29172167.0,80.0692
2018-01-29,0.023,252.0,11.0,21.0,134.0,-0.0114,1019.0,9.0,0.0,66.0,95.45,93.72,95.14,93.92,31569940.0,78.8221
2018-01-30,0.0098,818.0,22.0,45.0,390.0,-0.0093,1672.0,25.0,6.0,214.0,93.66,92.1,93.3,92.74,38635053.0,69.0587
2018-01-31,0.0175,767.0,22.0,50.0,339.0,0.0003,1528.0,4.0,5.0,232.0,95.4,93.51,93.75,95.01,48756338.0,75.3772
2018-02-01,0.0701,2262.0,164.0,358.0,1220.0,0.1649,2666.0,58.0,137.0,267.0,96.07,93.5813,94.79,94.26,47227882.0,70.2713
2018-02-02,0.0297,1078.0,66.0,111.0,579.0,-0.0151,1854.0,28.0,28.0,192.0,93.97,91.5,93.64,91.78,47867753.0,56.6147
2018-02-05,0.0033,180.0,7.0,6.0,104.0,0.0034,929.0,5.0,5.0,69.0,93.24,88.0,90.56,88.0,51031465.0,42.9225
2018-02-06,0.0129,559.0,19.0,24.0,200.0,-0.0005,1233.0,4.0,3.0,158.0,91.475,85.25,86.89,91.33,67998564.0,53.5746
2018-02-07,0.0154,640.0,21.0,37.0,273.0,-0.0006,1292.0,5.0,2.0,192.0,91.77,89.2,90.49,89.61,41107592.0,48.5361
2018-02-08,-0.0104,677.0,31.0,19.0,296.0,-0.003,1301.0,15.0,5.0,220.0,89.875,84.76,89.71,85.01,55628657.0,38.1913
2018-02-09,-0.0143,601.0,36.0,18.0,283.0,0.0002,1283.0,3.0,3.0,179.0,88.93,83.83,86.3,88.18,63499065.0,46.6328
2018-02-12,0.0086,111.0,2.0,6.0,54.0,-0.0001,784.0,1.0,0.0,77.0,89.78,87.9295,88.735,89.13,35720341.0,48.8858
2018-02-13,-0.0166,491.0,35.0,13.0,227.0,-0.0006,1333.0,6.0,3.0,210.0,90.0,87.8,88.93,89.83,26407702.0,50.5426
2018-02-14,-0.0089,506.0,28.0,15.0,280.0,-0.0004,1129.0,8.0,1.0,337.0,90.99,88.41,88.51,90.81,34960912.0,52.847
2018-02-15,0.0047,520.0,13.0,21.0,297.0,0.0034,1877.0,11.0,15.0,237.0,92.72,90.62,91.21,92.66,27823866.0,56.927
2018-02-16,0.0073,576.0,10.0,22.0,236.0,0.0038,976.0,5.0,14.0,210.0,93.5,91.8,92.45,92.0,30596919.0,55.0954
2018-02-19,-0.003,121.0,4.0,3.0,70.0,-0.0001,546.0,1.0,0.0,107.0,,,,,,
2018-02-20,-0.0076,176.0,10.0,4.0,110.0,0.0005,851.0,1.0,4.0,184.0,93.06,91.01,91.475,92.72,30911725.0,56.7309
2018-02-21,0.0186,339.0,4.0,26.0,181.0,-0.0001,1048.0,3.0,3.0,267.0,93.3595,91.49,92.98,91.49,26922503.0,53.1683
2018-02-22,0.0075,466.0,11.0,24.0,242.0,0.0,1174.0,2.0,2.0,267.0,92.73,91.36,92.05,91.73,24392753.0,53.7782
2018-02-23,0.0046,440.0,7.0,13.0,181.0,0.0001,1240.0,1.0,2.0,222.0,94.07,92.36,92.75,94.06,26329226.0,59.3179
2018-02-26,0.0012,233.0,5.0,7.0,169.0,-0.0003,1129.0,3.0,1.0,132.0,95.45,94.25,94.4,95.42,30199846.0,62.168
2018-02-27,-0.002,1338.0,56.0,40.0,1048.0,0.0004,1400.0,5.0,5.0,233.0,95.84,94.2,95.74,94.2,25869119.0,58.2272
2018-02-28,-0.0007,1443.0,30.0,16.0,1030.0,-0.0006,1514.0,8.0,1.0,289.0,95.705,93.63,94.84,93.77,31167338.0,56.8591
2018-03-01,-0.0006,1292.0,25.0,24.0,913.0,0.0,1500.0,2.0,1.0,289.0,94.57,91.84,93.99,92.85,37135561.0,53.9389
2018-03-02,-0.001,1398.0,36.0,33.0,994.0,-0.0001,1400.0,3.0,2.0,250.0,93.15,90.86,91.58,93.05,32830389.0,54.4862
2018-03-05,0.0027,425.0,13.0,22.0,368.0,0.0,723.0,0.0,0.0,62.0,94.27,92.26,92.34,93.64,23901578.0,56.1416
2018-03-06,0.0012,1400.0,34.0,39.0,1000.0,-0.0009,1377.0,8.0,0.0,238.0,94.49,92.941,94.34,93.32,22175776.0,54.9737
2018-03-07,0.0019,1157.0,27.0,35.0,738.0,0.0002,1858.0,2.0,4.0,225.0,93.9406,92.43,93.16,93.86,26716127.0,56.6139
2018-03-08,0.0014,1223.0,30.0,38.0,844.0,0.0,1474.0,1.0,2.0,299.0,95.1,93.765,94.27,94.43,25887828.0,58.339
2018-03-09,0.0021,1159.0,36.0,46.0,907.0,0.0,1098.0,0.0,0.0,184.0,96.54,95.0,95.29,96.54,36937254.0,64.0391
2018-03-12,0.0021,620.0,11.0,23.0,490.0,0.0003,975.0,1.0,2.0,96.0,97.21,96.04,96.5,96.77,26073742.0,64.6076
2018-03-13,0.0015,1571.0,23.0,54.0,1248.0,-0.0272,1541.0,49.0,6.0,238.0,97.24,93.97,97.0,94.41,35387817.0,55.0003
2018-03-14,-0.0076,1346.0,98.0,42.0,1047.0,-0.0304,1480.0,46.0,3.0,241.0,95.41,93.5,95.12,93.85,32131981.0,52.9868
2018-03-15,-0.0036,1417.0,72.0,36.0,1119.0,-0.0109,1407.0,34.0,2.0,292.0,94.58,92.83,93.53,94.18,27610998.0,54.0542
2018-03-16,-0.001,1149.0,38.0,33.0,1154.0,-0.0019,1214.0,12.0,1.0,240.0,95.38,93.92,94.68,94.6,49081279.0,55.4409
2018-03-19,0.0012,542.0,13.0,15.0,413.0,0.0002,774.0,0.0,1.0,58.0,93.9,92.11,93.74,92.89,33344085.0,48.9618
2018-03-20,0.0121,1394.0,25.0,114.0,972.0,0.0002,1729.0,1.0,4.0,255.0,93.77,93.0,93.05,93.13,23075240.0,49.8477
2018-03-21,0.0111,1180.0,28.0,110.0,926.0,0.0016,1606.0,2.0,11.0,223.0,94.05,92.21,92.93,92.48,24457082.0,47.4457
2018-03-22,0.0021,1196.0,40.0,43.0,820.0,-0.0001,1406.0,3.0,2.0,215.0,91.75,89.66,91.265,89.79,38604715.0,39.0578
2018-03-23,0.0041,1058.0,42.0,47.0,642.0,-0.0011,1282.0,8.0,0.0,190.0,90.46,87.08,89.5,87.18,44068949.0,32.9678
2018-03-26,0.0106,557.0,6.0,38.0,368.0,0.0012,996.0,0.0,4.0,89.0,94.0,90.4,90.61,93.78,56396780.0,52.9473
2018-03-27,0.1799,2323.0,38.0,661.0,1290.0,0.0177,1838.0,5.0,40.0,259.0,95.139,88.51,94.94,89.47,56569011.0,43.7721
2018-03-28,0.0112,1419.0,62.0,112.0,947.0,-0.0034,2108.0,19.0,8.0,270.0,91.23,88.873,89.82,89.39,52501146.0,43.621
2018-03-29,-0.0192,1276.0,115.0,59.0,823.0,-0.0028,1343.0,14.0,3.0,219.0,92.29,88.4,90.18,91.27,45867548.0,48.1506
2018-03-30,0.0036,1627.0,50.0,77.0,1158.0,-0.0003,1673.0,7.0,4.0,307.0,,,,,,
2018-04-02,-0.0015,641.0,19.0,16.0,487.0,-0.0021,666.0,3.0,2.0,59.0,90.88,87.51,90.47,88.52,48515417.0,42.7412
2018-04-03,0.003,1196.0,46.0,51.0,838.0,-0.0002,1360.0,3.0,2.0,184.0,90.05,87.89,89.575,89.71,37213837.0,45.5898
2018-04-04,-0.0042,1194.0,60.0,58.0,828.0,-0.0013,1163.0,7.0,3.0,171.0,92.76,87.73,87.85,92.33,35559956.0,51.3307
2018-04-05,-0.0084,1498.0,95.0,68.0,989.0,-0.0002,1397.0,4.0,4.0,267.0,93.065,91.4,92.435,92.38,29771881.0,51.436
2018-04-06,-0.0109,1486.0,111.0,47.0,1008.0,-0.0009,1100.0,7.0,1.0,213.0,92.46,89.48,91.49,90.23,38026000.0,46.7515
2018-04-09,-0.0029,739.0,34.0,29.0,561.0,0.0037,784.0,0.0,4.0,59.0,93.17,90.62,91.04,90.77,31533943.0,48.0317
2018-04-10,0.0045,1087.0,44.0,52.0,710.0,0.0,1126.0,1.0,1.0,171.0,93.28,91.64,92.39,92.88,26939883.0,52.8062
2018-04-11,-0.0027,1563.0,64.0,40.0,1134.0,0.0002,1489.0,1.0,3.0,200.0,93.29,91.48,92.01,91.86,24872110.0,50.3958
2018-04-12,-0.0042,1138.0,55.0,44.0,804.0,0.0,1239.0,1.0,0.0,187.0,94.16,92.43,92.43,93.58,26758879.0,54.1928
2018-04-13,-0.0045,1140.0,55.0,42.0,769.0,0.0001,1221.0,0.0,2.0,148.0,94.18,92.44,94.05,93.08,23346063.0,52.9246
2018-04-16,0.007,650.0,31.0,43.0,484.0,-0.0012,674.0,2.0,0.0,49.0,94.66,93.42,94.07,94.17,20288083.0,55.3763
2018-04-17,-0.0021,1566.0,58.0,59.0,1217.0,-0.0003,1427.0,4.0,3.0,208.0,96.54,94.88,95.0,96.07,26771000.0,59.3505
2018-04-18,-0.0041,2187.0,104.0,71.0,1580.0,-0.0115,1831.0,34.0,2.0,265.0,96.72,95.52,96.22,96.44,21043287.0,60.0958
2018-04-19,-0.0042,1315.0,63.0,47.0,921.0,-0.0006,1522.0,7.0,2.0,262.0,97.07,95.34,96.44,96.11,23552541.0,59.0558
2018-04-20,0.0044,959.0,44.0,48.0,642.0,0.0009,1439.0,3.0,6.0,182.0,96.11,94.05,95.91,95.0,31154377.0,55.5721
2018-04-23,-0.0068,514.0,29.0,26.0,327.0,0.0006,1142.0,1.0,2.0,63.0,96.29,94.63,95.7436,95.35,22331829.0,56.4445
2018-04-24,0.0068,997.0,44.0,57.0,621.0,-0.0002,1381.0,3.0,1.0,156.0,96.47,92.41,96.242,93.12,34524799.0,49.742
2018-04-25,0.0063,1278.0,62.0,66.0,756.0,-0.0017,1498.0,12.0,8.0,243.0,93.3,90.28,93.3,92.31,33729257.0,47.534
2018-04-26,0.0079,1424.0,66.0,83.0,831.0,-0.0036,1658.0,15.0,6.0,233.0,95.15,93.1,93.55,94.26,42529043.0,52.9487
2018-04-27,0.0616,3476.0,184.0,559.0,2070.0,0.2726,3086.0,14.0,162.0,249.0,97.9,93.91,97.6,95.82,48272780.0,56.7906
2018-04-30,0.0083,555.0,13.0,35.0,344.0,0.0005,764.0,3.0,3.0,107.0,96.3964,93.15,96.33,93.52,41523605.0,50.2729
2018-05-01,0.0068,1264.0,69.0,72.0,788.0,0.0018,1117.0,4.0,12.0,242.0,95.29,92.79,93.21,95.0,31408927.0,53.9364
2018-05-02,0.0066,1097.0,35.0,61.0,678.0,0.0015,1374.0,1.0,9.0,200.0,95.17,93.19,94.99,93.51,27471002.0,49.9468
2018-05-03,0.004,1053.0,33.0,46.0,657.0,0.0006,1332.0,2.0,6.0,221.0,94.925,92.45,92.96,94.07,31142497.0,51.4018
2018-05-04,0.0051,986.0,37.0,47.0,601.0,0.0013,1312.0,2.0,10.0,226.0,95.37,92.92,93.32,95.16,22531325.0,54.1929
2018-05-07,0.0022,464.0,14.0,17.0,336.0,0.0047,904.0,2.0,5.0,70.0,96.71,95.1,95.17,96.22,24242019.0,56.7917
2018-05-08,0.0009,2172.0,30.0,57.0,1715.0,0.0,2739.0,2.0,4.0,683.0,96.16,95.0631,95.8456,95.81,23484589.0,55.4806
2018-05-09,-0.0007,1491.0,31.0,28.0,1079.0,0.0001,2101.0,2.0,5.0,360.0,96.97,95.05,96.01,96.94,27327410.0,58.3356
2018-05-10,0.0024,1200.0,37.0,42.0,769.0,0.0,1217.0,0.0,1.0,248.0,97.95,97.05,97.46,97.91,22388119.0,60.6674
2018-05-11,0.0027,1103.0,28.0,41.0,702.0,0.0,1121.0,1.0,1.0,184.0,97.87,97.04,97.8,97.7,16778316.0,59.886
2018-05-14,0.0033,434.0,9.0,19.0,320.0,0.0,527.0,0.0,0.0,63.0,98.69,97.31,97.92,98.03,19454124.0,60.7417
2018-05-15,0.0055,808.0,18.0,48.0,560.0,-0.0001,1160.0,2.0,1.0,156.0,97.85,96.34,97.24,97.32,24594010.0,57.8808
2018-05-16,-0.001,1078.0,23.0,22.0,669.0,0.0007,1870.0,1.0,8.0,267.0,97.4,96.615,97.36,97.15,17384742.0,57.1863
2018-05-17,0.0009,1119.0,20.0,25.0,755.0,0.0033,1246.0,1.0,21.0,325.0,97.5401,95.83,96.76,96.18,17246716.0,53.2593
2018-05-18,-0.0021,930.0,29.0,27.0,606.0,0.0006,1000.0,4.0,6.0,214.0,96.93,96.01,96.01,96.36,17865840.0,53.892
2018-05-21,0.0025,503.0,12.0,19.0,346.0,0.0,628.0,0.0,0.0,134.0,98.01,96.8,97.0,97.6,19422467.0,58.1001
2018-05-22,0.0043,1014.0,49.0,51.0,698.0,0.0002,1177.0,1.0,4.0,259.0,98.17,97.2,97.68,97.5,15441189.0,57.6432
2018-05-23,0.0021,945.0,30.0,34.0,684.0,0.0,1250.0,1.0,0.0,272.0,98.73,96.32,96.71,98.66,21251222.0,61.432
2018-05-24,0.0058,982.0,20.0,54.0,658.0,0.0004,1203.0,1.0,5.0,188.0,98.94,96.81,98.725,98.31,26649287.0,59.6969
2018-05-25,0.0021,781.0,26.0,27.0,551.0,0.0,873.0,0.0,1.0,167.0,98.98,97.86,98.3,98.36,18363918.0,59.8713
2018-05-28,0.0017,330.0,7.0,12.0,256.0,0.0,349.0,0.0,0.0,81.0,,,,,,
2018-05-29,0.0009,364.0,8.0,9.0,277.0,0.0001,732.0,0.0,1.0,112.0,98.88,97.23,97.84,98.01,28670981.0,57.9802
2018-05-30,0.0116,824.0,21.0,64.0,530.0,0.0035,850.0,5.0,11.0,160.0,99.25,97.91,98.31,98.95,22158528.0,61.4976
2018-05-31,0.0186,977.0,27.0,98.0,652.0,0.0035,921.0,3.0,14.0,193.0,99.99,98.61,99.29,98.84,34140891.0,60.8556
2018-06-01,0.0145,1123.0,27.0,95.0,715.0,0.0003,938.0,1.0,4.0,219.0,100.86,99.17,99.2798,100.79,28655624.0,67.3603
2018-06-04,0.0026,2376.0,40.0,82.0,2034.0,-0.0001,1067.0,2.0,2.0,188.0,101.86,100.851,101.26,101.67,27281623.0,69.7993
2018-06-05,0.0116,4499.0,54.0,447.0,3526.0,0.0025,3044.0,12.0,35.0,623.0,102.33,101.53,102.0,102.19,23514402.0,71.1702
2018-06-06,0.0062,1837.0,42.0,115.0,1364.0,0.0002,1371.0,2.0,5.0,326.0,102.6,101.9,102.48,102.49,21122917.0,71.9609
2018-06-07,0.0021,1626.0,42.0,57.0,1129.0,-0.0002,1215.0,4.0,2.0,300.0,102.69,100.38,102.65,100.88,28232197.0,62.1142
2018-06-08,0.0038,1292.0,40.0,60.0,876.0,-0.0005,1153.0,6.0,1.0,240.0,101.95,100.54,101.0924,101.63,22165128.0,64.5478
2018-06-11,0.0005,1396.0,23.0,29.0,1147.0,0.0,1432.0,2.0,0.0,416.0,101.59,100.67,101.37,101.05,23490894.0,61.27
2018-06-12,0.0011,1267.0,36.0,38.0,998.0,-0.0013,1295.0,12.0,3.0,297.0,101.4493,100.75,101.1,101.31,18325228.0,62.1968
2018-06-13,-0.0018,1201.0,45.0,45.0,939.0,-0.0005,1064.0,6.0,2.0,240.0,102.01,100.56,101.72,100.85,29492875.0,59.4848
2018-06-14,-0.0013,1188.0,36.0,31.0,956.0,0.0001,1137.0,0.0,3.0,323.0,102.03,101.0,101.65,101.42,25691811.0,61.7126
2018-06-15,0.0026,1305.0,33.0,56.0,948.0,0.0001,1044.0,3.0,4.0,305.0,101.53,100.07,101.51,100.13,65738585.0,54.4195
2018-06-18,-0.0023,480.0,20.0,17.0,380.0,-0.0006,480.0,2.0,0.0,79.0,101.11,99.42,100.01,100.86,23586037.0,57.4817
2018-06-19,0.0022,1012.0,23.0,41.0,795.0,0.0,1030.0,1.0,2.0,278.0,101.0,99.5,99.65,100.86,28653087.0,57.4817
2018-06-20,0.0019,1043.0,26.0,38.0,768.0,0.0,1066.0,1.0,2.0,313.0,102.52,101.12,101.37,101.87,26180792.0,61.6192
2018-06-21,0.0025,1087.0,20.0,46.0,825.0,0.0001,1218.0,2.0,4.0,320.0,102.46,100.88,102.075,101.14,23198188.0,57.2805
2018-06-22,-0.0014,1081.0,33.0,28.0,848.0,0.0001,992.0,1.0,3.0,278.0,100.77,99.625,100.41,100.41,38923105.0,53.2433
2018-06-25,0.0048,493.0,18.0,27.0,376.0,0.0,576.0,0.0,0.0,84.0,100.11,97.3,100.0,98.39,35433333.0,44.0014
2018-06-26,-0.0029,916.0,38.0,30.0,625.0,-0.003,1066.0,14.0,3.0,233.0,100.08,98.75,98.82,99.08,26897244.0,47.3624
2018-06-27,0.0031,868.0,24.0,35.0,597.0,-0.001,951.0,7.0,1.0,214.0,100.02,97.4,99.58,97.54,31298386.0,41.3912
2018-06-28,0.0015,880.0,24.0,29.0,647.0,-0.0002,917.0,4.0,1.0,267.0,99.11,97.26,97.38,98.63,26650671.0,46.5297
2018-06-29,0.0016,986.0,17.0,25.0,601.0,-0.0001,823.0,2.0,2.0,180.0,99.91,98.33,98.93,98.61,28053214.0,46.4492
2018-07-02,-0.0007,350.0,8.0,7.0,285.0,-0.0002,488.0,1.0,1.0,70.0,100.06,98.0,98.1,100.01,19564521.0,52.6255
2018-07-03,0.0016,759.0,19.0,22.0,492.0,0.0001,817.0,0.0,2.0,160.0,100.63,98.94,100.48,99.05,14670275.0,48.4951
2018-07-04,0.0013,576.0,12.0,17.0,408.0,0.0,720.0,0.0,0.0,149.0,,,,,,
2018-07-05,0.0004,385.0,5.0,7.0,321.0,0.0001,515.0,0.0,1.0,83.0,99.92,99.0299,99.5,99.76,18977402.0,51.5254
2018-07-06,-0.0014,606.0,16.0,14.0,369.0,0.0,626.0,0.0,0.0,129.0,101.43,99.67,99.885,101.16,19234627.0,56.909
2018-07-09,-0.0032,284.0,13.0,9.0,223.0,-0.001,482.0,3.0,1.0,77.0,102.25,101.251,101.6452,101.85,18211980.0,59.3077
2018-07-10,0.0025,779.0,27.0,32.0,574.0,0.0,1056.0,1.0,1.0,235.0,102.51,101.86,102.0,102.12,19293140.0,60.2404
2018-07-11,0.0087,870.0,22.0,62.0,594.0,0.0006,970.0,3.0,7.0,245.0,102.34,101.1,101.15,101.98,19644648.0,59.4791
2018-07-12,0.0035,771.0,19.0,35.0,532.0,0.0003,817.0,2.0,4.0,190.0,104.41,102.73,102.77,104.19,24335929.0,66.6448
2018-07-13,0.0123,1309.0,22.0,111.0,940.0,0.0005,1072.0,0.0,8.0,306.0,105.6,104.09,104.37,105.43,24653500.0,69.8649
2018-07-16,0.0059,440.0,16.0,27.0,319.0,0.0035,601.0,0.0,5.0,73.0,105.82,104.515,105.4,104.91,21786912.0,66.9462
2018-07-17,0.0044,1180.0,39.0,66.0,947.0,0.0001,1346.0,2.0,5.0,353.0,106.5,104.32,104.61,105.95,25901726.0,69.6748
2018-07-18,0.009,1451.0,30.0,104.0,992.0,0.0056,1437.0,1.0,26.0,300.0,106.05,104.715,105.94,105.12,29493927.0,65.0588
2018-07-19,0.0056,1413.0,55.0,84.0,1002.0,0.0022,1377.0,13.0,15.0,282.0,105.31,103.89,104.93,104.4,40171646.0,61.2669
2018-07-20,0.0581,5100.0,319.0,889.0,3409.0,0.4642,2394.0,6.0,234.0,242.0,108.2,106.08,108.08,106.27,56038827.0,66.6962
2018-07-23,0.0189,504.0,18.0,48.0,327.0,0.0024,608.0,1.0,4.0,69.0,108.14,106.13,106.3,107.97,29706955.0,70.7149
2018-07-24,0.0167,1056.0,20.0,101.0,719.0,0.0052,1002.0,1.0,13.0,157.0,108.82,107.26,108.57,107.66,26316619.0,69.078
2018-07-25,0.0067,966.0,38.0,57.0,640.0,0.0016,954.0,2.0,10.0,229.0,111.15,107.6,107.955,110.83,30799612.0,75.3594
2018-07-26,0.0129,1599.0,66.0,133.0,1065.0,0.0013,1047.0,3.0,10.0,252.0,111.0,109.5,110.74,109.62,31372110.0,69.5517
2018-07-27,0.0088,1166.0,52.0,85.0,866.0,0.0005,1100.0,1.0,6.0,231.0,110.18,106.14,110.18,107.68,37005292.0,61.3835
2018-07-30,0.0023,379.0,7.0,16.0,301.0,0.0021,486.0,1.0,3.0,60.0,107.53,104.76,107.19,105.37,34668327.0,53.3493
2018-07-31,0.0072,889.0,37.0,61.0,664.0,0.0015,820.0,2.0,6.0,134.0,106.72,105.38,106.49,106.08,27655152.0,55.2865
2018-08-01,0.0033,933.0,29.0,43.0,704.0,0.0005,907.0,2.0,5.0,191.0,106.446,105.42,106.03,106.28,23628699.0,55.8427
2018-08-02,0.0068,797.0,22.0,59.0,637.0,0.0011,967.0,2.0,7.0,187.0,108.09,104.84,105.4,107.57,26104258.0,59.3549
2018-08-03,0.0051,1003.0,22.0,58.0,752.0,0.0003,1492.0,3.0,3.0,178.0,108.05,106.82,107.8,108.04,18659599.0,60.5849
2018-08-06,0.0011,413.0,6.0,12.0,327.0,-0.0006,522.0,2.0,2.0,67.0,108.42,107.559,108.12,108.13,20265947.0,60.8294
2018-08-07,0.0022,892.0,34.0,39.0,733.0,0.0,798.0,1.0,1.0,176.0,109.1,108.17,108.56,108.88,16080214.0,62.8947
2018-08-08,0.0037,741.0,11.0,40.0,627.0,-0.0318,1049.0,45.0,21.0,192.0,109.75,108.7599,109.33,109.49,15487502.0,64.5327
2018-08-09,0.0022,862.0,19.0,35.0,706.0,-0.0118,834.0,21.0,0.0,150.0,110.16,109.6,109.71,109.67,13677211.0,65.0233
2018-08-10,-0.0038,810.0,43.0,27.0,646.0,0.0005,725.0,0.0,4.0,167.0,109.69,108.38,109.42,109.0,18183724.0,61.6069
2018-08-13,-0.0012,460.0,14.0,10.0,371.0,0.0001,459.0,0.0,1.0,65.0,109.58,108.1,109.24,108.21,18474884.0,57.7538
2018-08-14,0.0038,655.0,20.0,32.0,492.0,0.0006,821.0,0.0,4.0,137.0,109.75,108.04,108.56,109.56,16788314.0,62.1144
2018-08-15,0.0034,787.0,17.0,39.0,589.0,0.0008,1407.0,0.0,6.0,177.0,108.985,106.82,108.49,107.66,29982806.0,53.7115
2018-08-16,-0.001,729.0,22.0,20.0,609.0,0.0,897.0,1.0,0.0,211.0,108.86,107.3,108.3,107.64,21384289.0,53.6292
2018-08-17,0.0025,619.0,19.0,28.0,510.0,0.0,720.0,0.0,0.0,184.0,107.9,106.69,107.36,107.58,18061512.0,53.3652
2018-08-20,0.0054,354.0,13.0,20.0,276.0,0.0,411.0,0.0,0.0,66.0,107.9,106.48,107.51,106.87,17914201.0,50.2151
2018-08-21,-0.0146,1469.0,154.0,32.0,1081.0,-0.0009,1497.0,11.0,4.0,314.0,107.35,105.85,106.92,105.98,22881861.0,46.509
2018-08-22,-0.0289,1965.0,264.0,62.0,1384.0,-0.0034,1769.0,39.0,6.0,546.0,107.34,105.78,105.85,107.06,18000639.0,51.2144
2018-08-23,-0.0077,938.0,68.0,51.0,720.0,0.0006,778.0,1.0,5.0,181.0,108.18,106.87,107.15,107.56,18167723.0,53.2641
2018-08-24,-0.0151,960.0,91.0,42.0,694.0,-0.0395,1089.0,47.0,7.0,207.0,108.56,107.56,107.67,108.4,17234020.0,56.5658
2018-08-27,0.002,345.0,10.0,13.0,247.0,-0.0003,545.0,2.0,1.0,92.0,109.64,108.51,109.27,109.6,19662331.0,60.8236
2018-08-28,0.0048,744.0,15.0,43.0,568.0,-0.0015,993.0,11.0,8.0,221.0,110.5,109.79,109.94,110.26,19151528.0,62.9735
2018-08-29,0.0031,751.0,17.0,38.0,608.0,0.0002,891.0,0.0,3.0,208.0,112.03,110.27,110.45,112.02,20818044.0,68.0144
2018-08-30,0.0076,817.0,19.0,55.0,596.0,0.0011,1188.0,0.0,8.0,196.0,112.61,111.44,111.67,111.95,22798702.0,67.6201
2018-08-31,0.0028,875.0,24.0,41.0,710.0,0.0003,1386.0,2.0,5.0,262.0,112.777,111.515,111.685,112.33,23222713.0,68.6815
2018-09-03,0.0031,372.0,2.0,19.0,314.0,0.0024,874.0,0.0,5.0,94.0,,,,,,
2018-09-04,0.0014,453.0,9.0,16.0,377.0,0.0004,1187.0,0.0,3.0,118.0,111.955,110.22,110.85,111.71,22634641.0,64.9409
2018-09-05,-0.0044,719.0,42.0,34.0,581.0,0.0,1594.0,1.0,0.0,218.0,111.42,108.1,111.01,108.49,32872352.0,49.7779
2018-09-06,-0.0034,728.0,37.0,28.0,594.0,-0.0002,1651.0,3.0,2.0,209.0,108.99,107.51,108.25,108.74,23477624.0,50.7396
2018-09-07,0.0021,707.0,20.0,28.0,575.0,0.0004,1487.0,1.0,4.0,181.0,108.7248,107.23,108.23,108.21,22498646.0,48.6142
2018-09-10,0.0005,329.0,6.0,7.0,258.0,0.0,1218.0,0.0,0.0,70.0,109.64,108.36,108.84,109.38,20727906.0,53.2678
2018-09-11,0.0013,662.0,22.0,23.0,566.0,0.0002,1347.0,1.0,3.0,172.0,111.59,108.89,108.9,111.24,24301774.0,59.5408
2018-09-12,0.0049,809.0,21.0,50.0,649.0,0.0001,1732.0,1.0,2.0,229.0,111.85,110.51,111.43,111.71,18891064.0,60.9666
2018-09-13,0.002,745.0,17.0,32.0,668.0,0.0005,1383.0,0.0,6.0,215.0,113.725,112.12,112.12,112.91,26055620.0,64.4148
2018-09-14,0.0046,778.0,19.0,47.0,644.0,0.0011,1482.0,0.0,7.0,173.0,113.73,112.44,113.36,113.37,19122349.0,65.6668
2018-09-17,0.0027,318.0,10.0,14.0,235.0,0.003,980.0,0.0,5.0,81.0,113.7,111.86,113.69,112.14,20736516.0,59.6257
2018-09-18,0.005,680.0,23.0,40.0,528.0,0.0011,1576.0,1.0,7.0,178.0,113.695,111.72,112.19,113.21,22170934.0,62.8293
2018-09-19,0.0058,802.0,18.0,53.0,637.0,0.0039,1532.0,0.0,15.0,207.0,113.32,111.035,113.05,111.7,21728429.0,56.068
2018-09-20,0.0066,932.0,56.0,65.0,724.0,-0.0025,1637.0,13.0,12.0,219.0,113.8,111.93,112.28,113.57,23714512.0,61.5818
2018-09-21,0.0116,865.0,19.0,81.0,674.0,0.0,1471.0,0.0,1.0,207.0,115.29,113.51,114.0,114.26,71229698.0,63.4068
2018-09-24,0.0024,403.0,14.0,18.0,318.0,-0.0006,719.0,2.0,2.0,77.0,114.9,112.2175,113.03,114.67,27334460.0,64.4864
2018-09-25,0.002,1378.0,25.0,57.0,1140.0,0.0,2162.0,2.0,4.0,499.0,115.1,113.75,114.8,114.45,22668014.0,63.4055
2018-09-26,0.0019,937.0,15.0,39.0,804.0,0.0,1687.0,2.0,1.0,386.0,115.055,113.74,114.47,113.98,19352025.0,61.0511
2018-09-27,0.0017,927.0,31.0,36.0,760.0,0.0007,1667.0,1.0,9.0,288.0,114.91,114.2,114.78,114.41,19091299.0,62.4257
2018-09-28,-0.001,792.0,24.0,18.0,698.0,0.0,1347.0,1.0,1.0,190.0,114.57,113.68,114.19,114.37,21647811.0,62.2058
2018-10-01,0.0007,476.0,9.0,12.0,406.0,0.0,886.0,0.0,0.0,105.0,115.68,114.73,114.75,115.61,18883079.0,66.1834
2018-10-02,0.0033,862.0,21.0,44.0,702.0,0.0002,1284.0,4.0,4.0,223.0,115.84,114.44,115.3,115.15,20787239.0,63.513
2018-10-03,0.0018,1288.0,22.0,50.0,1075.0,0.0,1858.0,0.0,2.0,443.0,116.18,114.93,115.42,115.17,16648018.0,63.5818
2018-10-04,0.0011,1059.0,17.0,32.0,848.0,0.0,1459.0,1.0,2.0,269.0,114.7588,111.63,114.61,112.79,34821717.0,51.2073
2018-10-05,0.0031,1074.0,28.0,47.0,718.0,0.0003,1493.0,5.0,5.0,239.0,113.17,110.64,112.63,112.13,29068859.0,48.3944
2018-10-08,0.0012,466.0,12.0,14.0,365.0,-0.0001,1138.0,1.0,0.0,120.0,112.03,109.34,111.66,110.85,29640588.0,43.4138
2018-10-09,0.0011,1410.0,35.0,34.0,997.0,0.0022,2321.0,1.0,21.0,350.0,113.08,110.8,111.14,112.26,26198594.0,49.5708
2018-10-10,0.0034,1429.0,28.0,75.0,1136.0,-0.0012,2151.0,15.0,5.0,352.0,111.5,105.79,111.24,106.16,61376315.0,32.895
2018-10-11,-0.0045,1496.0,72.0,52.0,1000.0,-0.0004,2252.0,7.0,1.0,292.0,108.93,104.2,105.35,105.91,63904282.0,32.4138
2018-10-12,0.0032,1232.0,36.0,49.0,852.0,0.0018,1825.0,6.0,11.0,211.0,111.24,107.12,109.01,109.57,47742109.0,45.0815
2018-10-15,0.0019,428.0,14.0,15.0,328.0,0.0001,1005.0,0.0,1.0,99.0,109.48,106.9468,108.91,107.6,32068103.0,40.6636
2018-10-16,-0.0002,3153.0,37.0,34.0,2290.0,0.0,4126.0,1.0,3.0,806.0,111.41,108.95,109.54,111.0,31610164.0,49.8061
2018-10-17,0.0015,1247.0,23.0,39.0,912.0,0.0,1873.0,1.0,2.0,328.0,111.81,109.5482,111.68,110.71,26548243.0,49.111
2018-10-18,0.001,845.0,18.0,22.0,638.0,-0.0005,1589.0,6.0,2.0,239.0,110.53,107.83,110.1,108.5,32506192.0,44.0643
2018-10-19,0.0023,927.0,31.0,36.0,682.0,-0.0075,1722.0,20.0,8.0,198.0,110.86,108.21,108.93,108.66,32785475.0,44.5089
2018-10-22,-0.0023,386.0,16.0,13.0,305.0,0.0016,1096.0,1.0,4.0,83.0,110.54,108.24,109.32,109.63,26545607.0,47.2465
2018-10-23,0.0017,939.0,26.0,40.0,851.0,0.0008,1590.0,5.0,6.0,190.0,108.97,105.11,107.77,108.1,43770429.0,43.5933
2018-10-24,0.0038,1272.0,42.0,59.0,898.0,0.0035,1410.0,1.0,12.0,180.0,108.49,101.5901,108.41,102.32,63897759.0,33.1616
2018-10-25,0.1145,3782.0,157.0,534.0,1447.0,0.2899,2909.0,15.0,169.0,252.0,109.27,106.15,106.55,108.3,61646819.0,47.2309
2018-10-26,0.0424,1593.0,62.0,188.0,834.0,0.0881,2377.0,11.0,58.0,170.0,108.75,104.76,105.69,106.96,55523104.0,44.9477
2018-10-29,0.0072,681.0,22.0,48.0,527.0,0.0023,1982.0,3.0,7.0,129.0,108.7,101.63,108.105,103.85,55162001.0,40.1024
2018-10-30,0.0021,1092.0,37.0,41.0,833.0,0.0012,1977.0,3.0,9.0,244.0,104.38,100.11,103.66,103.73,65350878.0,39.9235
2018-10-31,-0.0034,1198.0,53.0,50.0,854.0,0.0007,1737.0,5.0,6.0,209.0,108.14,105.39,105.435,106.81,51062383.0,46.5162
2018-11-01,0.002,802.0,22.0,33.0,645.0,0.0007,1407.0,3.0,6.0,178.0,107.32,105.53,107.05,105.92,33384201.0,44.9801
2018-11-02,-0.0024,928.0,40.0,32.0,738.0,-0.0001,1309.0,2.0,0.0,166.0,107.32,104.975,106.48,106.16,37680194.0,45.5028
2018-11-05,0.0004,310.0,4.0,8.0,301.0,-0.0001,960.0,1.0,1.0,79.0,107.74,105.9,106.37,107.51,27922144.0,48.4679
2018-11-06,0.001,817.0,10.0,26.0,750.0,-0.0004,1561.0,6.0,2.0,224.0,108.84,106.28,107.38,107.72,24340248.0,48.9333
2018-11-07,-0.0007,870.0,21.0,17.0,744.0,0.0002,1912.0,2.0,5.0,239.0,112.24,109.4,109.44,111.96,37901704.0,57.3162
2018-11-08,0.0019,879.0,9.0,35.0,716.0,0.0001,1924.0,2.0,2.0,178.0,112.21,110.91,111.8,111.75,25644105.0,56.8187
2018-11-09,0.0011,726.0,12.0,25.0,657.0,0.0,1564.0,0.0,1.0,212.0,111.45,108.76,110.85,109.57,32039223.0,51.793
2018-11-12,0.0006,411.0,9.0,11.0,409.0,0.0002,1190.0,0.0,2.0,118.0,109.96,106.1,109.42,106.87,33621807.0,46.3274
2018-11-13,-0.0013,850.0,27.0,21.0,724.0,-0.0002,1560.0,3.0,2.0,191.0,108.74,106.64,107.55,106.94,35374583.0,46.485
2018-11-14,0.0011,860.0,16.0,30.0,797.0,0.0001,1678.0,2.0,3.0,292.0,108.26,104.47,108.1,104.97,39495141.0,42.6846
2018-11-15,0.0007,956.0,23.0,24.0,843.0,0.0,2005.0,2.0,1.0,251.0,107.8,103.91,104.99,107.28,38505165.0,48.0481
2018-11-16,0.0014,806.0,15.0,30.0,706.0,0.0,1372.0,0.0,1.0,204.0,108.88,106.8,107.08,108.29,33502121.0,50.2407
2018-11-19,0.0014,385.0,14.0,14.0,355.0,-0.0016,1194.0,4.0,1.0,85.0,108.56,103.55,108.27,104.62,44773899.0,43.1195
2018-11-20,-0.0057,790.0,51.0,39.0,642.0,0.0004,1466.0,4.0,5.0,208.0,102.97,99.3528,101.8,101.71,64052457.0,38.4641
2018-11-21,-0.0022,852.0,35.0,33.0,701.0,-0.0001,1488.0,2.0,1.0,201.0,104.43,102.24,103.6,103.11,28130621.0,41.7239
2018-11-22,0.0017,691.0,20.0,28.0,619.0,0.0003,1289.0,2.0,4.0,212.0,,,,,,
2018-11-23,-0.0026,279.0,16.0,8.0,298.0,-0.0001,976.0,1.0,0.0,98.0,103.8099,102.0,102.17,103.07,13823099.0,41.656
2018-11-26,0.0012,347.0,13.0,13.0,352.0,0.0007,1012.0,0.0,3.0,105.0,106.63,104.58,104.79,106.47,32336165.0,49.2204
2018-11-27,0.028,1204.0,45.0,163.0,855.0,-0.009,1770.0,28.0,13.0,237.0,107.33,105.36,106.27,107.14,29124486.0,50.5801
2018-11-28,0.0099,1160.0,50.0,103.0,881.0,-0.0007,1821.0,8.0,7.0,247.0,111.33,107.86,107.89,111.12,46788461.0,57.8077
2018-11-29,0.0183,1329.0,34.0,133.0,908.0,0.003,2023.0,6.0,18.0,274.0,111.115,109.03,110.33,110.19,28123195.0,55.7558
2018-11-30,0.005,1000.0,30.0,63.0,776.0,0.0036,1937.0,16.0,20.0,281.0,110.97,109.36,110.7,110.89,33665624.0,56.9932
2018-12-03,0.0081,550.0,16.0,39.0,393.0,-0.0016,1370.0,6.0,4.0,121.0,113.42,110.73,113.0,112.09,34732772.0,59.1047
2018-12-04,0.0036,1098.0,22.0,58.0,844.0,0.0088,1966.0,4.0,35.0,313.0,112.6373,108.2115,111.94,108.52,45196984.0,51.0711
2018-12-05,0.0025,1074.0,22.0,48.0,837.0,-0.0001,1923.0,4.0,4.0,301.0,,,,,,
2018-12-06,-0.0026,797.0,37.0,14.0,676.0,-0.0003,1376.0,5.0,1.0,220.0,109.24,105.0,105.82,109.19,49107431.0,52.3793
2018-12-07,-0.0014,1291.0,42.0,32.0,1079.0,0.0002,2048.0,1.0,5.0,329.0,109.45,104.3,108.38,104.82,45044937.0,44.0977
2018-12-10,0.0029,465.0,1.0,23.0,370.0,0.0023,974.0,0.0,4.0,65.0,107.98,103.89,104.8,107.59,40801525.0,49.5434
2018-12-11,0.0027,957.0,19.0,43.0,761.0,0.0003,1456.0,0.0,4.0,196.0,110.95,107.44,109.8,108.59,42381947.0,51.3846
2018-12-12,0.0026,1018.0,20.0,42.0,764.0,-0.0001,1420.0,2.0,0.0,217.0,111.27,109.04,110.89,109.08,36183020.0,52.3031
2018-12-13,0.0023,874.0,20.0,35.0,666.0,0.0013,1254.0,1.0,7.0,166.0,110.87,108.63,109.58,109.45,31333362.0,53.0248
2018-12-14,0.0018,881.0,18.0,33.0,733.0,0.0001,1249.0,0.0,2.0,173.0,109.26,105.5,108.25,106.03,47043136.0,46.0839
2018-12-17,0.0005,264.0,2.0,5.0,222.0,0.0012,854.0,0.0,3.0,69.0,105.8,101.71,105.41,102.89,56957314.0,40.8029
2018-12-18,0.0072,910.0,31.0,56.0,590.0,-0.0007,1326.0,5.0,4.0,169.0,104.51,102.52,103.75,103.97,49319196.0,43.2133
2018-12-19,0.0014,1056.0,21.0,29.0,719.0,0.0,1706.0,1.0,0.0,222.0,106.88,101.35,103.65,103.69,68198186.0,42.7276
2018-12-20,0.0033,1218.0,46.0,51.0,808.0,0.0,2083.0,2.0,2.0,383.0,104.31,98.78,103.05,101.51,70334184.0,39.0474
2018-12-21,-0.0033,1011.0,41.0,30.0,679.0,-0.0002,1351.0,3.0,1.0,179.0,103.0,97.46,101.63,98.23,111242070.0,34.2652
2018-12-24,0.0023,344.0,10.0,15.0,278.0,0.0002,669.0,0.0,1.0,48.0,97.97,93.98,97.68,94.13,43935192.0,29.4157
2018-12-25,-0.0135,493.0,30.0,21.0,243.0,0.0006,802.0,0.0,1.0,36.0,,,,,,
2018-12-26,0.0033,231.0,9.0,10.0,164.0,0.0023,657.0,0.0,2.0,34.0,100.69,93.96,95.14,100.56,51634793.0,43.0328
2018-12-27,0.0065,584.0,28.0,32.0,369.0,-0.0012,984.0,2.0,0.0,47.0,101.19,96.4,99.3,101.18,49498509.0,44.1516
2018-12-28,-0.0028,667.0,25.0,23.0,442.0,0.0006,1000.0,1.0,2.0,75.0,102.41,99.52,102.09,100.39,38169312.0,42.993
2018-12-31,0.0021,309.0,10.0,13.0,248.0,0.0014,467.0,0.0,2.0,50.0,102.4,100.44,101.29,101.57,33173765.0,45.3019
2019-01-01,0.0046,449.0,16.0,22.0,300.0,0.0051,491.0,2.0,4.0,46.0,,,,,,
2019-01-02,0.0035,429.0,16.0,21.0,318.0,-0.0001,1036.0,1.0,0.0,78.0,101.75,98.94,99.55,101.12,35329345.0,44.5607
2019-01-03,0.0051,783.0,40.0,43.0,538.0,0.0003,1299.0,2.0,3.0,147.0,100.185,97.2,100.1,97.4,42578410.0,38.8951
2019-01-04,-0.0078,853.0,59.0,33.0,603.0,-0.0008,1465.0,4.0,3.0,120.0,102.51,98.93,99.72,101.93,44060620.0,47.6275
2019-01-07,-0.0014,424.0,15.0,8.0,372.0,0.0002,909.0,0.0,1.0,63.0,103.2681,100.98,101.64,102.06,35656136.0,47.8578
2019-01-08,0.0144,1317.0,24.0,130.0,977.0,0.0117,1938.0,2.0,33.0,249.0,103.97,101.7134,103.04,102.8,31514415.0,49.2265
2019-01-09,0.0017,948.0,16.0,35.0,785.0,0.0039,1551.0,1.0,18.0,243.0,104.88,103.2445,103.86,104.27,32280840.0,51.9259
2019-01-10,0.0014,842.0,25.0,30.0,705.0,0.0008,1608.0,0.0,6.0,180.0,103.75,102.38,103.22,103.6,30067556.0,50.6053
2019-01-11,0.0011,769.0,13.0,24.0,621.0,-0.0004,1364.0,3.0,2.0,133.0,103.44,101.64,103.19,102.8,28314202.0,49.0027
2019-01-14,-0.0032,447.0,21.0,16.0,348.0,0.0011,900.0,0.0,3.0,73.0,102.8716,101.26,101.9,102.05,28437079.0,47.4846
2019-01-15,0.0041,766.0,25.0,42.0,580.0,-0.0002,1459.0,2.0,0.0,153.0,105.05,101.88,102.51,105.01,31587616.0,53.5952
2019-01-16,0.0045,1275.0,38.0,68.0,932.0,0.0004,1996.0,4.0,7.0,294.0,106.255,104.96,105.26,105.38,29853865.0,54.3108
2019-01-17,-0.0017,1224.0,42.0,46.0,1013.0,0.0001,1766.0,0.0,3.0,336.0,106.625,104.76,105.0,106.12,28393015.0,55.7797
2019-01-18,0.0017,1035.0,33.0,39.0,859.0,0.0,1674.0,2.0,1.0,291.0,107.9,105.91,107.46,107.71,37427587.0,58.8415
2019-01-21,-0.0064,458.0,31.0,20.0,363.0,0.0001,1057.0,1.0,1.0,69.0,,,,,,
2019-01-22,-0.0025,509.0,22.0,19.0,413.0,0.0001,1294.0,1.0,1.0,91.0,107.1,104.86,106.75,105.68,32371253.0,53.7267
2019-01-23,-0.0026,941.0,40.0,30.0,741.0,-0.0008,1456.0,6.0,0.0,204.0,107.04,105.34,106.12,106.71,25874294.0,55.8249
2019-01-24,-0.0038,1454.0,70.0,43.0,1091.0,-0.0001,2134.0,5.0,4.0,359.0,107.0,105.34,106.86,106.2,23164838.0,54.507
2019-01-25,0.0032,1321.0,43.0,51.0,813.0,0.0001,2078.0,1.0,5.0,423.0,107.88,106.59,107.24,107.17,31218193.0,56.6053
2019-01-28,0.0155,533.0,24.0,36.0,267.0,0.0021,1083.0,0.0,6.0,110.0,106.48,104.66,106.26,105.08,29476719.0,51.1327
2019-01-29,-0.0087,1006.0,52.0,38.0,531.0,0.0003,1440.0,1.0,3.0,139.0,104.97,102.17,104.88,102.94,31490547.0,46.2067
2019-01-30,0.016,1285.0,69.0,79.0,582.0,0.0008,1510.0,3.0,7.0,206.0,106.38,104.33,104.62,106.38,49471866.0,53.8957
2019-01-31,0.0785,3133.0,245.0,330.0,1070.0,0.1287,2740.0,74.0,98.0,228.0,105.22,103.18,103.8,104.43,55636391.0,49.5703
2019-02-01,-0.0261,1423.0,106.0,106.0,620.0,-0.0136,1869.0,28.0,26.0,199.0,104.0999,102.35,103.775,102.78,35535690.0,46.1922
2019-02-04,-0.0101,557.0,34.0,17.0,331.0,0.0047,782.0,3.0,9.0,116.0,105.8,102.77,102.87,105.74,31315282.0,52.4522
2019-02-05,0.0149,1225.0,28.0,89.0,667.0,0.0017,1572.0,2.0,14.0,256.0,107.27,105.96,106.06,107.22,27325365.0,55.2552
2019-02-06,0.0115,1034.0,29.0,64.0,545.0,0.0044,1229.0,5.0,16.0,213.0,107.0,105.53,107.0,106.03,20609759.0,52.5716
2019-02-07,0.0103,875.0,32.0,59.0,512.0,-0.0042,1230.0,17.0,5.0,212.0,105.59,104.29,105.185,105.27,29760697.0,50.8723
2019-02-08,-0.0043,795.0,31.0,20.0,441.0,-0.0003,963.0,3.0,2.0,148.0,105.78,104.2603,104.39,105.67,21461093.0,51.7562
2019-02-11,-0.0088,436.0,23.0,24.0,232.0,0.0,829.0,0.0,0.0,79.0,106.58,104.965,106.2,105.25,18914123.0,50.7242
2019-02-12,-0.0049,785.0,30.0,26.0,415.0,-0.0021,1537.0,9.0,0.0,163.0,107.14,105.48,106.14,106.89,25056595.0,54.5361
2019-02-13,-0.0053,855.0,36.0,30.0,449.0,0.0002,1528.0,3.0,4.0,238.0,107.78,106.71,107.5,106.81,18394869.0,54.3154
2019-02-14,-0.0078,915.0,39.0,36.0,424.0,0.0059,1464.0,0.0,12.0,148.0,107.29,105.66,106.31,106.9,21784703.0,54.5383
2019-02-15,-0.0051,869.0,33.0,28.0,435.0,0.0008,1435.0,0.0,4.0,135.0,108.3,107.3624,107.91,108.22,26606886.0,57.7915
2019-02-18,-0.0055,412.0,21.0,20.0,253.0,-0.0046,832.0,6.0,1.0,81.0,,,,,,
2019-02-19,-0.0187,536.0,46.0,29.0,321.0,-0.0017,898.0,4.0,1.0,87.0,108.66,107.78,107.79,108.17,18038460.0,57.6233
2019-02-20,-0.0086,916.0,51.0,29.0,516.0,-0.0011,1514.0,8.0,5.0,226.0,107.94,106.29,107.86,107.15,21607671.0,54.1602
2019-02-21,-0.0094,943.0,54.0,24.0,510.0,0.0001,1543.0,2.0,3.0,222.0,109.48,106.87,106.9,109.41,29063231.0,59.9094
2019-02-22,0.0145,1173.0,41.0,73.0,573.0,0.0003,1235.0,0.0,3.0,165.0,111.2,109.82,110.05,110.97,27763218.0,63.3284
2019-02-25,-0.0021,1018.0,36.0,33.0,709.0,-0.0001,1595.0,2.0,0.0,228.0,112.18,111.26,111.76,111.59,23750599.0,64.6198
2019-02-26,0.0028,1137.0,31.0,36.0,617.0,0.0016,1778.0,2.0,11.0,248.0,113.24,111.17,111.26,112.36,21536733.0,66.2112
2019-02-27,0.0057,1052.0,32.0,44.0,553.0,0.0001,1590.0,0.0,2.0,208.0,112.36,110.88,111.69,112.17,21487062.0,65.4291
2019-02-28,0.0021,910.0,21.0,24.0,500.0,0.0001,1414.0,0.0,2.0,185.0,112.88,111.73,112.04,112.03,29083934.0,64.8216
2019-03-01,-0.004,896.0,33.0,33.0,483.0,0.0005,1144.0,0.0,5.0,165.0,113.02,111.665,112.89,112.53,23501169.0,66.0346
2019-03-04,-0.0036,420.0,17.0,11.0,255.0,0.0,1018.0,0.0,0.0,60.0,113.25,110.8,113.02,112.26,26608014.0,64.7365
2019-03-05,-0.0064,857.0,38.0,25.0,450.0,-0.0002,1195.0,3.0,3.0,187.0,112.39,111.23,112.25,111.7,19538318.0,62.0134
2019-03-06,0.0065,825.0,19.0,37.0,415.0,0.0,1632.0,0.0,1.0,190.0,112.66,111.43,111.87,111.75,17686996.0,62.1664
2019-03-07,0.0057,926.0,37.0,44.0,518.0,0.0001,1525.0,0.0,2.0,190.0,111.55,109.865,111.4,110.39,25338954.0,55.605
2019-03-08,-0.004,925.0,37.0,29.0,529.0,0.0,1325.0,0.0,1.0,197.0,110.71,108.8,109.16,110.51,22818430.0,56.0458
2019-03-11,-0.0097,443.0,28.0,20.0,269.0,-0.0052,1140.0,6.0,1.0,70.0,112.95,110.98,110.99,112.83,26491618.0,63.5761
2019-03-12,-0.02,990.0,75.0,50.0,499.0,-0.0143,2102.0,27.0,1.0,213.0,113.99,112.6499,112.82,113.62,26132717.0,65.7292
2019-03-13,-0.005,1164.0,53.0,45.0,694.0,-0.0023,2221.0,17.0,6.0,323.0,115.0,113.78,114.13,114.5,35513771.0,67.9984
2019-03-14,0.0061,971.0,29.0,45.0,560.0,0.0008,1794.0,4.0,7.0,219.0,115.2,114.33,114.54,114.59,30763367.0,68.2301
2019-03-15,0.005,908.0,26.0,43.0,523.0,0.0005,1654.0,4.0,6.0,231.0,117.25,114.59,115.34,115.91,54630661.0,71.4904
2019-03-18,0.0166,389.0,19.0,37.0,238.0,-0.0001,958.0,1.0,0.0,71.0,117.61,116.05,116.17,117.57,31207596.0,74.9692
2019-03-19,0.0295,803.0,17.0,80.0,425.0,0.0003,1483.0,2.0,3.0,136.0,118.44,116.99,118.09,117.65,37588697.0,75.1267
2019-03-20,0.0046,1040.0,21.0,42.0,555.0,-0.0001,2221.0,3.0,2.0,268.0,118.75,116.71,117.39,117.52,28113343.0,74.3084
2019-03-21,0.0042,1095.0,33.0,42.0,567.0,0.0001,2011.0,0.0,2.0,231.0,120.82,117.09,117.135,120.22,29854446.0,79.3416
2019-03-22,0.0189,1172.0,20.0,85.0,576.0,-0.0002,1924.0,3.0,2.0,195.0,119.59,117.04,119.5,117.05,33624528.0,63.59
2019-03-25,0.015,503.0,27.0,37.0,290.0,-0.0007,1144.0,3.0,1.0,102.0,118.01,116.3224,116.56,117.66,27067117.0,65.0288
2019-03-26,0.0233,914.0,50.0,65.0,383.0,0.001,1592.0,2.0,5.0,138.0,118.705,116.85,118.62,117.91,26097665.0,65.6282
2019-03-27,0.0128,977.0,38.0,59.0,500.0,0.0002,1335.0,1.0,3.0,189.0,118.21,115.5215,117.875,116.77,22733427.0,60.5326
2019-03-28,-0.0128,1140.0,75.0,70.0,620.0,-0.0001,1587.0,3.0,2.0,283.0,117.58,116.13,117.44,116.93,18334755.0,60.9904
2019-03-29,-0.0155,1021.0,80.0,63.0,562.0,0.0011,1356.0,2.0,6.0,157.0,118.32,116.96,118.07,117.94,25399752.0,63.8417
2019-04-01,0.0144,466.0,25.0,38.0,282.0,0.0004,1099.0,1.0,2.0,86.0,119.1085,118.1,118.95,119.02,22789103.0,66.6488
2019-04-02,0.0067,821.0,31.0,36.0,406.0,-0.0002,1451.0,2.0,0.0,133.0,119.48,118.52,119.06,119.19,18142297.0,67.082
2019-04-03,-0.0066,1008.0,47.0,35.0,536.0,-0.001,1533.0,6.0,1.0,180.0,120.43,119.15,119.86,119.97,22860744.0,69.0673
2019-04-04,0.0087,866.0,24.0,44.0,435.0,-0.0008,1333.0,5.0,1.0,150.0,120.23,118.38,120.1,119.36,20112848.0,65.7286
2019-04-05,-0.008,955.0,53.0,43.0,565.0,-0.0033,1253.0,13.0,1.0,207.0,120.23,119.37,119.39,119.89,15826245.0,67.2117
2019-04-08,-0.0136,465.0,33.0,22.0,261.0,0.0016,1209.0,0.0,4.0,88.0,120.02,118.64,119.81,119.93,15116186.0,67.3266
2019-04-09,0.0028,970.0,27.0,34.0,589.0,0.0001,1738.0,1.0,3.0,254.0,119.54,118.58,118.63,119.28,17611981.0,63.4358
2019-04-10,0.0023,891.0,24.0,28.0,546.0,-0.0001,1696.0,2.0,1.0,190.0,120.35,119.54,119.76,120.19,16477169.0,66.3663
2019-04-11,0.007,997.0,35.0,56.0,605.0,-0.0001,1705.0,2.0,0.0,202.0,120.85,119.92,120.54,120.33,14209121.0,66.807
2019-04-12,0.0089,822.0,22.0,50.0,479.0,0.002,1327.0,4.0,8.0,148.0,120.98,120.37,120.64,120.95,19745143.0,68.7595
2019-04-15,-0.039,452.0,53.0,22.0,247.0,-0.0001,1261.0,1.0,0.0,98.0,121.58,120.57,120.94,121.05,15792572.0,69.0755
2019-04-16,-0.0225,910.0,81.0,59.0,491.0,-0.0009,1809.0,10.0,2.0,273.0,121.65,120.1,121.64,120.77,14071787.0,67.0312
2019-04-17,-0.0092,1132.0,67.0,52.0,647.0,0.0007,1805.0,5.0,9.0,305.0,121.85,120.54,121.24,121.77,19300938.0,70.4004
2019-04-18,0.007,1053.0,50.0,59.0,639.0,0.0007,1642.0,5.0,7.0,238.0,123.52,121.3018,122.19,123.37,27990998.0,74.8322
2019-04-19,0.0086,902.0,27.0,48.0,506.0,0.0014,1352.0,0.0,5.0,116.0,,,,,,
2019-04-22,0.0057,363.0,11.0,16.0,197.0,0.0069,830.0,1.0,3.0,33.0,124.0,122.57,122.62,123.76,15648724.0,75.7839
2019-04-23,0.0053,898.0,36.0,43.0,536.0,0.0007,1629.0,4.0,6.0,192.0,125.58,123.83,124.1,125.44,24025521.0,79.3981
2019-04-24,0.0125,1103.0,29.0,69.0,566.0,0.002,1492.0,2.0,10.0,204.0,125.85,124.52,125.79,125.01,31256980.0,76.2608
2019-04-25,0.1871,3337.0,79.0,608.0,1278.0,0.543,3115.0,8.0,234.0,199.0,131.37,128.83,130.06,129.15,38033892.0,83.1601
2019-04-26,0.1425,2169.0,83.0,348.0,824.0,0.4977,2892.0,18.0,159.0,148.0,130.5152,129.02,129.7,129.89,23654933.0,84.0523
2019-04-29,0.0137,458.0,10.0,31.0,247.0,0.0022,1028.0,1.0,4.0,76.0,130.18,129.35,129.9,129.77,16324183.0,83.2817
2019-04-30,0.0026,1057.0,35.0,35.0,628.0,0.0008,1530.0,1.0,8.0,241.0,130.7,129.3947,129.81,130.6,24166503.0,84.3504
2019-05-01,0.0184,1185.0,48.0,91.0,617.0,0.0006,1228.0,2.0,7.0,249.0,130.65,127.7,130.53,127.88,26821692.0,68.8244
2019-05-02,0.0102,1073.0,43.0,58.0,511.0,0.0023,1215.0,3.0,9.0,157.0,128.0,125.52,127.98,126.21,27350161.0,61.357
2019-05-03,0.0028,1294.0,32.0,47.0,779.0,0.0005,1441.0,7.0,7.0,262.0,129.43,127.25,127.36,128.9,24911126.0,67.478
2019-05-06,0.005,481.0,16.0,22.0,297.0,0.0001,864.0,0.0,1.0,80.0,128.56,126.11,126.39,128.15,24239464.0,64.4145
2019-05-07,0.0005,1591.0,19.0,33.0,1197.0,0.0,2307.0,0.0,3.0,502.0,127.18,124.22,126.46,125.52,36017661.0,54.9868
2019-05-08,-0.0014,1411.0,34.0,26.0,775.0,0.0,1808.0,0.0,2.0,283.0,126.37,124.75,125.44,125.51,28418996.0,54.9539
2019-05-09,0.0026,984.0,12.0,34.0,590.0,0.0006,1430.0,3.0,5.0,185.0,125.79,123.57,124.29,125.5,27235835.0,54.9184
2019-05-10,-0.0013,928.0,18.0,19.0,469.0,-0.0001,1286.0,2.0,1.0,148.0,127.93,123.82,124.91,127.13,30915084.0,59.501
2019-05-13,-0.0047,427.0,20.0,19.0,273.0,0.0012,904.0,0.0,3.0,68.0,125.55,123.04,124.11,123.35,33944923.0,47.4541
2019-05-14,-0.0019,943.0,29.0,25.0,580.0,0.0006,1611.0,2.0,5.0,152.0,125.88,123.7,123.87,124.73,25266315.0,51.3285
2019-05-15,-0.0016,944.0,27.0,16.0,575.0,0.0001,1827.0,2.0,2.0,198.0,126.71,123.7,124.26,126.02,24722708.0,54.6915
2019-05-16,-0.0097,1086.0,64.0,42.0,595.0,0.0001,2255.0,1.0,2.0,233.0,129.38,126.46,126.75,128.93,30112216.0,61.2038
2019-05-17,0.0014,1501.0,18.0,38.0,902.0,0.0023,2193.0,0.0,13.0,254.0,130.46,127.92,128.305,128.07,25770539.0,58.5265
2019-05-20,0.0046,491.0,16.0,20.0,277.0,-0.0004,1260.0,2.0,1.0,93.0,127.5894,125.7607,126.52,126.22,23706934.0,53.1412
2019-05-21,0.0018,846.0,14.0,25.0,527.0,-0.0004,1931.0,6.0,1.0,231.0,127.5273,126.58,127.43,126.9,15293260.0,54.788
2019-05-22,0.0018,899.0,20.0,24.0,509.0,-0.0001,2153.0,3.0,2.0,260.0,128.24,126.52,126.62,127.67,15396485.0,56.646
2019-05-23,-0.0039,807.0,38.0,19.0,561.0,0.0004,2155.0,2.0,5.0,194.0,126.29,124.74,126.2,126.18,23603810.0,52.1776
2019-05-24,-0.0019,829.0,28.0,19.0,595.0,0.0,1846.0,1.0,0.0,166.0,127.415,125.97,126.91,126.24,14123358.0,52.3406
2019-05-27,0.0132,366.0,7.0,33.0,238.0,0.0007,1097.0,0.0,2.0,68.0,,,,,,
2019-05-28,0.0022,516.0,12.0,18.0,347.0,0.0,1229.0,1.0,1.0,118.0,128.0,126.05,126.98,126.16,23128359.0,52.0857
2019-05-29,0.0014,753.0,19.0,21.0,504.0,0.0,1797.0,0.0,1.0,215.0,125.39,124.04,125.38,124.94,22763140.0,48.2274
2019-05-30,-0.0021,662.0,23.0,21.0,443.0,0.0003,1525.0,1.0,4.0,188.0,125.76,124.78,125.26,125.73,16829613.0,50.7704
2019-05-31,0.0017,786.0,14.0,23.0,513.0,0.0005,1731.0,0.0,6.0,256.0,124.615,123.32,124.23,123.68,26646769.0,44.6425
2019-06-03,-0.0019,364.0,11.0,9.0,227.0,-0.001,1002.0,2.0,0.0,62.0,124.37,119.01,123.85,119.84,37983637.0,35.9012
2019-06-04,-0.0039,782.0,35.0,29.0,498.0,-0.0009,1741.0,6.0,2.0,188.0,123.28,120.6522,121.28,123.16,29382642.0,45.7853
2019-06-05,0.0031,787.0,27.0,33.0,525.0,-0.001,1704.0,9.0,3.0,202.0,125.87,124.21,124.95,125.83,24926140.0,52.1726
2019-06-06,0.0014,812.0,25.0,22.0,564.0,0.0005,1687.0,4.0,7.0,245.0,127.97,125.6,126.44,127.82,21458961.0,56.3047
2019-06-07,0.0045,800.0,17.0,36.0,481.0,0.0,1775.0,1.0,2.0,268.0,132.25,128.26,129.19,131.4,33885588.0,62.5697
2019-06-10,0.0019,1301.0,16.0,44.0,880.0,0.0,2696.0,1.0,2.0,643.0,134.08,132.0,132.4,132.6,26477098.0,64.4117
2019-06-11,0.0139,1265.0,31.0,94.0,745.0,0.0003,2652.0,4.0,7.0,385.0,134.24,131.2757,133.88,132.1,23913731.0,63.0201
2019-06-12,0.0048,1109.0,31.0,53.0,673.0,-0.0007,2395.0,10.0,5.0,320.0,131.97,130.71,131.4,131.49,17092464.0,61.2806
2019-06-13,0.0041,858.0,20.0,35.0,508.0,-0.0014,1746.0,11.0,5.0,241.0,132.67,131.56,131.98,132.32,17200848.0,62.7858
2019-06-14,0.0044,840.0,14.0,37.0,500.0,0.0,1378.0,0.0,0.0,180.0,133.79,131.64,132.26,132.45,17821703.0,63.0282
2019-06-17,0.0034,341.0,10.0,14.0,212.0,0.0,870.0,0.0,0.0,91.0,133.73,132.53,132.63,132.85,14517785.0,63.8094
2019-06-18,0.0022,661.0,17.0,20.0,418.0,-0.0001,1616.0,2.0,1.0,193.0,135.24,133.57,134.19,135.16,25934458.0,68.0128
2019-06-19,0.0098,849.0,13.0,51.0,465.0,0.0,1628.0,2.0,1.0,219.0,135.93,133.81,135.0,135.69,23744441.0,68.9051
2019-06-20,0.0126,964.0,22.0,65.0,531.0,0.0006,1900.0,3.0,7.0,247.0,137.66,135.72,137.45,136.95,33042592.0,70.978
2019-06-21,0.004,774.0,9.0,31.0,456.0,-0.0003,1460.0,3.0,0.0,155.0,137.73,136.46,136.58,136.97,36727892.0,71.011
2019-06-24,0.0017,494.0,6.0,15.0,311.0,-0.0005,1254.0,3.0,0.0,118.0,138.4,137.0,137.0,137.78,20628841.0,72.3821
2019-06-25,0.0069,974.0,32.0,49.0,578.0,-0.0042,1733.0,17.0,9.0,238.0,137.59,132.73,137.25,133.43,33327420.0,56.8354
2019-06-26,-0.0084,1050.0,53.0,35.0,516.0,-0.0159,1552.0,26.0,4.0,180.0,135.74,133.6,134.35,133.93,23657745.0,57.9533
2019-06-27,-0.0025,860.0,32.0,21.0,566.0,-0.0002,1476.0,3.0,2.0,163.0,134.71,133.51,134.14,134.15,16557482.0,58.4631
2019-06-28,0.006,638.0,18.0,34.0,407.0,-0.0001,1153.0,2.0,1.0,154.0,134.6,133.1558,134.57,133.96,30042969.0,57.8112
2019-07-01,-0.0016,312.0,9.0,7.0,206.0,0.0007,980.0,0.0,2.0,59.0,136.7,134.97,136.63,135.68,22676730.0,61.9475
2019-07-02,0.0075,641.0,13.0,38.0,402.0,0.0027,1413.0,2.0,10.0,167.0,136.59,135.34,136.12,136.58,15237843.0,63.9397
2019-07-03,-0.0025,611.0,21.0,15.0,376.0,0.0006,1276.0,1.0,4.0,144.0,137.74,136.295,136.8,137.46,13629296.0,65.8238
2019-07-04,0.0023,598.0,15.0,18.0,377.0,0.0,1206.0,0.0,0.0,151.0,,,,,,
2019-07-05,0.0046,399.0,11.0,18.0,247.0,-0.0002,814.0,1.0,0.0,65.0,137.33,135.72,135.94,137.06,18141140.0,64.1823
2019-07-08,0.0028,310.0,12.0,12.0,206.0,0.0001,850.0,0.0,1.0,119.0,137.1,135.3701,136.4,136.96,16779748.0,63.7542
2019-07-09,-0.001,647.0,15.0,13.0,411.0,-0.0001,1297.0,3.0,3.0,229.0,136.97,135.8,136.0,136.46,19953097.0,61.544
2019-07-10,-0.0024,956.0,30.0,25.0,564.0,-0.0002,1495.0,5.0,1.0,271.0,138.58,137.02,137.13,137.85,24204362.0,65.16
2019-07-11,0.0084,1107.0,30.0,48.0,488.0,0.0003,1359.0,3.0,4.0,184.0,139.22,137.87,138.2,138.4,22327942.0,66.5022
2019-07-12,0.0462,872.0,13.0,104.0,470.0,0.0042,1470.0,2.0,18.0,251.0,139.13,138.0099,138.85,138.9,18936832.0,67.7197
2019-07-15,0.0129,380.0,19.0,24.0,194.0,-0.0006,964.0,3.0,2.0,92.0,139.54,138.46,139.44,138.9,16651457.0,67.7197
2019-07-16,0.005,858.0,28.0,40.0,506.0,0.004,1422.0,3.0,18.0,252.0,139.05,136.52,138.96,137.08,22726128.0,58.7114
2019-07-17,0.0073,936.0,27.0,47.0,507.0,0.0048,1522.0,3.0,18.0,224.0,137.93,136.22,137.7,136.27,20210956.0,55.1926
2019-07-18,0.0135,1641.0,56.0,104.0,863.0,0.0012,1996.0,6.0,14.0,355.0,136.62,134.67,135.55,136.42,30808707.0,55.7218
2019-07-19,0.161,4304.0,144.0,660.0,1506.0,0.3394,3361.0,17.0,248.0,329.0,140.67,136.45,140.22,136.62,48992364.0,56.4603
2019-07-22,0.0273,529.0,7.0,42.0,249.0,0.0075,902.0,1.0,6.0,63.0,139.19,137.33,137.41,138.43,25080760.0,62.5478
2019-07-23,-0.0431,1677.0,148.0,158.0,708.0,-0.1524,1953.0,109.0,17.0,252.0,139.99,138.03,139.76,139.29,18034589.0,65.0483
2019-07-24,0.0174,1003.0,42.0,69.0,475.0,-0.0109,1290.0,18.0,19.0,160.0,140.74,138.85,138.9,140.72,20738275.0,68.7808
2019-07-25,0.0089,980.0,41.0,54.0,524.0,-0.0047,1485.0,14.0,7.0,180.0,140.61,139.3215,140.43,140.19,18356883.0,65.9689
2019-07-26,0.0092,959.0,39.0,61.0,579.0,-0.0019,1571.0,9.0,8.0,177.0,141.675,140.3,140.37,141.34,19037600.0,68.9364
2019-07-29,0.0067,397.0,12.0,29.0,324.0,-0.0005,840.0,2.0,2.0,72.0,141.51,139.3663,141.5,141.03,16605870.0,67.2344
2019-07-30,0.0023,736.0,22.0,28.0,528.0,0.001,1424.0,2.0,7.0,176.0,141.2199,139.8005,140.14,140.35,16846528.0,63.5293
2019-07-31,-0.0042,731.0,33.0,30.0,445.0,0.0015,1462.0,5.0,9.0,198.0,140.49,135.08,140.33,136.27,38598786.0,46.8477
2019-08-01,0.0068,902.0,32.0,39.0,439.0,0.0002,1380.0,2.0,3.0,165.0,140.9383,136.93,137.0,138.06,40557502.0,52.7141
2019-08-02,0.0065,1093.0,25.0,54.0,608.0,0.001,1438.0,4.0,8.0,232.0,138.32,135.26,138.09,136.9,30791624.0,48.9441
2019-08-05,-0.0049,386.0,17.0,13.0,228.0,-0.0005,866.0,2.0,0.0,82.0,133.9298,130.78,133.3,132.21,42749551.0,37.3221
2019-08-06,-0.0197,816.0,62.0,42.0,407.0,-0.0006,1323.0,4.0,1.0,149.0,135.68,133.21,133.8,134.69,32696651.0,44.7879
2019-08-07,-0.0142,717.0,49.0,29.0,395.0,0.0004,1191.0,0.0,4.0,169.0,135.65,131.8284,133.79,135.28,33414539.0,46.423
2019-08-08,0.0017,1215.0,33.0,38.0,834.0,0.0,1812.0,2.0,2.0,274.0,138.99,135.93,136.6,138.89,27496508.0,55.1707
2019-08-09,0.0028,759.0,19.0,29.0,512.0,0.0001,1235.0,0.0,2.0,144.0,139.38,136.46,138.61,137.71,23466701.0,52.1721
2019-08-12,0.0047,500.0,6.0,24.0,326.0,-0.0001,984.0,1.0,0.0,126.0,137.86,135.24,137.07,135.79,20484348.0,47.6354
2019-08-13,0.0025,691.0,18.0,25.0,418.0,-0.001,1447.0,8.0,5.0,227.0,138.8,135.0,136.05,138.6,25496593.0,53.9471
2019-08-14,0.002,821.0,25.0,24.0,501.0,0.0001,1512.0,1.0,3.0,241.0,136.92,133.67,136.36,133.98,32527251.0,44.4588
2019-08-15,-0.0018,903.0,26.0,21.0,559.0,0.0001,1736.0,2.0,2.0,208.0,134.58,132.25,134.39,133.68,28125416.0,43.9187
2019-08-16,-0.0021,747.0,22.0,18.0,448.0,0.0,1276.0,1.0,1.0,157.0,136.46,134.72,134.88,136.13,25026151.0,49.3328
2019-08-19,-0.0037,420.0,20.0,12.0,270.0,0.0007,836.0,1.0,2.0,64.0,138.55,136.885,137.855,138.41,24370543.0,53.8026
2019-08-20,0.0036,862.0,10.0,37.0,575.0,0.0008,1687.0,1.0,8.0,233.0,138.71,137.24,138.21,137.26,21188998.0,51.3423
2019-08-21,0.0022,692.0,9.0,21.0,421.0,0.0,1238.0,0.0,0.0,197.0,139.4935,138.0,138.55,138.79,14982314.0,54.3342
2019-08-22,0.001,813.0,14.0,19.0,527.0,0.0,1309.0,0.0,2.0,236.0,139.2,136.29,138.66,137.78,18709662.0,52.0586
2019-08-23,-0.0018,767.0,21.0,17.0,457.0,-0.0006,1174.0,4.0,2.0,156.0,138.35,132.8,137.1897,133.39,38515386.0,43.5256
2019-08-26,0.0057,371.0,14.0,18.0,227.0,0.0,736.0,0.0,0.0,68.0,135.56,133.9,134.99,135.45,20325271.0,47.8456
2019-08-27,0.0021,642.0,8.0,21.0,398.0,0.0006,1040.0,3.0,4.0,143.0,136.72,134.66,136.39,135.74,23115635.0,48.4435
2019-08-28,0.0021,663.0,13.0,23.0,449.0,0.0002,1252.0,2.0,3.0,193.0,135.76,133.55,134.88,135.56,17410828.0,48.0751
2019-08-29,-0.0018,715.0,21.0,18.0,462.0,0.0001,1580.0,1.0,2.0,185.0,138.44,136.91,137.25,138.12,20179716.0,53.4922
2019-08-30,0.0131,671.0,15.0,50.0,404.0,0.0026,1425.0,0.0,10.0,177.0,139.18,136.27,139.15,137.86,23946123.0,52.8887
2019-09-02,0.0125,361.0,13.0,26.0,218.0,0.0006,759.0,0.0,2.0,65.0,,,,,,
2019-09-03,0.0087,391.0,10.0,26.0,245.0,0.0002,778.0,0.0,1.0,71.0,137.2,135.7,136.61,136.04,18880773.0,48.7432
2019-09-04,0.002,557.0,9.0,16.0,333.0,-0.0002,1067.0,2.0,0.0,129.0,137.69,136.48,137.3,137.63,18015310.0,52.2635
2019-09-05,0.0043,710.0,14.0,35.0,474.0,-0.0021,1527.0,10.0,5.0,178.0,140.3837,138.76,139.11,140.05,26119520.0,57.0935
2019-09-06,0.0024,778.0,14.0,28.0,526.0,0.0001,1246.0,1.0,2.0,206.0,140.18,138.2,140.03,139.1,20824504.0,54.7515
2019-09-09,0.0014,447.0,7.0,13.0,313.0,0.0015,1061.0,0.0,6.0,143.0,139.75,136.46,139.59,137.52,25773932.0,51.0042
2019-09-10,-0.0111,934.0,68.0,27.0,601.0,-0.0004,1693.0,5.0,0.0,222.0,136.8862,134.51,136.8,136.08,28903378.0,47.7935
2019-09-11,-0.0044,799.0,36.0,27.0,503.0,-0.0024,1406.0,11.0,2.0,193.0,136.27,135.09,135.91,136.12,24726117.0,47.8917
2019-09-12,-0.0066,913.0,42.0,38.0,482.0,-0.0026,1160.0,8.0,3.0,153.0,138.42,136.87,137.85,137.52,27009981.0,51.339
2019-09-13,0.0046,787.0,10.0,37.0,498.0,0.0005,957.0,3.0,4.0,159.0,138.06,136.57,137.78,137.32,23363057.0,50.8217
2019-09-16,-0.0036,415.0,18.0,11.0,262.0,-0.0001,789.0,1.0,0.0,102.0,136.7,135.66,135.83,136.33,16731440.0,48.2312
2019-09-17,0.0022,636.0,12.0,22.0,414.0,-0.0006,1297.0,6.0,4.0,223.0,137.52,136.425,136.96,137.39,17976285.0,51.105
2019-09-18,0.0029,567.0,13.0,23.0,383.0,-0.004,1392.0,14.0,2.0,206.0,138.67,136.5299,137.36,138.52,24473386.0,54.0344
2019-09-19,0.0778,1317.0,31.0,206.0,693.0,0.1482,1830.0,3.0,80.0,183.0,142.37,140.0736,140.3,141.07,36095413.0,59.8763
2019-09-20,0.0492,1592.0,42.0,191.0,818.0,0.1029,2178.0,12.0,91.0,249.0,141.65,138.25,141.01,139.44,40040766.0,55.0592
2019-09-23,0.0076,426.0,5.0,24.0,236.0,0.0033,874.0,1.0,5.0,78.0,139.63,138.44,139.23,139.14,17408374.0,54.195
2019-09-24,0.0026,815.0,15.0,27.0,485.0,0.0007,1375.0,1.0,6.0,213.0,140.69,136.88,140.36,137.38,30016670.0,49.3057
2019-09-25,0.0011,953.0,24.0,24.0,641.0,0.0004,1667.0,2.0,7.0,302.0,139.958,136.03,137.5,139.36,22544054.0,54.3007
2019-09-26,0.0033,799.0,17.0,29.0,494.0,-0.0001,1343.0,2.0,0.0,205.0,140.18,138.44,139.44,139.54,17813512.0,54.7373
2019-09-27,0.0056,754.0,15.0,39.0,452.0,0.0011,1250.0,5.0,7.0,178.0,140.36,136.645,140.15,137.73,22498958.0,49.605
2019-09-30,-0.0014,369.0,10.0,5.0,240.0,-0.0004,721.0,2.0,0.0,88.0,139.215,137.78,138.05,139.03,18430390.0,53.0127
2019-10-01,0.0124,776.0,8.0,58.0,473.0,0.0045,1220.0,2.0,17.0,207.0,140.25,137.0,139.66,137.07,22581929.0,47.7681
2019-10-02,-0.002,848.0,28.0,26.0,591.0,0.0004,1404.0,3.0,6.0,259.0,136.37,133.5799,136.25,134.65,32001763.0,42.2149
2019-10-03,-0.0006,2494.0,49.0,50.0,1781.0,0.0,3281.0,6.0,3.0,817.0,136.75,133.22,134.95,136.28,26379798.0,46.7087
2019-10-04,0.0024,1080.0,18.0,38.0,683.0,0.0002,1649.0,2.0,5.0,300.0,138.25,136.42,136.75,138.12,23839548.0,51.3117
2019-10-07,-0.0005,429.0,7.0,6.0,292.0,0.0008,811.0,1.0,4.0,123.0,138.18,137.02,137.14,137.12,16601284.0,48.8426
2019-10-08,0.0105,737.0,35.0,50.0,459.0,0.0012,1317.0,6.0,8.0,204.0,137.76,135.62,137.08,135.67,26783336.0,45.4289
2019-10-09,0.0076,879.0,34.0,56.0,588.0,-0.0023,1505.0,13.0,13.0,249.0,138.7,136.97,137.46,138.24,20178482.0,51.8521
2019-10-10,0.002,748.0,16.0,25.0,515.0,0.0007,1503.0,2.0,7.0,217.0,139.6699,138.25,138.49,139.1,18396605.0,53.8112
2019-10-11,0.0094,653.0,18.0,43.0,400.0,0.0032,1235.0,1.0,11.0,157.0,141.03,139.5,140.12,139.68,25551065.0,55.1371
2019-10-14,0.0154,334.0,14.0,26.0,187.0,0.0047,845.0,0.0,5.0,69.0,140.29,139.52,139.69,139.55,13591639.0,54.7577
2019-10-15,0.0048,627.0,11.0,33.0,431.0,0.0021,1270.0,9.0,10.0,195.0,141.79,139.81,140.06,141.575,19917762.0,59.4396
2019-10-16,0.0014,821.0,21.0,22.0,555.0,0.0001,1407.0,2.0,2.0,153.0,140.99,139.53,140.79,140.41,20841687.0,55.8582
2019-10-17,0.0066,695.0,19.0,42.0,457.0,0.0229,1537.0,3.0,27.0,149.0,141.42,139.02,140.95,139.69,22102797.0,53.7045
2019-10-18,0.011,685.0,15.0,46.0,443.0,0.0171,1342.0,6.0,26.0,171.0,140.0,136.56,139.76,137.41,32284428.0,47.4637
2019-10-21,0.0171,460.0,19.0,37.0,256.0,0.0032,1233.0,3.0,5.0,82.0,138.5,137.01,138.45,138.43,20716039.0,50.2491
2019-10-22,0.0049,1123.0,30.0,55.0,711.0,0.0003,1920.0,3.0,5.0,264.0,140.01,136.26,138.97,136.37,27935270.0,45.0538
2019-10-23,0.011,1467.0,54.0,81.0,728.0,0.0029,1733.0,3.0,12.0,192.0,137.45,135.61,136.88,137.24,31380309.0,47.5215
2019-10-24,0.1396,4124.0,179.0,537.0,1320.0,0.4301,2961.0,15.0,184.0,198.0,140.42,138.67,139.39,139.94,37278399.0,54.3706
2019-10-25,0.0796,1732.0,78.0,221.0,716.0,0.1371,2401.0,27.0,90.0,205.0,141.14,139.2,139.34,140.73,25959724.0,56.173
2019-10-28,0.1183,1016.0,25.0,178.0,473.0,0.0262,1395.0,2.0,18.0,100.0,145.67,143.51,144.4,144.19,35280137.0,63.056
2019-10-29,0.046,2021.0,70.0,223.0,979.0,0.0292,2598.0,20.0,68.0,358.0,144.5,142.65,144.08,142.83,20589469.0,59.1254
2019-10-30,0.0172,1188.0,40.0,87.0,605.0,0.0016,1906.0,4.0,11.0,241.0,145.0,142.79,143.52,144.61,18496591.0,62.4266
2019-10-31,0.0069,952.0,32.0,48.0,547.0,0.0007,1517.0,0.0,6.0,190.0,144.93,142.99,144.9,143.37,24605135.0,58.8602
2019-11-01,0.0077,740.0,30.0,45.0,455.0,-0.0094,1294.0,16.0,6.0,145.0,144.42,142.965,144.26,143.72,33128366.0,59.5624
2019-11-04,0.0145,536.0,18.0,49.0,307.0,0.0024,1166.0,1.0,7.0,118.0,145.0,144.16,144.83,144.55,16911999.0,61.2516
2019-11-05,0.0088,1973.0,33.0,137.0,1348.0,0.0004,2860.0,3.0,17.0,681.0,145.02,143.905,144.97,144.46,18250172.0,60.9542
2019-11-06,0.0192,1234.0,37.0,125.0,792.0,0.0004,1953.0,4.0,8.0,366.0,144.52,143.2,144.37,144.06,16575798.0,59.5702
2019-11-07,0.0019,988.0,17.0,34.0,696.0,-0.0037,1556.0,17.0,1.0,259.0,144.88,143.77,143.84,144.26,17786715.0,60.0586
2019-11-08,0.0013,1001.0,18.0,28.0,712.0,-0.0025,1678.0,14.0,2.0,268.0,145.99,143.76,143.98,145.96,16752939.0,64.0351
2019-11-11,0.0023,460.0,12.0,16.0,303.0,-0.0011,1009.0,3.0,2.0,79.0,146.42,144.73,145.34,146.11,14370178.0,64.3721
2019-11-12,0.0063,914.0,11.0,50.0,574.0,-0.0001,1506.0,3.0,2.0,221.0,147.57,146.06,146.28,147.07,18648712.0,66.5338
2019-11-13,0.0055,889.0,11.0,51.0,623.0,0.0002,1626.0,2.0,4.0,244.0,147.4625,146.28,146.74,147.31,17444230.0,67.0716
2019-11-14,0.002,1000.0,21.0,36.0,715.0,0.0001,1720.0,2.0,2.0,201.0,148.41,147.0,147.02,148.06,19755100.0,68.7614
2019-11-15,0.0268,1310.0,27.0,161.0,906.0,0.0008,2462.0,6.0,16.0,481.0,149.99,148.27,148.93,149.97,23508807.0,72.6153
2019-11-18,0.0082,561.0,7.0,37.0,371.0,0.0018,1535.0,5.0,8.0,166.0,150.55,148.98,150.07,150.34,21554762.0,73.3024
2019-11-19,0.0103,936.0,17.0,62.0,571.0,0.0001,1912.0,2.0,4.0,279.0,151.33,150.195,150.88,150.39,23960164.0,73.3996
2019-11-20,0.0119,1242.0,67.0,90.0,729.0,-0.0027,2005.0,22.0,9.0,369.0,150.84,148.46,150.31,149.62,25720060.0,69.2227
2019-11-21,0.0038,823.0,22.0,37.0,560.0,-0.0009,1490.0,7.0,7.0,222.0,149.8,148.501,149.4,149.48,18576083.0,68.4599
2019-11-22,0.0055,878.0,15.0,48.0,564.0,0.0002,1728.0,2.0,4.0,262.0,150.3,148.82,150.07,149.59,15841680.0,68.7512
2019-11-25,0.0037,413.0,11.0,20.0,300.0,-0.0072,1233.0,9.0,7.0,90.0,151.35,149.92,150.0,151.23,22428585.0,72.7876
2019-11-26,0.0085,657.0,18.0,38.0,363.0,-0.0006,1422.0,4.0,3.0,154.0,152.42,151.32,151.36,152.03,24635100.0,74.5168
2019-11-27,0.0054,695.0,16.0,34.0,432.0,0.0,1353.0,0.0,1.0,172.0,152.5,151.52,152.33,152.32,15201293.0,75.1336
2019-11-28,0.0039,563.0,8.0,25.0,361.0,0.0001,1105.0,1.0,2.0,139.0,,,,,,
2019-11-29,0.0029,295.0,7.0,11.0,204.0,0.0,927.0,0.0,0.0,78.0,152.3,151.28,152.1,151.38,11977300.0,69.2797
2019-12-02,0.0028,376.0,2.0,15.0,259.0,0.0003,1006.0,1.0,2.0,97.0,151.83,148.32,151.81,149.55,27473616.0,59.5519
2019-12-03,0.0028,681.0,18.0,24.0,393.0,-0.0005,1570.0,4.0,2.0,146.0,149.43,146.65,147.49,149.31,25192145.0,58.3938
2019-12-04,0.0041,734.0,28.0,28.0,412.0,0.0019,1499.0,1.0,9.0,176.0,150.1799,149.2,150.14,149.85,17580617.0,60.266
2019-12-05,0.0046,,,,,0.0005,,3.0,6.0,249.0,150.32,149.48,150.05,149.93,17880601.0,60.5493
2019-12-06,0.0081,741.0,14.0,50.0,490.0,-0.0004,1286.0,5.0,1.0,184.0,151.87,150.27,150.99,151.75,16410400.0,66.4146
2019-12-09,0.005,429.0,17.0,21.0,280.0,0.0001,1027.0,1.0,1.0,72.0,152.21,150.91,151.07,151.36,16741350.0,64.2115
2019-12-10,-0.0091,751.0,44.0,19.0,443.0,-0.0086,1940.0,21.0,4.0,200.0,151.89,150.765,151.29,151.13,16481060.0,62.8867
2019-12-11,0.0059,766.0,19.0,41.0,482.0,0.0002,1797.0,4.0,5.0,282.0,151.87,150.33,151.54,151.7,18860001.0,64.8237
2019-12-12,0.0056,665.0,14.0,30.0,411.0,0.0014,1507.0,6.0,8.0,169.0,153.44,151.02,151.65,153.24,24645366.0,69.4612
2019-12-13,0.0059,926.0,14.0,51.0,578.0,0.0006,1785.0,2.0,8.0,269.0,154.89,152.83,153.0035,154.53,23850062.0,72.7072
2019-12-16,0.0033,382.0,10.0,13.0,216.0,0.0004,1009.0,1.0,2.0,84.0,155.9,154.82,155.11,155.53,24152770.0,74.9316
2019-12-17,0.0113,932.0,30.0,57.0,515.0,-0.0021,1697.0,9.0,6.0,177.0,155.71,154.45,155.45,154.69,25443527.0,69.7864
2019-12-18,0.007,917.0,41.0,48.0,514.0,-0.0017,1788.0,13.0,9.0,278.0,155.48,154.18,154.3,154.37,24132379.0,67.8744
2019-12-19,0.0025,,,,,-0.0006,,5.0,2.0,171.0,155.77,153.75,154.0,155.71,25813825.0,71.4072
2019-12-20,0.0056,671.0,11.0,33.0,418.0,0.0,1142.0,1.0,1.0,147.0,158.49,156.29,157.35,157.41,53599613.0,75.142
2019-12-23,0.0023,283.0,6.0,11.0,201.0,-0.0043,761.0,3.0,1.0,43.0,158.12,157.27,158.12,157.41,17726283.0,75.142
2019-12-24,0.0034,541.0,15.0,20.0,336.0,0.0006,922.0,2.0,3.0,99.0,157.71,157.115,157.48,157.38,8989150.0,74.9416
2019-12-25,0.0047,257.0,7.0,12.0,161.0,-0.0037,670.0,4.0,2.0,61.0,,,,,,
2019-12-26,0.0057,207.0,6.0,12.0,141.0,0.0,623.0,0.0,0.0,28.0,158.73,157.4,157.56,158.67,14526927.0,77.6955
2019-12-27,0.018,610.0,10.0,50.0,344.0,0.0441,990.0,0.0,19.0,84.0,159.55,158.22,159.45,158.96,18414352.0,78.2735
2019-12-30,0.0166,329.0,5.0,28.0,198.0,0.0024,712.0,0.0,3.0,49.0,159.02,156.73,158.9865,157.59,16356720.0,69.1554
2019-12-31,0.0085,802.0,50.0,50.0,503.0,-0.0121,1270.0,20.0,8.0,149.0,157.77,156.45,156.77,157.7,18393383.0,69.463
2020-01-01,0.0327,535.0,17.0,60.0,307.0,0.0222,693.0,8.0,12.0,70.0,,,,,,
2020-01-02,0.0036,431.0,15.0,14.0,258.0,0.0283,833.0,2.0,11.0,58.0,160.73,158.33,158.78,160.62,22634546.0,76.2373
2020-01-03,0.0106,772.0,21.0,50.0,435.0,0.0015,958.0,2.0,5.0,110.0,159.945,158.06,158.32,158.62,21121681.0,65.5166
2020-01-06,0.005,304.0,4.0,15.0,188.0,0.0013,746.0,2.0,3.0,66.0,159.1,156.51,157.08,159.03,20826702.0,66.5549
2020-01-07,0.0062,621.0,13.0,35.0,414.0,0.0008,1157.0,2.0,4.0,138.0,159.67,157.32,159.32,157.58,21881740.0,59.7077
2020-01-08,0.0034,743.0,14.0,30.0,474.0,0.0008,1039.0,1.0,5.0,153.0,160.8,157.9491,158.93,160.09,27762026.0,66.1918
2020-01-09,0.0292,775.0,11.0,79.0,448.0,0.015,1135.0,2.0,18.0,125.0,162.215,161.03,161.835,162.09,21399951.0,70.2939
2020-01-10,0.0168,947.0,13.0,88.0,618.0,0.0023,1435.0,1.0,12.0,211.0,163.22,161.18,162.8235,161.34,20733946.0,67.0103
2020-01-13,0.0171,497.0,11.0,36.0,287.0,0.0003,1178.0,1.0,3.0,137.0,163.31,161.26,161.76,163.28,21637007.0,70.8088
2020-01-14,0.0036,1679.0,30.0,70.0,1089.0,-0.0006,2695.0,13.0,10.0,473.0,163.6,161.72,163.39,162.13,23500783.0,65.9604
2020-01-15,0.0016,2038.0,51.0,52.0,1163.0,0.0001,2782.0,7.0,8.0,595.0,163.94,162.57,162.62,163.18,21417871.0,68.1076
2020-01-16,0.0018,1161.0,23.0,33.0,736.0,0.0002,1820.0,1.0,5.0,320.0,166.24,164.03,164.35,166.17,23865360.0,73.277
2020-01-17,-0.0189,2081.0,179.0,122.0,1202.0,0.0004,3111.0,3.0,13.0,547.0,167.4675,165.43,167.42,167.1,34371659.0,74.6532
2020-01-20,0.0041,478.0,19.0,22.0,317.0,0.0009,1101.0,0.0,3.0,98.0,,,,,,
2020-01-21,0.0104,658.0,35.0,48.0,452.0,0.0019,1477.0,2.0,9.0,178.0,168.19,166.43,166.68,166.5,29517191.0,72.0744
2020-01-22,0.0072,1061.0,45.0,61.0,685.0,0.0008,1465.0,3.0,8.0,243.0,167.49,165.68,167.4,165.7,24138777.0,68.6683
2020-01-23,0.0076,1240.0,49.0,75.0,793.0,0.0007,1596.0,6.0,9.0,297.0,166.8,165.27,166.19,166.72,19680766.0,70.5775
2020-01-24,0.0091,970.0,40.0,58.0,576.0,-0.0023,1139.0,11.0,10.0,186.0,167.53,164.45,167.51,165.04,24918117.0,63.6934
2020-01-27,0.0085,533.0,20.0,31.0,306.0,0.012,726.0,1.0,7.0,54.0,163.375,160.2,161.15,162.28,32078067.0,54.3194
2020-01-28,0.0027,968.0,24.0,35.0,638.0,0.0023,1344.0,4.0,12.0,208.0,165.755,163.073,163.78,165.46,24899940.0,61.3732
2020-01-29,0.0076,1160.0,28.0,66.0,722.0,0.0085,1427.0,0.0,19.0,178.0,168.75,165.69,167.84,168.04,35127771.0,65.965
2020-01-30,0.1296,3296.0,117.0,520.0,1351.0,0.2744,2917.0,17.0,182.0,286.0,174.05,170.79,174.05,172.78,51597470.0,72.4459
2020-01-31,0.0326,1859.0,78.0,186.0,964.0,0.1016,2308.0,11.0,95.0,253.0,172.4,169.58,172.21,170.23,36142690.0,65.2478
2020-02-03,0.0086,536.0,15.0,36.0,371.0,0.001,957.0,1.0,3.0,92.0,174.5,170.4,170.43,174.38,30149052.0,70.402
2020-02-04,0.0214,1024.0,37.0,92.0,573.0,0.0142,1653.0,4.0,25.0,189.0,180.64,176.31,177.14,180.12,36433339.0,75.7575
2020-02-05,0.0343,1437.0,21.0,141.0,704.0,0.0107,1648.0,1.0,18.0,162.0,184.2,178.4101,184.03,179.9,39186324.0,75.1959
2020-02-06,0.0084,1560.0,59.0,91.0,906.0,0.0004,1655.0,1.0,7.0,310.0,183.8199,180.059,180.97,183.63,27751381.0,78.153
2020-02-07,0.0149,1210.0,33.0,84.0,623.0,0.0014,1215.0,2.0,5.0,113.0,185.63,182.48,182.845,183.89,33529074.0,78.3468
2020-02-10,0.0069,532.0,22.0,27.0,288.0,0.0001,1038.0,0.0,2.0,137.0,188.84,183.25,183.58,188.7,35844267.0,81.5986
2020-02-11,0.0264,2239.0,65.0,170.0,974.0,-0.0026,1738.0,13.0,11.0,210.0,190.7,183.5,190.65,184.44,53159906.0,71.3751
2020-02-12,0.012,2870.0,87.0,135.0,1124.0,-0.0081,2463.0,38.0,2.0,367.0,185.85,181.85,185.58,184.71,47062921.0,71.6178
2020-02-13,0.0104,2541.0,106.0,113.0,1004.0,-0.0025,1714.0,16.0,3.0,282.0,186.23,182.872,183.08,183.71,35295834.0,69.2749
2020-02-14,-0.0156,2974.0,173.0,130.0,1268.0,-0.0369,2142.0,66.0,7.0,321.0,185.41,182.65,183.25,185.35,23149516.0,70.9531
2020-02-17,0.0043,463.0,16.0,23.0,302.0,0.0003,852.0,0.0,2.0,123.0,,,,,,
2020-02-18,0.0045,789.0,32.0,33.0,472.0,0.0004,1234.0,3.0,3.0,154.0,187.7,185.5,185.605,187.23,27853113.0,72.7881
2020-02-19,0.007,1278.0,45.0,55.0,627.0,0.0002,1624.0,2.0,4.0,239.0,188.18,186.47,188.06,187.28,29997471.0,72.8372
2020-02-20,0.0059,1304.0,27.0,62.0,727.0,0.0001,1432.0,0.0,3.0,227.0,187.25,181.1,186.95,184.42,36862376.0,65.545
2020-02-21,0.0068,1540.0,59.0,66.0,725.0,0.0001,1757.0,1.0,3.0,261.0,183.5,177.25,183.17,178.59,48600385.0,53.735
2020-02-24,-0.011,878.0,55.0,29.0,479.0,0.0,1139.0,0.0,1.0,199.0,174.55,163.23,167.77,170.89,68311066.0,42.773
2020-02-25,-0.0084,1723.0,89.0,71.0,916.0,-0.0001,1963.0,4.0,4.0,368.0,174.84,167.6462,174.2,168.07,68073295.0,39.5878
2020-02-26,-0.0136,1521.0,94.0,87.0,733.0,0.0006,1638.0,4.0,8.0,254.0,173.26,168.21,169.71,170.17,56387148.0,42.9923
2020-02-27,-0.0635,2291.0,276.0,70.0,1040.0,-0.0733,2675.0,102.0,12.0,323.0,167.03,157.98,163.32,158.18,93174906.0,31.9287
2020-02-28,-0.0404,2150.0,214.0,58.0,998.0,-0.0316,2546.0,57.0,8.0,291.0,163.71,152.0,152.41,162.01,97073557.0,37.4647
2020-03-02,-0.0096,743.0,44.0,36.0,404.0,0.0,1116.0,0.0,0.0,86.0,172.92,162.31,165.31,172.79,71030810.0,49.8317
2020-03-03,0.0087,1419.0,44.0,76.0,763.0,0.0018,1798.0,2.0,9.0,168.0,175.0,162.26,173.8,164.51,71677019.0,42.8261
2020-03-04,0.005,1368.0,53.0,56.0,709.0,-0.0004,1624.0,5.0,5.0,215.0,170.7,165.62,168.485,170.55,49814383.0,48.5125
2020-03-05,0.0027,1270.0,46.0,46.0,806.0,0.0006,1676.0,0.0,7.0,221.0,170.87,165.69,166.045,166.27,47817251.0,45.0902
2020-03-06,-0.0077,1550.0,81.0,59.0,853.0,-0.0002,1960.0,4.0,3.0,243.0,163.11,156.0,162.61,161.57,72821057.0,41.6183
2020-03-09,-0.0125,746.0,45.0,20.0,380.0,-0.0074,1042.0,6.0,2.0,61.0,157.75,150.0,151.0,150.62,70419274.0,34.8797
2020-03-10,-0.0156,1325.0,88.0,73.0,649.0,-0.001,1745.0,6.0,3.0,162.0,161.03,152.58,158.16,160.92,65354385.0,44.0556
2020-03-11,-0.0103,1274.0,86.0,66.0,752.0,0.001,2110.0,6.0,10.0,266.0,157.7,151.15,157.13,153.63,56504304.0,39.7829
2020-03-12,-0.0105,1450.0,94.0,50.0,839.0,0.0005,1879.0,0.0,6.0,237.0,153.47,138.58,145.3,139.06,93226366.0,32.9125
2020-03-13,-0.0232,1736.0,149.0,80.0,917.0,-0.0025,2010.0,15.0,2.0,267.0,161.91,140.73,147.5,158.83,92727446.0,46.431
2020-03-16,-0.009,934.0,62.0,20.0,598.0,0.0001,1486.0,1.0,2.0,162.0,149.35,135.0,140.0,135.42,87905868.0,36.9391
2020-03-17,-0.0102,1767.0,114.0,64.0,1066.0,-0.0004,2930.0,10.0,3.0,466.0,147.4998,135.0,140.0,146.57,81059817.0,42.924
2020-03-18,-0.0094,1266.0,85.0,50.0,823.0,0.0001,2317.0,3.0,3.0,273.0,146.0,135.02,138.0,140.4,81593173.0,40.6263
2020-03-19,-0.0049,1150.0,58.0,39.0,756.0,-0.0001,2249.0,4.0,0.0,270.0,150.15,139.0,142.77,142.71,85922661.0,41.8807
2020-03-20,0.0066,1363.0,45.0,81.0,867.0,0.0001,1836.0,0.0,4.0,326.0,147.1,135.86,146.0,137.35,84866215.0,39.7805
2020-03-23,-0.005,590.0,34.0,27.0,428.0,-0.0002,1154.0,2.0,0.0,96.0,140.57,132.52,137.01,135.98,78975176.0,39.2389
2020-03-24,-0.006,1183.0,70.0,49.0,822.0,-0.0001,2065.0,4.0,1.0,265.0,149.6,141.27,143.75,148.34,82516727.0,46.3375
2020-03-25,0.0043,1221.0,49.0,59.0,794.0,-0.0007,2036.0,10.0,4.0,292.0,154.33,144.44,148.91,146.92,75638224.0,45.6773
2020-03-26,0.0033,1021.0,30.0,41.0,658.0,-0.0006,1605.0,6.0,3.0,186.0,156.66,148.37,148.4,156.11,64694427.0,50.5846
2020-03-27,0.0031,1012.0,32.0,42.0,695.0,-0.0008,1701.0,7.0,3.0,212.0,154.89,149.2,151.75,149.7,57042291.0,47.3702
2020-03-30,0.008,636.0,23.0,42.0,433.0,0.0004,1154.0,1.0,3.0,123.0,160.6,150.01,152.44,160.23,63420326.0,52.6888
2020-03-31,0.0132,1857.0,28.0,141.0,1129.0,0.0053,2259.0,3.0,30.0,343.0,164.78,156.56,159.4,157.71,77927186.0,51.3514
2020-04-01,-0.0088,1428.0,89.0,72.0,875.0,0.0024,1711.0,8.0,16.0,261.0,157.75,150.82,153.0,152.11,57969926.0,48.4106
2020-04-02,-0.0052,1152.0,60.0,45.0,760.0,-0.0004,1730.0,6.0,3.0,262.0,155.48,150.36,151.86,155.26,49630735.0,50.1403
2020-04-03,0.0048,935.0,44.0,50.0,673.0,0.0008,1430.0,3.0,8.0,245.0,157.38,152.19,155.1,153.83,41243284.0,49.3316
2020-04-06,0.0022,533.0,18.0,19.0,367.0,-0.0007,1178.0,4.0,0.0,146.0,166.5,157.58,160.32,165.27,67111697.0,55.5128
2020-04-07,0.0058,1207.0,27.0,62.0,752.0,0.0004,1848.0,2.0,6.0,240.0,170.0,163.26,169.585,163.49,62769038.0,54.4008
2020-04-08,0.0038,1186.0,51.0,50.0,736.0,0.0,1902.0,2.0,2.0,292.0,166.67,163.5,165.67,165.13,48318234.0,55.2894
2020-04-09,-0.0026,1064.0,40.0,34.0,701.0,0.0016,1701.0,2.0,10.0,216.0,167.37,163.33,166.36,165.14,51431775.0,55.2951
2020-04-10,0.0023,1117.0,39.0,40.0,747.0,0.0015,1339.0,0.0,11.0,230.0,,,,,,
2020-04-13,0.0026,405.0,12.0,15.0,267.0,0.0001,906.0,0.0,1.0,74.0,165.57,162.3,164.35,165.51,41905264.0,55.5219
2020-04-14,0.0035,886.0,27.0,35.0,527.0,0.0,1340.0,0.0,0.0,164.0,173.75,168.0,169.0,173.7,52874338.0,60.3202
2020-04-15,0.0064,1327.0,44.0,72.0,823.0,0.0002,1685.0,3.0,4.0,232.0,173.57,169.24,171.2,171.88,40940833.0,58.8021
2020-04-16,0.0044,1286.0,39.0,61.0,843.0,-0.0062,2080.0,34.0,2.0,363.0,177.28,172.9,174.3,177.04,50479610.0,61.7419
2020-04-17,0.0065,1505.0,48.0,75.0,869.0,-0.0006,1750.0,8.0,3.0,272.0,180.0,175.87,179.5,178.6,52765625.0,62.6106
2020-04-20,0.0028,467.0,13.0,16.0,279.0,0.008,1204.0,1.0,8.0,87.0,178.75,174.99,176.63,175.06,36669595.0,59.3191
2020-04-21,0.007,1083.0,36.0,58.0,651.0,-0.0011,1629.0,10.0,3.0,232.0,173.6699,166.1102,173.5,167.82,56203749.0,53.1634
2020-04-22,0.0094,1254.0,47.0,83.0,767.0,0.0018,1683.0,2.0,11.0,215.0,174.0,170.82,171.39,173.52,34651604.0,56.951
2020-04-23,0.0061,996.0,27.0,52.0,617.0,0.0006,1510.0,1.0,7.0,254.0,175.06,170.91,174.11,171.42,32790804.0,55.1805
2020-04-24,0.0033,950.0,27.0,37.0,589.0,0.0,1621.0,1.0,1.0,227.0,174.56,170.71,172.06,174.55,34305320.0,57.3107
2020-04-27,0.0045,639.0,18.0,30.0,415.0,0.0002,1526.0,2.0,3.0,161.0,176.9,173.3,176.59,174.05,33194384.0,56.8459
2020-04-28,0.0057,1362.0,45.0,68.0,826.0,0.0002,1904.0,2.0,5.0,266.0,175.67,169.39,175.59,169.81,34392694.0,52.926
2020-04-29,0.0102,1463.0,80.0,87.0,792.0,0.0018,1959.0,2.0,11.0,217.0,177.68,171.88,173.22,177.43,51286559.0,58.4688
2020-04-30,0.1143,3855.0,105.0,579.0,1612.0,0.237,3144.0,16.0,171.0,284.0,180.4,176.23,180.0,179.21,53875857.0,59.6636
2020-05-01,0.016,1929.0,83.0,148.0,1044.0,0.0236,2065.0,6.0,61.0,340.0,178.64,174.01,175.8,174.57,39370474.0,55.2052
2020-05-04,0.0052,524.0,10.0,27.0,339.0,0.0028,885.0,5.0,6.0,96.0,179.0,173.8,174.49,178.84,30372862.0,58.2938
2020-05-05,0.0086,1531.0,21.0,90.0,890.0,0.0016,1735.0,2.0,12.0,273.0,183.65,179.9,180.62,180.76,36839168.0,59.6413
2020-05-06,0.0057,1691.0,35.0,88.0,1046.0,0.0004,1938.0,1.0,8.0,352.0,184.2,181.6306,182.08,182.54,32139299.0,60.9025
2020-05-07,0.0036,1647.0,44.0,69.0,1049.0,0.0001,2074.0,5.0,5.0,391.0,184.55,182.58,184.17,183.6,28315992.0,61.6707
2020-05-08,0.0034,1525.0,41.0,57.0,888.0,0.0003,2014.0,4.0,9.0,441.0,185.0,183.36,184.9797,184.68,30912638.0,62.4796
2020-05-11,-0.0027,625.0,25.0,19.0,407.0,0.0,1122.0,0.0,1.0,142.0,187.51,182.85,183.15,186.74,30892660.0,64.0384
2020-05-12,0.0036,1385.0,30.0,54.0,861.0,0.0,1695.0,2.0,2.0,258.0,187.04,182.3,186.8,182.51,32038199.0,58.6499
2020-05-13,-0.0047,1668.0,79.0,45.0,1021.0,0.0,1722.0,2.0,2.0,310.0,184.05,176.54,182.55,179.75,44711488.0,55.3758
2020-05-14,0.0029,1115.0,37.0,42.0,710.0,-0.0001,1686.0,3.0,2.0,214.0,180.69,175.68,177.54,180.53,41873911.0,56.1213
2020-05-15,0.0063,1147.0,32.0,60.0,697.0,0.0004,1685.0,1.0,6.0,262.0,187.06,177.0,179.06,183.16,46610382.0,58.6309
2020-05-18,0.0146,507.0,6.0,42.0,318.0,0.0014,968.0,0.0,4.0,92.0,186.2,183.96,185.75,184.91,35306620.0,60.2596
2020-05-19,0.0049,1282.0,22.0,65.0,868.0,0.0013,1818.0,0.0,13.0,330.0,186.6,183.49,185.03,183.63,26799116.0,58.4471
2020-05-20,0.0015,1921.0,35.0,61.0,1442.0,0.0,2383.0,0.0,4.0,548.0,185.85,183.94,184.81,185.66,31261334.0,60.4775
2020-05-21,0.0023,1298.0,26.0,47.0,863.0,0.0001,1468.0,1.0,3.0,276.0,186.67,183.29,185.4,183.43,29119513.0,57.1725
2020-05-22,0.0045,1009.0,26.0,47.0,654.0,0.0,1423.0,0.0,2.0,239.0,184.46,182.54,183.19,183.51,20826898.0,57.2628
2020-05-25,0.0018,435.0,5.0,15.0,292.0,0.0001,876.0,0.0,1.0,79.0,,,,,,
2020-05-26,0.0086,530.0,15.0,32.0,327.0,0.0002,1068.0,1.0,2.0,115.0,186.5,181.1,186.34,181.57,36073609.0,54.2765
2020-05-27,0.0037,1056.0,42.0,43.0,647.0,0.0002,1435.0,0.0,4.0,230.0,181.9877,176.6,180.2,181.81,39517146.0,54.592
2020-05-28,0.0041,1304.0,52.0,62.0,851.0,0.0002,1794.0,3.0,5.0,304.0,184.1474,180.38,180.74,181.4,33831824.0,53.9077
2020-05-29,0.0048,1041.0,27.0,55.0,714.0,0.0002,1515.0,2.0,4.0,266.0,184.27,180.41,182.73,183.25,42146720.0,56.554
2020-06-01,0.0014,530.0,9.0,16.0,374.0,0.0002,1090.0,0.0,2.0,110.0,183.0,181.46,182.54,182.83,22668821.0,55.7711
2020-06-02,0.0091,971.0,32.0,56.0,563.0,0.0009,1417.0,0.0,8.0,222.0,185.0,181.35,184.25,184.91,30794585.0,58.812
2020-06-03,0.009,1033.0,30.0,59.0,579.0,0.0008,1586.0,3.0,5.0,152.0,185.94,183.58,184.815,185.36,27311016.0,59.4614
2020-06-04,0.0047,826.0,16.0,38.0,502.0,0.0006,1439.0,3.0,5.0,190.0,185.84,182.3,184.3,182.92,28761809.0,54.4487
2020-06-05,0.0033,916.0,30.0,34.0,550.0,-0.0003,1607.0,4.0,2.0,186.0,187.73,182.01,182.62,187.2,39893643.0,60.7062
2020-06-08,0.0066,501.0,15.0,30.0,336.0,0.001,973.0,0.0,3.0,71.0,188.55,184.44,185.94,188.36,33211590.0,62.2209
2020-06-09,0.0135,1035.0,18.0,66.0,532.0,0.0007,1510.0,0.0,6.0,196.0,190.7,187.2605,188.0,189.8,29783916.0,64.0725
2020-06-10,0.0133,1296.0,40.0,89.0,747.0,0.0018,1972.0,3.0,14.0,285.0,198.52,191.01,191.125,196.84,43872329.0,71.4417
2020-06-11,0.0199,1742.0,39.0,137.0,911.0,0.001,2082.0,1.0,9.0,258.0,195.76,186.07,193.13,186.27,52854672.0,53.6491
2020-06-12,-0.0052,1746.0,86.0,52.0,1090.0,-0.0029,2613.0,23.0,5.0,380.0,191.72,185.18,190.54,187.74,43373587.0,55.3158
2020-06-15,-0.0031,548.0,21.0,19.0,362.0,0.0,1011.0,0.0,0.0,96.0,190.82,184.01,184.58,188.94,32770189.0,56.6851
2020-06-16,0.0021,1152.0,28.0,39.0,770.0,0.0006,1702.0,1.0,9.0,317.0,195.58,191.46,192.89,193.57,42556656.0,61.5774
2020-06-17,0.0037,1062.0,29.0,45.0,698.0,0.0006,1470.0,1.0,7.0,249.0,196.32,193.69,195.03,194.24,25687822.0,62.242
2020-06-18,0.0042,1019.0,28.0,50.0,701.0,0.0006,1528.0,0.0,7.0,241.0,196.49,194.0,194.0,196.32,23061648.0,64.3062
2020-06-19,-0.002,1154.0,38.0,36.0,752.0,-0.0089,1562.0,26.0,9.0,237.0,199.29,194.37,198.59,195.15,44441141.0,62.2448
2020-06-22,0.0087,479.0,16.0,26.0,277.0,-0.0088,1007.0,8.0,1.0,79.0,200.76,195.2301,195.79,200.57,32818929.0,67.4501
2020-06-23,-0.01,2276.0,145.0,139.0,1338.0,0.0005,2721.0,1.0,11.0,400.0,203.95,201.425,202.09,201.91,30917447.0,68.6026
2020-06-24,0.015,1361.0,54.0,110.0,811.0,-0.0001,2197.0,3.0,2.0,275.0,203.25,196.56,201.6043,197.84,36740647.0,61.4819
2020-06-25,0.0059,1151.0,46.0,58.0,698.0,0.0003,1595.0,2.0,6.0,253.0,200.61,195.4675,197.8,200.34,27803933.0,63.9567
2020-06-26,-0.0023,941.0,27.0,31.0,618.0,0.0,1281.0,1.0,0.0,232.0,199.89,194.88,199.73,196.33,54675780.0,57.5676
2020-06-29,-0.0219,543.0,45.0,23.0,285.0,-0.0001,1158.0,1.0,0.0,127.0,198.53,193.55,195.78,198.44,26701586.0,59.8409
2020-06-30,0.004,1207.0,55.0,56.0,788.0,0.0003,1734.0,3.0,5.0,271.0,204.4,197.74,197.8816,203.51,34310283.0,64.7305
2020-07-01,0.008,1263.0,33.0,82.0,822.0,0.0011,1845.0,2.0,13.0,332.0,206.35,201.77,203.14,204.7,32061206.0,65.7835
2020-07-02,0.0049,1239.0,37.0,57.0,740.0,0.0002,1702.0,1.0,5.0,270.0,208.02,205.0,205.68,206.26,29315762.0,67.1675
2020-07-03,0.008,941.0,25.0,56.0,594.0,0.0003,1491.0,2.0,5.0,232.0,,,,,,
2020-07-06,0.0064,408.0,7.0,22.0,255.0,0.0015,922.0,1.0,3.0,55.0,211.13,208.09,208.8335,210.7,31897629.0,70.7888
2020-07-07,0.0235,1365.0,38.0,142.0,826.0,0.0008,1906.0,2.0,8.0,243.0,214.67,207.99,210.45,208.25,33600732.0,66.4344
2020-07-08,0.0058,1428.0,34.0,77.0,912.0,-0.0012,2109.0,13.0,4.0,326.0,213.26,208.69,210.07,212.83,33600025.0,70.133
2020-07-09,0.015,1338.0,41.0,98.0,781.0,0.0026,2178.0,5.0,17.0,297.0,216.38,211.47,216.33,214.32,33121681.0,71.2432
2020-07-10,0.0111,1251.0,59.0,86.0,724.0,0.0032,1639.0,6.0,13.0,196.0,214.08,211.08,213.62,213.67,26177633.0,70.0205
2020-07-13,0.0056,599.0,21.0,33.0,409.0,0.0006,1221.0,2.0,3.0,99.0,215.8,206.5,214.48,207.07,38135606.0,58.9559
2020-07-14,-0.0077,1450.0,72.0,57.0,753.0,-0.0052,2400.0,28.0,6.0,330.0,208.85,202.03,206.13,208.35,37591820.0,60.2672
2020-07-15,0.0087,1589.0,42.0,95.0,959.0,-0.0001,2008.0,4.0,4.0,360.0,211.33,205.03,209.56,208.04,32179409.0,59.7692
2020-07-16,0.0146,1526.0,65.0,102.0,806.0,-0.0006,2724.0,14.0,10.0,490.0,205.7,202.31,205.4,203.92,29940653.0,53.4474
2020-07-17,0.0103,1810.0,91.0,101.0,924.0,0.0001,2491.0,4.0,5.0,392.0,205.04,201.39,204.47,202.88,31635281.0,51.9536
2020-07-20,0.0238,914.0,41.0,79.0,470.0,0.0124,1347.0,2.0,16.0,120.0,212.3,203.01,205.0,211.6,36884836.0,61.6356
2020-07-21,0.0487,2496.0,123.0,284.0,1198.0,0.0158,2459.0,15.0,46.0,321.0,213.94,208.03,213.66,208.75,38105777.0,57.5535
2020-07-22,0.0315,2897.0,165.0,279.0,1448.0,0.0013,2414.0,4.0,17.0,374.0,212.3,208.39,209.2,211.75,49605692.0,60.5178
2020-07-23,0.06,6908.0,444.0,757.0,2922.0,-0.1661,3994.0,200.0,170.0,384.0,210.92,202.15,207.19,202.54,67457035.0,49.1659
2020-07-24,-0.0205,3375.0,252.0,189.0,1629.0,-0.0108,2888.0,62.0,44.0,528.0,202.86,197.51,200.42,201.3,39826989.0,47.8641
2020-07-27,0.0076,663.0,21.0,33.0,350.0,0.0013,1065.0,2.0,4.0,93.0,203.97,200.86,201.47,203.85,30160867.0,50.752
2020-07-28,0.0085,1393.0,50.0,77.0,749.0,0.0019,1683.0,10.0,11.0,220.0,204.7,201.74,203.61,202.02,23251388.0,48.6685
2020-07-29,0.0045,1244.0,46.0,56.0,773.0,0.0004,1868.0,6.0,7.0,294.0,204.65,202.01,202.5,204.06,19632602.0,51.0794
2020-07-30,-0.0024,1194.0,44.0,32.0,773.0,-0.0005,1830.0,6.0,1.0,236.0,204.46,199.57,201.0,203.9,25079596.0,50.8776
2020-07-31,0.0106,1393.0,55.0,80.0,738.0,-0.0008,1581.0,5.0,3.0,151.0,205.1,199.01,204.4,205.01,51247969.0,52.2862
2020-08-03,0.0027,4149.0,44.0,142.0,2552.0,-0.0002,5396.0,10.0,7.0,600.0,217.64,210.44,211.52,216.54,78983009.0,63.8742
2020-08-04,0.016,6229.0,142.0,452.0,3355.0,0.0073,6820.0,22.0,90.0,914.0,214.77,210.31,214.17,213.29,49280056.0,59.4885
2020-08-05,0.0061,2933.0,105.0,138.0,1636.0,-0.0008,3943.0,18.0,8.0,539.0,215.0,211.57,214.9,212.94,28858621.0,59.0186
2020-08-06,0.0056,2618.0,48.0,127.0,1531.0,-0.0002,3306.0,6.0,3.0,395.0,216.3705,211.55,212.34,216.35,32656843.0,62.1555
2020-08-07,0.0054,2821.0,93.0,131.0,1593.0,0.0001,3836.0,4.0,5.0,422.0,215.7,210.93,214.85,212.48,27820421.0,56.8381
2020-08-10,0.0022,909.0,14.0,31.0,588.0,-0.0012,2711.0,10.0,6.0,226.0,211.88,206.35,211.67,208.25,36716462.0,51.638
2020-08-11,0.005,1890.0,62.0,81.0,1034.0,0.0017,2838.0,12.0,14.0,300.0,207.65,203.14,207.155,203.38,36446459.0,46.3773
2020-08-12,0.0048,1703.0,53.0,77.0,1029.0,-0.0003,2660.0,7.0,5.0,385.0,210.28,204.75,205.29,209.19,28041364.0,52.5836
2020-08-13,0.0056,1867.0,32.0,86.0,1071.0,0.0004,2679.0,0.0,9.0,420.0,211.35,208.15,209.44,208.7,22588870.0,52.0366
2020-08-14,0.003,1331.0,35.0,47.0,792.0,-0.0001,1676.0,2.0,0.0,202.0,209.59,207.51,208.76,208.9,17958936.0,52.255
2020-08-17,0.0032,540.0,9.0,22.0,353.0,0.0006,1433.0,1.0,3.0,109.0,211.1874,208.915,209.6,210.28,20184757.0,53.817
2020-08-18,0.0035,1193.0,28.0,47.0,714.0,0.0002,2768.0,3.0,5.0,320.0,212.36,209.21,210.53,211.49,21336167.0,55.201
2020-08-19,0.0051,1268.0,28.0,54.0,700.0,0.0001,2741.0,2.0,3.0,296.0,212.1,209.25,211.49,209.7,27627561.0,52.6857
2020-08-20,0.0079,1381.0,27.0,77.0,791.0,0.0001,2757.0,7.0,8.0,692.0,215.0,208.91,209.54,214.58,26981478.0,58.2686
2020-08-21,0.0112,1402.0,25.0,84.0,734.0,-0.0002,1972.0,6.0,5.0,361.0,216.25,212.85,213.86,213.02,36249319.0,55.9941
2020-08-24,-0.0032,828.0,33.0,20.0,509.0,-0.0003,1913.0,3.0,2.0,151.0,215.52,212.43,214.79,213.69,25460147.0,56.7745
2020-08-25,-0.0045,1456.0,62.0,38.0,878.0,-0.0006,2546.0,8.0,5.0,263.0,216.61,213.1,213.1,216.47,23043696.0,59.9485
2020-08-26,0.007,1519.0,31.0,74.0,830.0,-0.0004,2125.0,5.0,4.0,215.0,222.09,217.36,217.88,221.15,39600828.0,64.6539
2020-08-27,0.0082,1808.0,34.0,94.0,968.0,0.0011,2108.0,4.0,8.0,202.0,231.15,219.4,222.89,226.58,57602195.0,69.1783
2020-08-28,0.0101,4965.0,68.0,292.0,2682.0,0.0025,3763.0,3.0,30.0,523.0,230.644,226.58,228.18,228.91,26292896.0,70.8997
2020-08-31,-0.0063,1198.0,49.0,43.0,581.0,0.0005,1381.0,1.0,2.0,77.0,228.7,224.31,227.0,225.53,28774156.0,65.2102
2020-09-01,0.0066,1765.0,58.0,83.0,924.0,-0.0095,1904.0,17.0,8.0,153.0,227.45,224.43,225.51,227.27,25791235.0,66.692
2020-09-02,0.0068,1584.0,26.0,78.0,842.0,0.0003,1812.0,2.0,5.0,232.0,232.86,227.35,227.97,231.65,34080839.0,70.1398
2020-09-03,0.0096,1578.0,28.0,95.0,903.0,0.0028,1856.0,2.0,17.0,268.0,229.31,214.9602,229.27,217.3,58400288.0,51.3762
2020-09-04,-0.0263,1722.0,137.0,67.0,782.0,-0.0069,2310.0,14.0,2.0,148.0,218.3599,205.19,215.1,214.25,59664072.0,48.4118
2020-09-07,0.0078,414.0,13.0,24.0,234.0,0.0001,1185.0,0.0,1.0,81.0,,,,,,
2020-09-08,0.0062,800.0,36.0,42.0,493.0,0.0,1725.0,0.0,1.0,216.0,210.03,202.2,206.5,202.66,52924330.0,39.1641
2020-09-09,-0.0123,1949.0,122.0,90.0,1023.0,-0.003,2808.0,24.0,8.0,385.0,214.8399,206.7,207.6,211.29,45678986.0,47.2449
2020-09-10,0.0146,2103.0,74.0,151.0,1163.0,0.0018,3067.0,10.0,24.0,520.0,214.74,204.11,213.4,205.37,35461514.0,43.0232
2020-09-11,-0.0163,2374.0,208.0,61.0,1480.0,-0.0034,3514.0,44.0,3.0,640.0,208.63,201.24,207.2,204.03,33620073.0,42.106
2020-09-14,-0.0079,3379.0,198.0,80.0,2007.0,0.0001,4330.0,3.0,7.0,724.0,209.2,204.03,204.24,205.41,30375768.0,43.4432
2020-09-15,0.0046,1990.0,65.0,92.0,1274.0,0.0001,3942.0,5.0,6.0,542.0,209.78,206.93,208.42,208.78,21823942.0,46.6819
2020-09-16,0.0165,1541.0,39.0,130.0,987.0,0.0007,2851.0,3.0,10.0,333.0,210.65,204.64,210.62,205.05,26372464.0,43.6991
2020-09-17,0.0053,1463.0,47.0,71.0,930.0,-0.0008,2722.0,8.0,8.0,259.0,204.33,199.96,200.05,202.91,34011257.0,42.0394
2020-09-18,0.0069,1222.0,59.0,65.0,746.0,-0.0014,2193.0,11.0,2.0,255.0,203.65,196.25,202.8,200.39,55225326.0,40.1077
2020-09-21,0.0118,585.0,18.0,37.0,388.0,-0.0005,1573.0,3.0,1.0,90.0,202.71,196.38,197.19,202.54,39839657.0,42.5339
2020-09-22,0.026,3195.0,85.0,368.0,2073.0,0.0004,3385.0,16.0,17.0,703.0,208.1,202.075,205.06,207.42,33517065.0,47.7115
2020-09-23,0.0072,2402.0,53.0,151.0,1623.0,0.0,2736.0,4.0,4.0,677.0,208.1,200.03,207.9,200.59,30803780.0,42.0069
2020-09-24,0.002,1544.0,51.0,52.0,1019.0,-0.0001,2116.0,4.0,1.0,396.0,205.57,199.2,199.85,203.19,31202493.0,44.7167
2020-09-25,0.0031,1420.0,37.0,59.0,971.0,0.0004,2242.0,2.0,8.0,343.0,209.04,202.54,203.55,207.82,29437312.0,49.2631
2020-09-28,0.009,528.0,8.0,33.0,311.0,-0.0006,1088.0,3.0,1.0,117.0,212.57,208.06,210.88,209.44,32004936.0,50.7881
2020-09-29,-0.0234,1466.0,149.0,44.0,908.0,0.0001,1980.0,1.0,3.0,360.0,210.07,206.81,209.35,207.26,24464472.0,48.6682
2020-09-30,-0.0096,1033.0,69.0,39.0,659.0,-0.0006,1689.0,8.0,1.0,278.0,211.98,206.54,207.73,210.33,33829088.0,51.7241
2020-10-01,0.0053,1363.0,50.0,69.0,866.0,0.0004,1614.0,3.0,7.0,285.0,213.99,211.32,213.49,212.46,27158418.0,53.7801
2020-10-02,0.0028,1155.0,27.0,47.0,810.0,0.0009,1632.0,4.0,10.0,288.0,210.99,205.54,208.0,206.19,33154781.0,47.383
2020-10-05,0.0019,614.0,15.0,18.0,381.0,0.0002,1066.0,1.0,2.0,132.0,210.41,206.98,207.22,210.38,21331561.0,51.532
2020-10-06,0.0027,1114.0,34.0,39.0,707.0,0.0004,1570.0,3.0,5.0,212.0,210.18,204.82,208.82,205.91,28554261.0,47.2514
2020-10-07,-0.0032,1254.0,51.0,46.0,844.0,-0.0002,1808.0,5.0,5.0,338.0,210.11,206.72,207.06,209.83,25681054.0,51.0885
2020-10-08,-0.0039,1071.0,46.0,43.0,676.0,-0.0004,1498.0,6.0,2.0,281.0,211.19,208.32,210.51,210.58,19925837.0,51.8108
2020-10-09,0.0042,1821.0,35.0,91.0,1287.0,0.0016,1830.0,1.0,15.0,327.0,215.86,211.23,211.23,215.81,26458047.0,56.6214
2020-10-12,0.0127,601.0,29.0,44.0,368.0,-0.0006,1054.0,4.0,3.0,141.0,223.86,216.81,218.79,221.4,40461368.0,61.0921
2020-10-13,-0.0188,1679.0,135.0,99.0,952.0,0.0017,1933.0,11.0,16.0,360.0,225.21,220.43,222.72,222.86,28950843.0,62.1882
2020-10-14,0.0096,1109.0,32.0,71.0,685.0,0.0001,1558.0,2.0,3.0,260.0,224.22,219.13,223.0,220.86,23451713.0,59.7068
2020-10-15,0.0029,1053.0,32.0,42.0,713.0,-0.0008,1615.0,8.0,5.0,252.0,220.36,216.01,217.1,219.66,22733064.0,58.2061
2020-10-16,0.0066,899.0,30.0,51.0,589.0,-0.0013,1578.0,11.0,2.0,268.0,222.29,219.32,220.15,219.66,26057882.0,58.2061
2020-10-19,0.0099,472.0,8.0,29.0,298.0,0.0004,1138.0,1.0,3.0,121.0,222.3,213.72,220.415,214.22,27625841.0,51.412
2020-10-20,0.0063,1242.0,48.0,65.0,751.0,0.0014,1952.0,5.0,14.0,317.0,217.37,213.0901,215.8,214.65,22753511.0,51.89
2020-10-21,-0.0094,1735.0,122.0,73.0,1100.0,-0.1324,3347.0,206.0,11.0,487.0,216.92,213.12,213.12,214.8,22724906.0,52.0672
2020-10-22,-0.0074,1146.0,68.0,57.0,715.0,-0.0348,2019.0,59.0,3.0,288.0,216.055,211.7,213.93,214.89,22351450.0,52.181
2020-10-23,0.0044,1050.0,35.0,49.0,665.0,-0.0021,1439.0,13.0,2.0,263.0,216.28,213.16,215.03,216.23,18879608.0,53.9343
2020-10-26,0.0034,601.0,13.0,26.0,415.0,-0.0084,1348.0,14.0,6.0,146.0,216.3399,208.1,213.85,210.08,37111561.0,45.6598
2020-10-27,-0.0066,1526.0,78.0,72.0,862.0,-0.0013,2350.0,14.0,10.0,350.0,214.67,210.329,211.59,213.25,36700325.0,49.9243
2020-10-28,0.1119,4761.0,301.0,648.0,1793.0,0.2322,3385.0,39.0,224.0,374.0,208.84,202.1,207.67,202.68,51195593.0,38.9484
2020-10-29,-0.0136,1881.0,128.0,113.0,995.0,0.013,2396.0,30.0,48.0,366.0,207.36,203.37,204.07,204.72,31432563.0,41.6162
2020-10-30,0.0165,1192.0,60.0,102.0,720.0,0.0017,1759.0,4.0,12.0,257.0,204.29,199.62,203.5,202.47,36980111.0,39.5628
2020-11-02,0.0061,422.0,14.0,21.0,265.0,-0.0012,1143.0,4.0,4.0,114.0,205.28,200.12,204.29,202.33,30842163.0,39.4324
2020-11-03,0.0042,897.0,33.0,42.0,579.0,0.0021,1440.0,3.0,12.0,240.0,208.12,203.12,203.89,206.43,27512030.0,45.1348
2020-11-04,0.0076,636.0,20.0,39.0,406.0,0.0018,1350.0,3.0,8.0,159.0,218.32,212.4185,214.02,216.39,42311777.0,55.9778
2020-11-05,0.0313,750.0,17.0,77.0,425.0,0.0081,1704.0,1.0,19.0,188.0,224.12,221.15,222.04,223.29,36080137.0,61.6346
2020-11-06,0.0187,737.0,24.0,72.0,495.0,0.0039,1861.0,2.0,20.0,284.0,224.36,218.03,222.26,223.72,25231895.0,61.9626
2020-11-09,0.0035,491.0,18.0,21.0,333.0,0.0,1230.0,0.0,1.0,181.0,228.12,217.88,224.435,218.39,44394950.0,55.6151
2020-11-10,0.0049,987.0,27.0,49.0,661.0,-0.0001,2201.0,5.0,2.0,378.0,216.5,209.72,214.5,211.01,44045120.0,48.2454
2020-11-11,0.0036,1142.0,49.0,53.0,777.0,-0.0006,2238.0,11.0,2.0,418.0,218.04,212.2,212.39,216.55,29440788.0,53.2532
2020-11-12,0.006,918.0,23.0,55.0,631.0,-0.0014,2145.0,13.0,2.0,336.0,219.11,214.46,217.21,215.44,21616115.0,52.1641
2020-11-13,0.0023,819.0,16.0,32.0,607.0,0.0002,1776.0,2.0,5.0,280.0,217.42,214.16,216.36,216.51,18630307.0,53.1586
2020-11-16,-0.0068,337.0,22.0,8.0,235.0,-0.0015,1142.0,4.0,0.0,94.0,217.74,214.52,214.87,217.23,24953344.0,53.8538
2020-11-17,-0.0011,803.0,26.0,25.0,662.0,-0.0001,2001.0,3.0,1.0,260.0,217.68,214.08,216.1,214.46,24154112.0,50.7341
2020-11-18,0.0026,850.0,18.0,35.0,633.0,0.0,1891.0,2.0,1.0,294.0,215.17,210.93,213.65,211.08,28372789.0,47.1452
2020-11-19,0.0034,845.0,35.0,37.0,575.0,-0.0014,1685.0,9.0,3.0,221.0,213.03,209.93,211.38,212.42,24792746.0,48.6947
2020-11-20,0.0034,682.0,17.0,30.0,487.0,0.0002,1541.0,1.0,4.0,239.0,213.285,210.0,212.2,210.39,22843119.0,46.472
2020-11-23,0.0025,402.0,10.0,17.0,297.0,0.0,1110.0,0.0,1.0,142.0,212.29,208.16,210.95,210.11,25683507.0,46.1591
2020-11-24,0.0041,868.0,29.0,42.0,585.0,0.0011,1970.0,2.0,10.0,262.0,214.25,208.86,209.59,213.86,33979731.0,50.9258
2020-11-25,0.0078,847.0,16.0,52.0,558.0,0.0002,1900.0,1.0,5.0,267.0,215.29,212.46,215.11,213.87,21012887.0,50.9382
2020-11-26,0.0045,745.0,10.0,42.0,567.0,0.0035,1653.0,0.0,14.0,198.0,,,,,,
2020-11-27,0.0029,432.0,9.0,19.0,312.0,-0.001,1173.0,5.0,1.0,149.0,216.27,214.04,214.85,215.23,14512213.0,52.6992
2020-11-30,0.0023,358.0,6.0,15.0,282.0,0.0,1277.0,0.0,1.0,174.0,214.76,210.835,214.1,214.07,33064753.0,51.0172
2020-12-01,-0.0027,735.0,29.0,21.0,499.0,-0.0004,1730.0,6.0,2.0,262.0,217.32,213.35,214.51,216.21,30931318.0,53.938
2020-12-02,0.0062,1294.0,30.0,78.0,919.0,-0.0003,2359.0,8.0,5.0,402.0,215.47,212.8,214.88,215.37,23724509.0,52.6118
2020-12-03,0.0034,996.0,35.0,47.0,736.0,-0.0007,1714.0,9.0,3.0,295.0,216.3757,213.65,214.61,214.24,25120922.0,50.8023
2020-12-04,0.0018,969.0,18.0,34.0,732.0,-0.0004,1370.0,5.0,1.0,230.0,215.38,213.18,214.22,214.36,24666039.0,50.9951
2020-12-07,0.0033,375.0,7.0,17.0,277.0,-0.0001,975.0,1.0,0.0,92.0,215.54,212.99,214.37,214.29,24619997.0,50.8699
2020-12-08,0.0057,911.0,27.0,49.0,572.0,0.0003,1256.0,0.0,4.0,177.0,216.95,212.89,213.97,216.01,23284094.0,53.8671
2020-12-09,-0.0054,1099.0,59.0,59.0,752.0,0.0002,1551.0,0.0,4.0,222.0,215.225,211.214,215.16,211.8,32440603.0,46.4048
2020-12-10,0.0032,1199.0,45.0,51.0,792.0,-0.0001,1961.0,4.0,2.0,316.0,213.08,210.36,211.77,210.52,26467017.0,44.3913
2020-12-11,0.004,1075.0,27.0,56.0,774.0,-0.0005,1655.0,7.0,2.0,267.0,213.32,209.11,210.05,213.26,30979440.0,49.4479
2020-12-14,-0.0116,593.0,53.0,24.0,448.0,0.0003,1268.0,0.0,3.0,130.0,216.21,212.88,213.1,214.2,28798379.0,51.091
2020-12-15,-0.0027,837.0,34.0,22.0,597.0,-0.0001,1559.0,3.0,1.0,238.0,215.42,212.24,215.165,214.13,27018106.0,50.9582
2020-12-16,0.0075,1118.0,46.0,74.0,785.0,-0.0019,1850.0,15.0,5.0,315.0,220.11,214.72,214.75,219.28,35023253.0,59.3348
2020-12-17,0.0225,1259.0,31.0,121.0,735.0,0.0039,1575.0,3.0,12.0,171.0,220.89,217.92,219.87,219.42,32515784.0,59.5371
2020-12-18,-0.0515,1617.0,266.0,55.0,1084.0,-0.0088,2160.0,35.0,4.0,332.0,219.69,216.02,218.59,218.59,63354922.0,57.704
2020-12-21,0.0178,567.0,44.0,44.0,338.0,-0.0013,1189.0,4.0,2.0,103.0,224.0,217.2801,217.55,222.59,37181886.0,63.5315
2020-12-22,0.0208,1290.0,76.0,116.0,771.0,-0.0082,1652.0,23.0,7.0,211.0,225.63,221.85,222.69,223.94,22643397.0,65.2707
2020-12-23,0.0068,954.0,50.0,55.0,620.0,-0.0018,1356.0,7.0,0.0,143.0,223.5589,220.8,223.11,221.02,18699638.0,58.745
2020-12-24,-0.0096,567.0,41.0,17.0,389.0,-0.0002,1157.0,2.0,0.0,107.0,223.61,221.2,221.42,222.75,10550572.0,61.2189
2020-12-25,-0.1038,416.0,81.0,20.0,231.0,-0.011,866.0,11.0,1.0,87.0,,,,,,
2020-12-28,-0.0126,308.0,23.0,21.0,190.0,0.0064,853.0,1.0,5.0,53.0,226.03,223.02,224.45,224.96,17933496.0,64.1743
2020-12-29,0.0106,591.0,33.0,41.0,367.0,0.0023,937.0,2.0,4.0,76.0,227.18,223.58,226.31,224.15,17403213.0,62.3003
2020-12-30,0.0113,549.0,23.0,40.0,352.0,0.0045,1109.0,2.0,5.0,64.0,225.63,221.47,225.23,221.68,20272337.0,56.8487
2020-12-31,0.0085,491.0,26.0,30.0,303.0,0.0008,863.0,0.0,2.0,62.0,223.0,219.68,221.7,222.42,20942132.0,58.0335
2021-01-01,-0.015,962.0,87.0,35.0,645.0,-0.0015,895.0,7.0,1.0,177.0,,,,,,
2021-01-04,-0.0066,352.0,21.0,13.0,234.0,-0.001,858.0,2.0,1.0,62.0,223.0,214.81,222.53,217.69,37130139.0,48.8084
2021-01-05,0.0071,889.0,40.0,52.0,566.0,-0.0003,1338.0,4.0,3.0,189.0,218.52,215.7,217.26,217.9,23822953.0,49.1946
2021-01-06,-0.0062,839.0,48.0,35.0,549.0,-0.0018,1309.0,10.0,1.0,215.0,216.4899,211.94,212.17,212.25,35930653.0,40.3712
2021-01-07,-0.0075,867.0,46.0,45.0,499.0,-0.001,1536.0,7.0,1.0,189.0,219.34,213.71,214.04,218.29,27694480.0,50.5764
2021-01-08,0.0073,594.0,21.0,35.0,378.0,0.0,1440.0,1.0,0.0,117.0,220.58,217.0261,218.68,219.62,22956206.0,52.5041
2021-01-11,-0.0031,385.0,17.0,10.0,277.0,-0.0008,1005.0,2.0,0.0,66.0,218.91,216.73,218.47,217.49,23047029.0,49.1949
2021-01-12,0.0035,888.0,24.0,45.0,646.0,0.0,1866.0,0.0,2.0,260.0,217.1,213.3202,216.5,214.93,23249336.0,45.4844
2021-01-13,-0.0068,900.0,57.0,39.0,636.0,0.0,1675.0,0.0,0.0,211.0,216.76,213.9266,214.02,216.34,20087080.0,47.8189
2021-01-14,-0.0019,733.0,26.0,24.0,524.0,0.0003,1635.0,0.0,4.0,176.0,217.46,212.74,215.91,213.02,29346737.0,43.135
2021-01-15,0.0027,925.0,25.0,37.0,618.0,0.0003,1510.0,4.0,4.0,211.0,214.51,212.03,213.52,212.65,31746512.0,42.6338
2021-01-18,-0.0089,303.0,29.0,15.0,281.0,0.0,1050.0,0.0,0.0,87.0,,,,,,
2021-01-19,-0.0065,400.0,29.0,21.0,308.0,0.0,1195.0,0.0,0.0,105.0,216.98,212.63,213.75,216.44,30480859.0,49.1513
2021-01-20,0.0101,1438.0,29.0,108.0,978.0,0.0032,2300.0,1.0,23.0,358.0,225.79,217.2908,217.7,224.34,37777260.0,59.4842
2021-01-21,0.0371,935.0,30.0,98.0,475.0,0.0009,1593.0,0.0,6.0,171.0,226.3,222.42,224.7,224.97,30749553.0,60.1791
2021-01-22,0.0144,992.0,34.0,80.0,617.0,0.003,1625.0,3.0,13.0,199.0,230.07,225.8,227.08,225.95,30172663.0,61.2914
2021-01-25,0.02,662.0,11.0,59.0,388.0,0.0191,1346.0,0.0,17.0,104.0,229.78,224.22,229.12,229.53,33152095.0,65.1237
2021-01-26,0.0305,1144.0,25.0,122.0,680.0,0.0193,1872.0,1.0,27.0,156.0,234.18,230.08,231.86,232.33,49169601.0,67.8082
2021-01-27,0.2121,4228.0,124.0,926.0,1790.0,0.5805,3509.0,12.0,319.0,264.0,240.44,230.14,238.0,232.9,69870638.0,68.3424
2021-01-28,0.0415,1610.0,106.0,188.0,884.0,0.0494,2338.0,14.0,75.0,298.0,242.64,235.09,235.61,238.93,49111159.0,73.3759
2021-01-29,0.0177,1115.0,38.0,100.0,704.0,0.0025,1620.0,1.0,12.0,205.0,238.02,231.35,235.99,231.96,42503138.0,61.2527
2021-02-01,0.0058,541.0,14.0,32.0,386.0,0.0007,1203.0,1.0,5.0,172.0,242.5,232.43,235.06,239.65,33314193.0,67.611
2021-02-02,0.0145,1184.0,26.0,97.0,763.0,0.0029,2038.0,0.0,16.0,264.0,242.31,238.69,241.3,239.51,25916337.0,67.3942
2021-02-03,0.0059,1218.0,50.0,74.0,872.0,0.0012,2362.0,1.0,14.0,331.0,245.09,239.26,239.57,243.0,27158104.0,69.9788
2021-02-04,0.009,1117.0,35.0,67.0,675.0,0.0025,2117.0,3.0,14.0,238.0,243.2399,240.37,242.66,242.01,25296100.0,68.3243
2021-02-05,0.0022,867.0,21.0,34.0,648.0,-0.0001,1511.0,3.0,3.0,258.0,243.28,240.42,242.23,242.2,18054752.0,68.4783
2021-02-08,-0.002,368.0,12.0,12.0,246.0,0.0014,915.0,1.0,3.0,77.0,243.68,240.81,243.15,242.47,22211929.0,68.7112
2021-02-09,0.0042,767.0,19.0,38.0,547.0,0.0021,1289.0,4.0,10.0,183.0,244.76,241.38,241.87,243.77,23564953.0,69.8654
2021-02-10,0.0072,766.0,40.0,50.0,546.0,0.0042,1412.0,5.0,19.0,254.0,245.92,240.89,245.0,242.82,22186706.0,67.8943
2021-02-11,0.0051,1216.0,44.0,67.0,858.0,-0.0072,1611.0,29.0,17.0,297.0,245.15,242.15,244.78,244.49,15751059.0,69.5221
2021-02-12,0.0026,1354.0,32.0,56.0,1002.0,0.0076,1735.0,10.0,37.0,376.0,245.3,242.73,243.9332,244.99,16561079.0,70.0124
2021-02-15,-0.0293,501.0,57.0,14.0,320.0,0.0002,1115.0,2.0,3.0,173.0,,,,,,
2021-02-16,-0.0113,667.0,50.0,42.0,432.0,0.0016,1396.0,1.0,10.0,230.0,246.13,242.92,245.03,243.7,26728487.0,67.0173
2021-02-17,0.0039,953.0,34.0,49.0,726.0,-0.0021,1870.0,20.0,7.0,363.0,244.31,240.94,241.32,244.2,21673109.0,67.5959
2021-02-18,0.0012,963.0,27.0,29.0,726.0,-0.0036,1814.0,22.0,9.0,305.0,243.93,240.86,241.8,243.79,16925563.0,66.5647
2021-02-19,-0.0036,897.0,46.0,28.0,709.0,-0.0372,1836.0,67.0,2.0,312.0,243.86,240.18,243.75,240.97,25262600.0,59.8064
2021-02-22,-0.0034,545.0,24.0,12.0,388.0,-0.0001,1164.0,1.0,1.0,99.0,237.93,232.4,237.42,234.51,36446936.0,47.8271
2021-02-23,-0.0039,1085.0,52.0,40.0,752.0,-0.0003,2047.0,6.0,2.0,285.0,234.83,228.73,230.325,233.27,30228704.0,45.9255
2021-02-24,-0.0044,1132.0,63.0,35.0,878.0,-0.0041,1914.0,20.0,4.0,268.0,235.2,229.0,230.01,234.55,26339746.0,48.2144
2021-02-25,0.0026,896.0,36.0,39.0,700.0,0.0002,1490.0,1.0,3.0,191.0,234.5852,227.88,232.08,228.99,39542235.0,40.2455
2021-02-26,-0.0136,849.0,73.0,33.0,595.0,-0.0024,1604.0,14.0,2.0,219.0,235.37,229.54,231.525,232.38,37819227.0,46.0955
2021-03-01,-0.0041,437.0,22.0,15.0,318.0,-0.003,1089.0,7.0,1.0,113.0,237.47,233.15,235.9,236.94,25332837.0,52.7907
2021-03-02,0.0014,774.0,19.0,25.0,589.0,0.0012,1628.0,4.0,6.0,163.0,237.3,233.45,237.01,233.87,22812459.0,48.4295
2021-03-03,-0.0103,1503.0,123.0,22.0,1092.0,0.0,2462.0,4.0,2.0,545.0,233.5799,227.26,232.155,227.56,34029526.0,40.9426
2021-03-04,-0.0224,1194.0,127.0,39.0,783.0,-0.0008,1855.0,11.0,3.0,332.0,232.49,224.26,226.735,226.73,44727785.0,40.0653
2021-03-05,-0.0082,1115.0,78.0,41.0,811.0,-0.0005,1465.0,7.0,1.0,287.0,233.27,226.46,229.5165,231.6,41872770.0,47.2131
2021-03-08,-0.0762,781.0,138.0,49.0,452.0,-0.0197,1538.0,32.0,2.0,194.0,233.365,227.13,231.37,227.39,35267440.0,42.495
2021-03-09,-0.03,1230.0,157.0,58.0,804.0,-0.0084,2079.0,37.0,15.0,343.0,235.3839,231.67,232.88,233.78,33080531.0,50.5693
2021-03-10,-0.0102,1262.0,105.0,50.0,954.0,-0.0037,2113.0,27.0,10.0,390.0,237.0,232.04,237.0,232.42,29746812.0,48.9926
2021-03-11,-0.008,1014.0,75.0,32.0,756.0,-0.0307,1700.0,50.0,6.0,254.0,239.17,234.31,234.96,237.13,29907586.0,54.3063
2021-03-12,-0.01,1097.0,88.0,45.0,808.0,-0.0032,1664.0,18.0,6.0,270.0,235.82,233.23,234.01,235.75,22653662.0,52.578
2021-03-15,-0.0079,465.0,30.0,10.0,326.0,-0.0013,1046.0,6.0,2.0,141.0,235.185,231.81,234.96,234.81,26042669.0,51.3786
2021-03-16,-0.006,1225.0,79.0,59.0,905.0,-0.0006,1844.0,11.0,7.0,394.0,240.055,235.94,236.28,237.71,28092196.0,54.8041
2021-03-17,-0.0066,1010.0,64.0,57.0,743.0,-0.0029,1711.0,19.0,3.0,306.0,238.55,233.23,236.15,237.04,29562100.0,53.86
2021-03-18,-0.0031,775.0,35.0,34.0,585.0,-0.0001,1545.0,3.0,2.0,255.0,234.19,230.33,232.56,230.72,34852251.0,45.8383
2021-03-19,0.002,730.0,23.0,29.0,565.0,-0.0041,1366.0,14.0,2.0,179.0,232.474,229.3496,231.02,230.35,46430730.0,45.4119
2021-03-22,0.0102,359.0,11.0,30.0,267.0,0.0001,988.0,1.0,1.0,112.0,236.9,230.14,230.27,235.99,30127005.0,52.6437
2021-03-23,0.0105,1642.0,57.0,125.0,1152.0,0.0007,2342.0,6.0,13.0,402.0,241.05,237.07,237.485,237.58,31638376.0,54.4748
2021-03-24,0.0104,1316.0,29.0,96.0,870.0,0.0017,2053.0,3.0,14.0,298.0,238.0,235.32,237.845,235.46,25620127.0,51.6094
2021-03-25,0.0027,947.0,37.0,41.0,730.0,-0.0002,1778.0,5.0,3.0,284.0,236.94,231.57,235.3,232.34,34061853.0,47.638
2021-03-26,0.0033,985.0,43.0,48.0,717.0,0.0,1517.0,0.0,0.0,203.0,236.71,231.55,231.55,236.48,25479853.0,52.8255
2021-03-29,0.0026,383.0,11.0,17.0,286.0,-0.002,791.0,3.0,0.0,56.0,236.8,231.88,236.59,235.24,25227455.0,51.1897
2021-03-30,-0.0032,675.0,32.0,29.0,538.0,-0.0001,1325.0,2.0,0.0,169.0,233.85,231.1,233.525,231.85,24792012.0,46.9127
2021-03-31,0.0032,752.0,29.0,38.0,607.0,-0.0013,1530.0,8.0,1.0,200.0,239.1,232.39,232.91,235.77,43623471.0,51.9157
2021-04-01,0.0815,2031.0,39.0,367.0,1189.0,0.0039,2032.0,1.0,28.0,366.0,242.84,238.0501,238.47,242.35,30337982.0,58.9148
2021-04-02,0.0199,1464.0,55.0,124.0,836.0,0.0103,1558.0,9.0,30.0,262.0,,,,,,
2021-04-05,0.0131,420.0,7.0,35.0,280.0,0.0012,587.0,0.0,3.0,76.0,249.96,242.7,242.76,249.07,36910609.0,64.5846
2021-04-06,0.0308,1122.0,26.0,118.0,646.0,0.0143,1402.0,1.0,22.0,161.0,249.4,246.88,247.61,247.86,22931923.0,62.9013
2021-04-07,0.0038,756.0,15.0,37.0,561.0,0.0007,1403.0,1.0,6.0,201.0,250.93,247.19,247.81,249.9,22719835.0,64.5775
2021-04-08,0.0089,1071.0,50.0,70.0,693.0,-0.0005,1433.0,6.0,5.0,216.0,254.139,252.0,252.77,253.25,23625197.0,67.1984
2021-04-09,0.0117,906.0,36.0,67.0,593.0,-0.0043,1491.0,13.0,6.0,166.0,255.99,252.44,252.87,255.85,24326833.0,69.1088
2021-04-12,0.061,1244.0,14.0,196.0,754.0,0.0038,1811.0,1.0,14.0,193.0,257.67,254.62,254.71,255.91,27148668.0,69.1535
2021-04-13,0.0766,2162.0,50.0,359.0,1163.0,0.0115,2957.0,9.0,74.0,584.0,259.19,256.83,257.2573,258.49,23837469.0,71.0885
2021-04-14,0.0215,1442.0,38.0,148.0,986.0,0.0012,2067.0,3.0,18.0,432.0,258.83,255.16,257.475,255.59,23070938.0,66.0714
2021-04-15,0.0061,873.0,47.0,52.0,624.0,0.0,1630.0,2.0,1.0,235.0,259.93,257.73,257.931,259.5,25627481.0,69.225
2021-04-16,0.0066,817.0,29.0,53.0,589.0,0.0003,1447.0,0.0,3.0,165.0,261.0,257.6014,259.47,260.74,24878582.0,70.1719
2021-04-19,0.0106,421.0,18.0,32.0,298.0,0.0014,944.0,3.0,5.0,116.0,261.48,257.821,260.19,258.74,23209260.0,66.6119
2021-04-20,0.0046,779.0,21.0,44.0,600.0,-0.0001,1617.0,4.0,0.0,287.0,260.2,256.84,257.82,258.26,19722875.0,65.7498
2021-04-21,0.0042,1134.0,22.0,56.0,844.0,-0.0004,1967.0,8.0,6.0,333.0,260.68,257.25,258.94,260.58,24030383.0,67.9115
2021-04-22,0.0111,876.0,23.0,74.0,623.0,0.0016,1572.0,6.0,13.0,280.0,261.78,255.64,260.21,257.17,25606152.0,61.743
2021-04-23,0.0064,859.0,25.0,56.0,646.0,0.0002,1531.0,3.0,4.0,236.0,261.51,257.27,257.88,261.15,21499286.0,65.6632
2021-04-26,0.009,523.0,9.0,34.0,385.0,0.0014,1171.0,1.0,8.0,172.0,262.435,260.17,261.66,261.55,19766870.0,66.0399
2021-04-27,0.0084,1040.0,18.0,77.0,724.0,0.0036,2200.0,3.0,21.0,295.0,263.19,260.12,261.585,261.97,31014213.0,66.4559
2021-04-28,0.1228,3229.0,228.0,530.0,1499.0,0.2918,3486.0,65.0,202.0,280.0,256.5399,252.95,256.078,254.56,46903119.0,53.9073
2021-04-29,0.0299,1973.0,158.0,248.0,1079.0,0.0524,2407.0,29.0,78.0,289.0,256.1,249.0,255.46,252.51,40589023.0,51.0362
2021-04-30,-0.014,1580.0,119.0,85.0,913.0,0.0048,1861.0,11.0,21.0,263.0,253.08,249.6,249.74,252.18,30945098.0,50.5693
2021-05-03,0.0081,374.0,24.0,24.0,280.0,0.0045,737.0,0.0,5.0,65.0,254.35,251.12,253.4,251.86,19626568.0,50.0907
2021-05-04,0.0048,1592.0,47.0,73.0,1030.0,0.0001,4411.0,3.0,12.0,881.0,251.21,245.76,250.97,247.79,32756052.0,44.3428
2021-05-05,0.006,1112.0,54.0,65.0,703.0,-0.0001,2859.0,5.0,0.0,489.0,249.5,245.82,249.06,246.47,21901325.0,42.6341
2021-05-06,0.0054,913.0,42.0,50.0,639.0,0.0005,2213.0,2.0,10.0,378.0,249.86,244.69,246.45,249.73,26491085.0,47.9669
2021-05-07,0.0049,884.0,27.0,47.0,623.0,-0.0002,1762.0,5.0,3.0,266.0,254.3,251.17,252.15,252.46,27032912.0,51.9917
2021-05-10,-0.0031,363.0,16.0,9.0,262.0,0.0,1063.0,1.0,0.0,135.0,251.73,247.12,250.87,247.18,29299890.0,44.7776
2021-05-11,-0.0067,768.0,46.0,29.0,538.0,-0.0019,1780.0,11.0,2.0,212.0,246.6,242.57,244.55,246.23,33641589.0,43.6052
2021-05-12,-0.0016,796.0,30.0,27.0,592.0,0.0004,1747.0,5.0,5.0,208.0,244.38,238.07,242.165,239.0,36684370.0,35.9013
2021-05-13,-0.0105,848.0,56.0,41.0,581.0,-0.003,1882.0,11.0,2.0,171.0,245.6,241.42,241.8,243.03,29624298.0,42.0474
2021-05-14,0.0028,696.0,27.0,31.0,528.0,0.0051,1630.0,4.0,16.0,195.0,249.18,245.49,245.575,248.15,23901081.0,48.7684
2021-05-17,-0.0177,994.0,86.0,15.0,688.0,-0.006,2021.0,29.0,1.0,315.0,246.59,243.52,246.55,245.18,24970168.0,45.4739
2021-05-18,-0.0165,1242.0,128.0,32.0,776.0,-0.0042,2649.0,27.0,3.0,364.0,246.41,242.9,246.27,243.08,20167975.0,43.2491
2021-05-19,-0.0024,821.0,32.0,26.0,610.0,-0.0095,1946.0,36.0,9.0,309.0,243.23,238.6,239.31,243.12,25739807.0,43.306
2021-05-20,0.0035,865.0,21.0,42.0,600.0,-0.0019,1910.0,14.0,2.0,276.0,247.95,243.86,243.96,246.48,21800716.0,48.0202
2021-05-21,0.0027,1030.0,26.0,41.0,765.0,-0.0015,2384.0,15.0,6.0,312.0,248.33,244.74,247.565,245.17,21863058.0,46.4002
2021-05-24,0.0036,319.0,9.0,15.0,232.0,-0.0001,844.0,1.0,0.0,105.0,251.16,247.51,247.785,250.78,21411547.0,53.6167
2021-05-25,0.0054,746.0,16.0,48.0,566.0,0.0011,1592.0,1.0,9.0,240.0,252.75,250.82,251.769,251.72,17704303.0,54.7168
2021-05-26,0.0034,949.0,31.0,48.0,771.0,0.0002,1884.0,4.0,7.0,373.0,252.94,250.75,251.43,251.49,17771600.0,54.377
2021-05-27,0.0018,823.0,24.0,32.0,626.0,-0.0003,1791.0,5.0,4.0,256.0,251.48,249.25,251.17,249.31,24426244.0,51.1351
2021-05-28,-0.0217,973.0,93.0,23.0,713.0,-0.0001,1765.0,4.0,1.0,300.0,252.08,249.56,250.995,249.68,18274942.0,51.6618
2021-05-31,-0.0045,297.0,19.0,10.0,227.0,0.0005,729.0,0.0,2.0,76.0,,,,,,
2021-06-01,-0.0058,328.0,16.0,15.0,239.0,0.0001,1010.0,0.0,1.0,107.0,251.29,246.96,251.23,247.4,23213310.0,48.2129
2021-06-02,-0.003,641.0,36.0,24.0,521.0,-0.0006,1406.0,5.0,2.0,180.0,249.27,245.84,248.125,247.3,19406705.0,48.0613
2021-06-03,0.0023,891.0,25.0,41.0,662.0,0.0008,2048.0,3.0,10.0,288.0,246.34,243.0,245.22,245.71,25307711.0,45.6066
2021-06-04,0.0031,794.0,31.0,33.0,580.0,-0.0007,1450.0,7.0,3.0,222.0,251.65,247.51,247.76,250.79,25281094.0,53.7368
2021-06-07,0.0069,377.0,18.0,25.0,296.0,-0.0001,993.0,1.0,0.0,95.0,254.09,249.81,249.98,253.81,23079167.0,57.7772
2021-06-08,0.0045,765.0,22.0,46.0,607.0,0.0026,1432.0,6.0,11.0,190.0,256.01,252.51,255.16,252.57,22454998.0,55.6289
2021-06-09,0.0027,721.0,18.0,33.0,569.0,0.0005,1570.0,4.0,5.0,197.0,255.53,253.21,253.81,253.59,17937634.0,57.0438
2021-06-10,-0.0014,682.0,23.0,19.0,528.0,-0.0017,1344.0,8.0,5.0,167.0,257.46,253.67,254.29,257.24,24563619.0,61.7448
2021-06-11,0.0032,1097.0,26.0,45.0,760.0,0.001,1659.0,1.0,11.0,304.0,258.4868,256.61,257.985,257.89,18999731.0,62.5312
2021-06-14,0.0007,927.0,17.0,24.0,789.0,0.0001,1285.0,0.0,3.0,340.0,259.95,256.8,257.9,259.89,19150507.0,64.9207
2021-06-15,0.0027,846.0,22.0,33.0,628.0,-0.0003,1797.0,6.0,4.0,273.0,259.99,257.68,259.775,258.36,18038931.0,61.6801
2021-06-16,-0.0023,863.0,35.0,24.0,650.0,-0.0002,1833.0,4.0,3.0,265.0,260.58,254.42,259.4,257.38,27219956.0,59.627
2021-06-17,0.0011,984.0,29.0,29.0,734.0,0.001,2030.0,11.0,13.0,363.0,261.75,256.01,256.065,260.9,27565537.0,64.2323
2021-06-18,0.0024,909.0,26.0,35.0,693.0,0.0008,1806.0,2.0,10.0,291.0,262.3,258.75,259.63,259.43,37202217.0,61.0979
2021-06-21,0.0039,328.0,3.0,19.0,260.0,0.0005,940.0,1.0,2.0,80.0,263.52,257.92,259.82,262.63,26696119.0,65.0913
2021-06-22,0.0176,747.0,18.0,68.0,496.0,0.0024,1481.0,7.0,11.0,205.0,265.79,262.4,262.72,265.51,24694090.0,68.2502
2021-06-23,0.064,1137.0,22.0,171.0,686.0,0.0281,2155.0,4.0,60.0,311.0,266.83,264.43,265.99,265.275,19518681.0,67.7118
2021-06-24,0.0107,1191.0,37.0,115.0,789.0,0.0056,2126.0,12.0,33.0,372.0,267.85,265.47,266.16,266.69,21446867.0,69.2832
2021-06-25,0.0031,2629.0,26.0,110.0,1803.0,0.0004,4286.0,5.0,20.0,885.0,267.25,264.76,266.23,265.02,25611113.0,65.2473
2021-06-28,-0.0223,612.0,56.0,26.0,363.0,-0.0035,1280.0,10.0,5.0,146.0,268.9,265.91,266.185,268.72,19590024.0,69.4881
2021-06-29,0.0099,1273.0,69.0,100.0,833.0,0.0009,2351.0,10.0,14.0,402.0,271.65,267.98,268.865,271.4,19937811.0,72.14
2021-06-30,-0.0071,1935.0,89.0,62.0,966.0,,1933.0,,,,271.3598,269.6043,270.69,270.9,21656457.0,70.9019
2021-07-01,-0.0016,1217.0,54.0,25.0,989.0,-0.0007,1720.0,11.0,3.0,374.0,271.84,269.6,269.61,271.6,16725323.0,71.6359
2021-07-02,-0.0031,959.0,45.0,21.0,787.0,0.0004,1526.0,3.0,7.0,276.0,278.0,272.5,272.82,277.65,26474408.0,77.0289
2021-07-05,-0.0037,302.0,16.0,12.0,222.0,0.0036,867.0,0.0,4.0,55.0,,,,,,
2021-07-06,0.0022,434.0,15.0,17.0,363.0,-0.0005,1085.0,3.0,0.0,110.0,279.3698,274.3,278.03,277.66,31565560.0,77.0367
2021-07-07,0.0204,1971.0,87.0,186.0,1208.0,-0.0078,2716.0,51.0,8.0,485.0,280.6945,277.15,279.4,279.93,23260031.0,78.7909
2021-07-08,0.0113,1526.0,69.0,120.0,998.0,0.0003,2331.0,7.0,8.0,405.0,278.73,274.87,276.9,277.42,24618591.0,72.2212
2021-07-09,0.0046,1050.0,38.0,61.0,765.0,0.0001,1890.0,4.0,5.0,378.0,278.05,275.32,275.72,277.94,23916665.0,72.7285
2021-07-12,0.0048,395.0,17.0,26.0,296.0,0.0037,953.0,2.0,7.0,102.0,279.77,276.58,279.157,277.32,18931695.0,71.0621
2021-07-13,-0.0037,802.0,36.0,37.0,566.0,0.0003,1629.0,5.0,6.0,298.0,282.8477,277.39,277.52,280.98,26120128.0,74.7414
2021-07-14,0.0215,1344.0,50.0,132.0,835.0,0.001,1572.0,0.0,11.0,297.0,283.66,280.55,282.345,282.51,23113662.0,76.1089
2021-07-15,0.0023,1350.0,48.0,52.0,974.0,-0.0003,2025.0,9.0,6.0,391.0,282.51,279.83,282.0,281.03,22604227.0,72.0456
2021-07-16,0.0034,1080.0,27.0,37.0,847.0,0.0003,1820.0,5.0,7.0,329.0,284.1,279.46,282.07,280.75,26186848.0,71.2703
2021-07-19,-0.2038,479.0,67.0,27.0,323.0,-0.004,1181.0,13.0,1.0,171.0,280.37,274.45,278.9335,277.01,32935634.0,61.7174
2021-07-20,-0.1262,1659.0,460.0,39.0,831.0,-0.0368,3017.0,88.0,4.0,393.0,280.97,276.26,278.03,279.32,26259741.0,64.8512
2021-07-21,-0.0166,828.0,85.0,42.0,539.0,-0.0021,1621.0,14.0,8.0,244.0,281.52,277.29,278.905,281.4,24364320.0,67.436
2021-07-22,0.0205,741.0,30.0,70.0,517.0,-0.0055,1421.0,17.0,14.0,200.0,286.42,283.42,283.84,286.14,23384059.0,72.4146
2021-07-23,0.0428,1046.0,29.0,151.0,627.0,0.0189,1541.0,13.0,26.0,166.0,289.99,286.5,287.37,289.67,22768071.0,75.4276
2021-07-26,0.0061,503.0,22.0,22.0,313.0,0.0021,1063.0,0.0,6.0,107.0,289.69,286.642,289.0,289.05,23176073.0,73.9008
2021-07-27,0.0084,913.0,45.0,60.0,618.0,0.007,1937.0,6.0,21.0,208.0,289.575,282.95,289.43,286.54,33604073.0,67.9081
2021-07-28,0.1474,3646.0,302.0,659.0,1625.0,0.3244,3563.0,74.0,231.0,301.0,290.15,283.8303,288.99,286.22,33566853.0,67.1603
2021-07-29,0.056,1550.0,62.0,239.0,805.0,0.0898,2230.0,15.0,83.0,235.0,288.618,286.08,286.235,286.5,18168294.0,67.4976
2021-07-30,0.0078,867.0,30.0,68.0,610.0,-0.0012,1696.0,10.0,7.0,229.0,286.66,283.91,285.17,284.91,20944846.0,63.5092
2021-08-02,0.0028,366.0,15.0,16.0,273.0,0.0164,956.0,1.0,12.0,77.0,286.775,283.74,286.36,284.82,16267357.0,63.2812
2021-08-03,0.0032,647.0,25.0,34.0,497.0,0.0012,1729.0,7.0,10.0,234.0,287.23,284.0,285.42,287.12,17879048.0,66.5821
2021-08-04,0.0028,930.0,24.0,42.0,711.0,0.0002,1720.0,2.0,5.0,312.0,287.5883,284.65,286.22,286.51,16191301.0,64.9153
2021-08-05,-0.0016,803.0,24.0,21.0,559.0,0.0001,1615.0,2.0,3.0,313.0,289.63,286.1,286.88,289.52,13900167.0,69.0346
2021-08-06,0.0071,892.0,30.0,54.0,606.0,0.0011,2044.0,1.0,10.0,278.0,289.5,287.6238,288.505,289.46,16589336.0,68.861
2021-08-09,0.0033,353.0,9.0,16.0,273.0,0.0002,869.0,0.0,2.0,106.0,291.55,287.81,289.75,288.33,16117629.0,65.5201
2021-08-10,0.0041,683.0,21.0,38.0,528.0,-0.0015,1529.0,9.0,4.0,209.0,289.25,285.2,288.8,286.44,18616578.0,60.2546
2021-08-11,0.0044,761.0,31.0,40.0,568.0,0.0004,1449.0,1.0,5.0,225.0,288.66,285.86,287.21,286.95,13955934.0,61.1616
2021-08-12,0.0017,630.0,17.0,28.0,530.0,0.0004,1423.0,0.0,4.0,188.0,289.97,286.34,286.63,289.81,14570391.0,65.866
2021-08-13,0.0081,780.0,27.0,55.0,557.0,0.0,1630.0,0.0,2.0,280.0,292.9,289.3,289.48,292.85,18249046.0,70.0225
2021-08-16,0.0041,344.0,10.0,18.0,271.0,0.0034,657.0,4.0,4.0,56.0,294.82,290.02,293.19,294.6,22516027.0,72.1267
2021-08-17,0.012,782.0,16.0,60.0,512.0,0.0003,1235.0,2.0,3.0,164.0,293.43,291.08,292.39,293.08,20075250.0,67.6829
2021-08-18,0.0029,638.0,23.0,29.0,484.0,-0.0005,1312.0,5.0,0.0,208.0,294.82,290.27,292.04,290.73,21812985.0,61.3859
2021-08-19,0.0066,626.0,19.0,42.0,467.0,0.0007,1269.0,1.0,5.0,166.0,297.47,288.64,288.6935,296.77,29850461.0,69.2934
2021-08-20,0.0349,1341.0,25.0,156.0,776.0,0.011,1610.0,0.0,27.0,216.0,305.84,298.06,299.72,304.36,40817646.0,75.9566
2021-08-23,0.0236,406.0,11.0,40.0,246.0,0.0001,773.0,1.0,1.0,74.0,305.4,301.85,303.245,304.65,22830157.0,76.1694
2021-08-24,0.0183,1042.0,38.0,92.0,620.0,0.0015,1405.0,9.0,10.0,227.0,305.65,302.0035,305.02,302.62,18175774.0,71.4057
2021-08-25,0.0045,995.0,31.0,51.0,688.0,-0.003,1621.0,17.0,5.0,264.0,304.59,300.42,304.3,302.01,20006057.0,69.9892
2021-08-26,0.0046,1039.0,33.0,57.0,733.0,-0.0004,2136.0,8.0,4.0,345.0,302.429,298.95,300.99,299.09,17666084.0,63.4959
2021-08-27,-0.0211,955.0,89.0,30.0,570.0,-0.0054,1733.0,25.0,4.0,274.0,300.87,296.83,298.987,299.72,22605726.0,64.2662
2021-08-30,0.0027,362.0,9.0,17.0,285.0,0.0001,865.0,0.0,1.0,101.0,304.22,301.06,301.115,303.59,16348072.0,68.6434
2021-08-31,0.0069,753.0,20.0,48.0,532.0,0.001,1402.0,2.0,7.0,180.0,304.5,301.5,304.42,301.88,26285338.0,64.8626
2021-09-01,0.0017,1017.0,32.0,32.0,695.0,-0.0002,2138.0,5.0,5.0,309.0,305.19,301.49,302.865,301.83,18983826.0,64.7503
2021-09-02,0.0045,810.0,25.0,44.0,609.0,0.0002,1695.0,2.0,5.0,273.0,303.3602,300.18,302.2,301.15,16290545.0,63.149
2021-09-03,0.0022,609.0,22.0,24.0,446.0,-0.0002,1222.0,3.0,2.0,176.0,302.6,300.26,300.99,301.14,14751610.0,63.1242
2021-09-06,0.0052,246.0,8.0,14.0,179.0,0.0015,694.0,0.0,3.0,71.0,,,,,,
2021-09-07,-0.0041,310.0,18.0,9.0,254.0,0.0006,834.0,0.0,3.0,92.0,301.09,298.2,301.005,300.18,17184083.0,60.6686
2021-09-08,0.0029,853.0,28.0,40.0,657.0,0.0003,1499.0,2.0,5.0,268.0,300.61,297.4651,299.78,300.21,15046819.0,60.72
2021-09-09,-0.0085,861.0,59.0,55.0,600.0,-0.0013,1879.0,13.0,0.0,292.0,302.14,297.0,300.82,297.25,19927000.0,53.3133
2021-09-10,-0.0024,1215.0,48.0,27.0,863.0,-0.0001,2025.0,5.0,2.0,358.0,299.92,295.38,298.415,295.71,19633363.0,49.9027
2021-09-13,-0.0022,342.0,15.0,14.0,281.0,-0.0001,878.0,1.0,1.0,84.0,298.54,294.08,297.55,296.99,23652949.0,52.616
2021-09-14,-0.004,759.0,38.0,30.0,550.0,0.001,1435.0,0.0,7.0,189.0,301.39,298.1,299.56,299.79,21853433.0,57.9777
2021-09-15,0.0861,1446.0,49.0,264.0,838.0,0.0484,1766.0,6.0,70.0,262.0,305.32,301.82,303.26,304.82,28356304.0,65.5246
2021-09-16,0.0266,1670.0,38.0,172.0,998.0,0.0335,2312.0,0.0,73.0,345.0,305.31,300.76,303.76,305.22,19550815.0,66.0469
2021-09-17,0.0096,1183.0,26.0,83.0,775.0,0.0004,1698.0,5.0,6.0,256.0,304.5,299.53,304.17,299.87,41372457.0,54.2176
2021-09-20,0.0058,400.0,9.0,27.0,303.0,0.0,712.0,0.0,0.0,110.0,298.72,289.52,296.33,294.3,38278661.0,45.1507
2021-09-21,0.0153,834.0,43.0,70.0,505.0,-0.0005,1313.0,4.0,4.0,164.0,297.54,294.07,295.69,294.8,22364103.0,46.0233
2021-09-22,0.0047,654.0,26.0,36.0,484.0,0.0006,1303.0,6.0,7.0,233.0,300.22,294.51,296.725,298.58,26626342.0,52.213
2021-09-23,0.0025,1357.0,42.0,54.0,992.0,0.0,2479.0,4.0,4.0,552.0,300.9,297.5339,298.845,299.56,18604601.0,53.6955
2021-09-24,0.0034,790.0,21.0,38.0,600.0,0.0021,1467.0,1.0,12.0,223.0,299.8,296.93,298.23,299.35,14998978.0,53.3138
2021-09-27,0.0107,311.0,10.0,26.0,234.0,0.0,879.0,0.0,1.0,112.0,296.47,292.9449,296.14,294.17,23571742.0,44.8457
2021-09-28,-0.0022,908.0,34.0,30.0,675.0,-0.0015,1585.0,10.0,0.0,231.0,290.78,282.75,289.795,283.52,43186237.0,33.1776
2021-09-29,-0.0067,1206.0,72.0,41.0,800.0,-0.0087,2116.0,34.0,1.0,335.0,286.77,283.01,285.1,284.0,26353696.0,34.011
2021-09-30,0.0044,851.0,27.0,43.0,604.0,0.001,1712.0,5.0,9.0,231.0,287.83,281.62,285.71,281.92,32343635.0,32.1404
2021-10-01,0.002,867.0,19.0,30.0,606.0,-0.0007,1286.0,6.0,3.0,196.0,289.98,281.29,282.1217,289.1,30086280.0,43.6594
2021-10-04,0.0048,356.0,12.0,20.0,263.0,-0.0002,785.0,2.0,1.0,118.0,287.75,280.25,287.4,283.11,31350747.0,37.8821
2021-10-05,-0.0077,1207.0,76.0,60.0,797.0,-0.0009,2282.0,13.0,2.0,383.0,290.398,284.0464,284.0464,288.76,24993024.0,45.2424
2021-10-06,0.0043,1108.0,27.0,53.0,752.0,0.0017,2231.0,3.0,18.0,388.0,293.63,285.5093,285.78,293.11,28002559.0,50.1407
2021-10-07,0.007,917.0,25.0,55.0,592.0,0.001,1770.0,4.0,10.0,273.0,296.64,293.92,295.175,294.85,20430471.0,51.9908
2021-10-08,0.0047,1086.0,40.0,57.0,775.0,0.0003,1871.0,1.0,6.0,334.0,296.6409,293.76,296.219,294.85,17685700.0,51.9908
2021-10-11,0.0042,352.0,13.0,18.0,249.0,-0.0015,804.0,4.0,3.0,83.0,297.97,292.745,292.92,294.23,19298634.0,51.2056
2021-10-12,0.0047,811.0,33.0,42.0,574.0,-0.0008,1429.0,7.0,3.0,234.0,295.44,292.35,295.34,292.88,17974143.0,49.4543
2021-10-13,-0.0031,825.0,39.0,27.0,666.0,-0.0001,1636.0,4.0,3.0,305.0,297.28,293.49,294.91,296.31,23424025.0,53.7797
2021-10-14,0.0043,738.0,27.0,39.0,538.0,0.0002,1552.0,2.0,4.0,216.0,303.27,297.83,299.21,302.75,27262902.0,60.5974
2021-10-15,-0.1125,1696.0,359.0,85.0,1021.0,0.0005,2537.0,4.0,11.0,427.0,304.45,300.5191,302.34,304.21,25384803.0,61.9671
2021-10-18,-0.0054,408.0,25.0,18.0,307.0,0.0025,1013.0,1.0,7.0,128.0,308.21,302.69,303.57,307.29,22729297.0,64.7508
2021-10-19,0.0059,1200.0,66.0,67.0,846.0,0.0014,2066.0,4.0,14.0,333.0,309.3,307.22,308.348,308.23,17682139.0,65.5788
2021-10-20,0.0067,937.0,46.0,55.0,645.0,0.002,1792.0,1.0,16.0,305.0,309.7,306.11,309.21,307.41,16537069.0,64.1629
2021-10-21,0.0121,985.0,25.0,78.0,681.0,0.0018,1667.0,3.0,12.0,242.0,311.02,306.36,307.1702,310.76,16918100.0,67.2719
2021-10-22,0.0057,944.0,43.0,54.0,653.0,0.0001,1662.0,2.0,4.0,295.0,311.09,307.8,310.4,309.16,17449332.0,64.3983
2021-10-25,-0.011,599.0,47.0,41.0,403.0,0.0036,1158.0,2.0,9.0,136.0,309.4,306.46,309.36,308.13,17554469.0,62.546
2021-10-26,-0.0608,1476.0,233.0,86.0,854.0,0.0035,2751.0,8.0,16.0,246.0,312.395,308.5967,311.0,310.11,28107349.0,64.6509
2021-10-27,0.1245,3133.0,125.0,553.0,1451.0,0.3285,3741.0,12.0,249.0,325.0,326.0973,316.0,316.0,323.17,52588690.0,74.736
2021-10-28,0.0852,3198.0,117.0,500.0,1591.0,0.2203,2999.0,9.0,155.0,265.0,324.87,321.3601,324.325,324.35,26297943.0,75.4184
2021-10-29,0.0125,1528.0,66.0,116.0,990.0,0.0091,1773.0,4.0,25.0,220.0,332.0,323.9,324.13,331.62,34765982.0,79.1543
2021-11-01,0.004,624.0,12.0,33.0,461.0,0.0061,1281.0,1.0,11.0,117.0,331.49,326.37,331.355,329.37,27073182.0,75.3381
2021-11-02,0.0065,1124.0,44.0,68.0,774.0,0.0005,1718.0,6.0,6.0,228.0,333.45,330.0,330.31,333.13,26487109.0,77.3071
2021-11-03,0.0016,1869.0,48.0,61.0,1393.0,0.0008,2691.0,0.0,15.0,461.0,334.9,330.65,333.9,334.0,21500082.0,77.7497
2021-11-04,0.0015,1333.0,39.0,43.0,984.0,0.0002,2202.0,3.0,5.0,336.0,336.54,329.51,332.89,336.44,23992202.0,78.9876
2021-11-05,0.002,1103.0,25.0,40.0,832.0,0.0006,1729.0,2.0,6.0,209.0,338.79,334.4217,338.51,336.06,22570098.0,78.2574
2021-11-08,-0.0018,420.0,16.0,10.0,324.0,0.0,1083.0,0.0,1.0,139.0,337.65,334.44,337.3,336.99,20897001.0,78.7746
2021-11-09,0.0059,916.0,13.0,54.0,643.0,0.0015,2136.0,0.0,9.0,205.0,338.72,334.53,337.1071,335.95,21307370.0,76.5808
2021-11-10,0.0019,927.0,32.0,35.0,713.0,0.0001,1909.0,2.0,4.0,308.0,334.6303,329.92,334.57,330.8,25500938.0,66.6782
2021-11-11,-0.0026,967.0,40.0,26.0,724.0,-0.0002,2091.0,5.0,1.0,283.0,333.7746,330.51,331.25,332.43,16849844.0,68.0849
2021-11-12,-0.0018,687.0,25.0,22.0,513.0,0.0003,1321.0,0.0,4.0,168.0,337.23,333.79,333.92,336.72,23831049.0,71.4955
2021-11-15,0.0092,360.0,6.0,30.0,283.0,-0.0001,1021.0,1.0,0.0,98.0,337.88,334.034,337.54,336.07,16723009.0,70.2702
2021-11-16,0.0035,1003.0,16.0,53.0,825.0,0.0005,1903.0,2.0,8.0,310.0,340.67,335.51,335.68,339.51,20886832.0,72.9157
2021-11-17,0.0106,982.0,17.0,73.0,668.0,0.0006,1955.0,1.0,10.0,368.0,342.19,338.0,338.94,339.12,19053380.0,72.132
2021-11-18,-0.0042,875.0,43.0,27.0,620.0,-0.0001,2031.0,3.0,2.0,329.0,342.45,337.12,338.18,341.27,22463533.0,73.8036
2021-11-19,0.004,1005.0,31.0,50.0,723.0,0.0012,1830.0,2.0,12.0,293.0,345.1,342.2,342.64,343.11,21963403.0,75.1759
2021-11-22,0.0034,302.0,11.0,16.0,236.0,0.0029,1024.0,0.0,5.0,78.0,349.67,339.55,344.62,339.83,31031113.0,68.3066
2021-11-23,0.0102,968.0,37.0,69.0,624.0,0.0005,1655.0,5.0,6.0,236.0,339.45,333.56,337.05,337.68,30427563.0,64.1675
2021-11-24,-0.005,812.0,41.0,30.0,538.0,-0.0007,1653.0,7.0,0.0,234.0,338.16,333.911,336.28,337.91,21661307.0,64.416
2021-11-25,-0.0038,659.0,31.0,28.0,459.0,-0.0004,1456.0,3.0,2.0,134.0,,,,,,
2021-11-26,-0.0046,340.0,19.0,13.0,254.0,-0.0003,995.0,2.0,0.0,91.0,337.93,328.12,334.35,329.68,24217242.0,50.8355
2021-11-29,-0.0019,342.0,13.0,11.0,262.0,-0.0063,943.0,10.0,0.0,105.0,339.03,334.74,334.94,336.63,28563481.0,58.7453
2021-11-30,0.0024,1149.0,33.0,39.0,711.0,0.0079,2005.0,6.0,20.0,199.0,337.78,328.99,335.32,330.59,42885609.0,51.0574
2021-12-01,0.0033,1078.0,40.0,46.0,713.0,-0.0009,1902.0,9.0,8.0,243.0,339.28,329.39,335.13,330.08,33401146.0,50.4569
2021-12-02,0.0061,1011.0,50.0,58.0,665.0,0.0006,1866.0,5.0,7.0,252.0,333.49,327.8028,330.3,329.49,30765980.0,49.7284
2021-12-03,-0.0038,882.0,44.0,28.0,633.0,0.0002,1501.0,3.0,4.0,216.0,332.7,318.03,331.99,323.01,41779279.0,42.474
2021-12-06,-0.0021,297.0,12.0,12.0,230.0,-0.0007,938.0,3.0,1.0,102.0,327.45,319.23,323.95,326.19,30032556.0,46.5916
2021-12-07,0.0072,963.0,38.0,59.0,679.0,0.001,1662.0,7.0,10.0,277.0,335.8,330.1,331.64,334.92,31021936.0,55.9196
2021-12-08,0.0045,819.0,26.0,44.0,610.0,0.002,1879.0,7.0,13.0,257.0,335.5,330.8,335.31,334.97,24760988.0,55.9671
2021-12-09,0.0029,904.0,28.0,40.0,649.0,-0.0002,1755.0,5.0,2.0,277.0,336.489,332.12,334.41,333.1,22214158.0,53.6421
2021-12-10,0.0052,901.0,33.0,55.0,680.0,0.0,1768.0,2.0,1.0,307.0,343.0,334.79,334.98,342.54,38095694.0,62.1827
2021-12-13,0.0037,449.0,10.0,25.0,349.0,0.001,1180.0,2.0,6.0,160.0,343.79,339.08,340.68,339.4,28899431.0,58.3331
2021-12-14,0.0059,847.0,39.0,51.0,588.0,-0.0012,1582.0,7.0,6.0,168.0,334.64,324.11,333.22,328.34,44438699.0,47.2396
2021-12-15,-0.0319,1462.0,131.0,54.0,705.0,-0.0298,1855.0,40.0,5.0,210.0,335.19,324.5,328.61,334.65,35381122.0,52.7594
2021-12-16,-0.0061,1044.0,61.0,42.0,695.0,0.0006,1579.0,4.0,6.0,211.0,336.76,323.02,335.71,324.9,35034831.0,44.9363
2021-12-17,-0.0084,903.0,56.0,31.0,554.0,-0.0037,1536.0,12.0,1.0,172.0,324.92,317.25,320.88,323.8,47983713.0,44.1411
2021-12-20,-0.0082,322.0,24.0,11.0,241.0,0.0071,813.0,1.0,4.0,42.0,322.8,317.57,320.05,319.91,28326532.0,41.354
2021-12-21,0.0036,759.0,25.0,33.0,492.0,-0.0034,1192.0,7.0,4.0,109.0,327.73,319.8,323.29,327.29,24740597.0,48.0551
2021-12-22,0.014,933.0,20.0,84.0,663.0,0.0035,1864.0,5.0,21.0,311.0,333.605,325.75,328.3,333.2,24831493.0,52.7147
2021-12-23,0.0184,739.0,22.0,66.0,448.0,0.002,1404.0,3.0,7.0,146.0,336.39,332.73,332.75,334.69,19617848.0,53.839
2021-12-24,0.0071,494.0,13.0,26.0,283.0,0.004,1052.0,1.0,6.0,81.0,,,,,,
2021-12-27,0.0038,250.0,9.0,12.0,174.0,0.013,726.0,0.0,7.0,55.0,342.48,335.43,335.46,342.45,19947029.0,59.2703
2021-12-28,0.0205,613.0,14.0,61.0,393.0,0.0409,1062.0,4.0,19.0,82.0,343.81,340.32,343.15,341.25,15661467.0,58.1313
2021-12-29,0.0096,536.0,24.0,36.0,340.0,0.0083,1107.0,4.0,10.0,96.0,344.3,339.68,341.3,341.95,15041956.0,58.6307
2021-12-30,0.0102,501.0,12.0,34.0,312.0,0.013,1031.0,0.0,10.0,78.0,343.13,338.82,341.91,339.32,15994471.0,55.9311
2021-12-31,0.0053,503.0,20.0,24.0,316.0,0.0053,938.0,5.0,6.0,72.0,339.355,335.85,338.51,336.32,18000797.0,52.9369
2022-01-03,0.006,299.0,12.0,18.0,216.0,0.0126,678.0,0.0,10.0,79.0,338.0,329.78,335.35,334.75,28918013.0,51.3866
2022-01-04,0.012,798.0,35.0,57.0,485.0,-0.0024,1531.0,7.0,4.0,126.0,335.2,326.12,334.83,329.01,32674306.0,46.0737
2022-01-05,-0.0061,1051.0,59.0,44.0,702.0,-0.0006,1690.0,5.0,0.0,185.0,326.07,315.98,325.86,316.38,40054327.0,37.0071
2022-01-06,-0.017,1304.0,99.0,51.0,726.0,-0.0095,1615.0,17.0,9.0,164.0,318.7,311.49,313.15,313.88,39646148.0,35.5172
2022-01-07,0.0154,1031.0,48.0,67.0,505.0,-0.0036,1234.0,6.0,3.0,98.0,316.5,310.09,314.15,314.04,32720018.0,35.6957
2022-01-10,-0.0042,344.0,19.0,13.0,264.0,0.0016,738.0,1.0,4.0,83.0,314.72,304.69,309.485,314.27,44289467.0,35.9699
2022-01-11,-0.0069,1162.0,60.0,57.0,670.0,0.017,1719.0,12.0,31.0,208.0,316.61,309.89,313.38,314.98,29386774.0,36.8652
2022-01-12,0.005,905.0,40.0,44.0,565.0,0.0029,1627.0,1.0,13.0,210.0,323.41,317.08,319.67,318.27,34372217.0,40.983
2022-01-13,0.0096,1276.0,38.0,84.0,802.0,0.002,1805.0,2.0,14.0,272.0,320.88,304.0,320.4658,304.8,45365979.0,31.8296
2022-01-14,-0.0195,1857.0,136.0,77.0,911.0,-0.0093,2024.0,34.0,3.0,297.0,310.82,303.75,304.25,310.2,39846414.0,37.8248
2022-01-17,-0.0334,459.0,56.0,12.0,281.0,0.0017,1217.0,3.0,6.0,131.0,,,,,,
2022-01-18,-0.0046,514.0,29.0,24.0,376.0,0.0015,1161.0,1.0,7.0,156.0,309.8,301.74,304.07,302.65,42434112.0,33.4018
2022-01-19,0.0573,11584.0,404.0,1961.0,7593.0,-0.0123,7952.0,183.0,42.0,1457.0,313.9093,302.7,306.29,303.33,45933855.0,34.1487
2022-01-20,0.02,3483.0,126.0,356.0,2312.0,-0.0276,3624.0,98.0,22.0,532.0,311.6494,301.14,309.07,301.6,35380675.0,33.1307
2022-01-21,0.0085,2422.0,96.0,161.0,1612.0,0.0019,2399.0,3.0,19.0,391.0,304.11,295.61,302.685,296.03,57984403.0,30.0271
2022-01-24,0.0095,899.0,42.0,65.0,624.0,0.0106,1186.0,10.0,11.0,87.0,297.11,276.05,292.2,296.37,86035393.0,30.4553
2022-01-25,0.0127,2116.0,121.0,156.0,1251.0,-0.0117,2021.0,24.0,18.0,195.0,294.99,285.17,291.52,288.49,72848638.0,26.4194
2022-01-26,0.0747,12728.0,846.0,1294.0,4384.0,0.1044,3844.0,79.0,169.0,440.0,308.5,293.03,307.985,296.71,90428853.0,35.954
2022-01-27,0.0472,4087.0,168.0,412.0,1764.0,0.1397,2788.0,9.0,146.0,336.0,307.3,297.93,302.66,299.84,53481317.0,39.1854
2022-01-28,0.0221,1743.0,98.0,164.0,1044.0,0.0103,1703.0,1.0,27.0,226.0,308.48,294.45,300.23,308.26,49743698.0,46.9411
2022-01-31,0.007,519.0,12.0,35.0,387.0,0.0052,808.0,2.0,8.0,93.0,312.38,306.37,308.95,310.98,46444536.0,49.1952
2022-02-01,0.0083,2042.0,55.0,139.0,1389.0,0.0015,2134.0,3.0,20.0,434.0,310.63,305.1293,310.41,308.76,40950396.0,47.4243
2022-02-02,0.0067,1628.0,67.0,83.0,929.0,0.0014,1859.0,10.0,11.0,265.0,315.12,308.88,309.63,313.46,36635989.0,51.4119
2022-02-03,0.0086,1503.0,61.0,83.0,822.0,0.0081,1723.0,1.0,25.0,235.0,311.23,299.96,309.49,301.25,43729972.0,42.4124
2022-02-04,-0.0048,1424.0,66.0,65.0,854.0,-0.0019,1816.0,11.0,8.0,225.0,308.8,299.97,300.21,305.94,35096488.0,46.3008
2022-02-07,0.0045,456.0,18.0,24.0,329.0,0.0035,1003.0,0.0,7.0,107.0,307.84,299.9,306.17,300.95,28533286.0,42.9759
2022-02-08,0.005,863.0,35.0,47.0,612.0,0.0027,1825.0,6.0,11.0,181.0,305.561,299.95,301.25,304.56,32421188.0,45.9972
2022-02-09,0.0098,1119.0,33.0,87.0,809.0,0.0176,1930.0,2.0,37.0,238.0,311.93,307.39,309.865,311.21,31284671.0,51.1334
2022-02-10,0.0026,1374.0,41.0,59.0,1045.0,0.0046,2119.0,1.0,21.0,263.0,309.12,300.7,304.04,302.38,45386199.0,45.0116
2022-02-11,0.0039,1103.0,46.0,48.0,702.0,-0.0072,1599.0,18.0,10.0,202.0,304.29,294.22,303.19,295.04,39175620.0,40.6545
2022-02-14,0.004,413.0,14.0,21.0,306.0,0.0048,810.0,1.0,5.0,62.0,296.76,291.35,293.77,295.0,36359487.0,40.6314
2022-02-15,0.0063,942.0,32.0,60.0,690.0,0.0006,1823.0,2.0,7.0,233.0,300.8,297.02,300.008,300.47,27379488.0,45.2125
2022-02-16,0.0099,865.0,28.0,62.0,568.0,0.0005,1861.0,2.0,6.0,240.0,300.87,293.68,298.365,299.5,29982121.0,44.556
2022-02-17,-0.006,751.0,43.0,31.0,515.0,-0.0009,1731.0,8.0,2.0,246.0,296.8,290.0,296.36,290.73,32461580.0,39.0363
2022-02-18,-0.0077,747.0,51.0,42.0,528.0,0.0006,1685.0,3.0,6.0,227.0,293.86,286.305,293.05,287.93,34264008.0,37.4415
2022-02-21,0.0007,327.0,7.0,8.0,259.0,-0.0001,797.0,1.0,1.0,80.0,,,,,,
2022-02-22,-0.0034,407.0,20.0,14.0,312.0,-0.004,1013.0,7.0,3.0,103.0,291.54,284.5,285.0,287.72,41736117.0,37.3184
2022-02-23,0.0026,702.0,24.0,30.0,544.0,-0.0013,1324.0,7.0,3.0,178.0,291.7,280.1,290.18,280.27,37811167.0,33.1527
2022-02-24,-0.0061,844.0,52.0,31.0,613.0,-0.0008,1595.0,6.0,3.0,201.0,295.16,271.52,272.51,294.59,56989686.0,45.6997
2022-02-25,-0.0071,800.0,44.0,44.0,477.0,0.0026,1573.0,4.0,10.0,180.0,297.63,291.655,295.14,297.31,32546721.0,47.7074
2022-02-28,-0.0015,322.0,12.0,8.0,272.0,0.0027,912.0,0.0,6.0,97.0,299.14,293.0,294.31,298.79,34627457.0,48.8164
2022-03-01,-0.0037,784.0,42.0,30.0,619.0,-0.0004,1747.0,8.0,1.0,334.0,299.97,292.15,296.4,294.95,31217778.0,46.0856
2022-03-02,0.0023,669.0,26.0,27.0,510.0,-0.0002,1957.0,5.0,4.0,284.0,301.47,293.698,295.36,300.19,31873007.0,50.1811
2022-03-03,-0.0036,639.0,29.0,26.0,443.0,0.0006,1768.0,0.0,6.0,228.0,303.13,294.05,302.89,295.92,27314469.0,47.0449
2022-03-04,-0.0052,574.0,31.0,26.0,407.0,-0.0001,1573.0,2.0,1.0,210.0,295.66,287.165,294.29,289.86,32369655.0,42.9431
2022-03-07,0.0039,368.0,16.0,18.0,264.0,-0.0003,1072.0,2.0,1.0,97.0,289.69,278.53,288.53,278.91,43157178.0,36.714
2022-03-08,-0.0094,799.0,53.0,22.0,506.0,0.0014,1655.0,5.0,11.0,244.0,283.96,270.0,277.8,275.85,48159475.0,35.1783
2022-03-09,0.0032,869.0,31.0,38.0,601.0,0.0006,1857.0,7.0,8.0,273.0,289.6,280.78,283.44,288.5,35204480.0,45.3543
2022-03-10,-0.0029,707.0,33.0,28.0,528.0,0.0017,1686.0,1.0,8.0,177.0,286.6,280.58,283.02,285.59,30628012.0,43.6565
2022-03-11,-0.0023,610.0,24.0,24.0,455.0,-0.0007,1628.0,5.0,3.0,166.0,289.51,279.43,287.96,280.07,27209330.0,40.5551
2022-03-14,-0.0054,332.0,21.0,14.0,252.0,0.0047,802.0,0.0,4.0,50.0,285.3992,275.82,280.34,276.44,30660747.0,38.6126
2022-03-15,-0.0044,613.0,31.0,24.0,435.0,-0.001,1266.0,6.0,4.0,164.0,287.82,278.725,280.35,287.15,34245085.0,46.7213
2022-03-16,0.014,778.0,21.0,67.0,525.0,0.0009,1636.0,1.0,8.0,241.0,294.57,283.2,289.11,294.39,37826329.0,51.3953
2022-03-17,0.0017,753.0,20.0,24.0,548.0,-0.0047,1564.0,19.0,9.0,226.0,295.61,289.37,293.29,295.22,30816633.0,51.9161
2022-03-18,0.0029,666.0,23.0,28.0,456.0,-0.0024,1327.0,10.0,8.0,165.0,301.0,292.73,295.37,300.43,43390625.0,55.1637
2022-03-21,0.0025,325.0,4.0,15.0,262.0,0.0052,837.0,4.0,8.0,96.0,300.14,294.9,298.89,299.16,28351245.0,54.2027
2022-03-22,-0.0063,797.0,50.0,23.0,604.0,-0.0052,1457.0,21.0,4.0,250.0,305.0,298.77,299.8,304.06,27599689.0,57.294
2022-03-23,-0.0246,989.0,110.0,44.0,669.0,-0.007,1640.0,25.0,7.0,253.0,303.23,297.7201,300.51,299.49,25715377.0,53.6563
2022-03-24,-0.0196,904.0,94.0,31.0,621.0,-0.0068,1592.0,21.0,5.0,216.0,304.2,298.315,299.14,304.1,24484456.0,56.6465
2022-03-25,-0.0105,806.0,64.0,27.0,569.0,0.0004,1594.0,3.0,4.0,175.0,305.5,299.2855,305.23,303.68,22566453.0,56.2902
2022-03-28,-0.0046,302.0,18.0,16.0,246.0,-0.0233,759.0,11.0,7.0,60.0,310.8,304.33,304.33,310.7,29578188.0,60.7362
2022-03-29,0.0048,779.0,30.0,41.0,546.0,0.0019,1493.0,7.0,9.0,185.0,315.82,309.05,313.91,315.41,30393403.0,63.4244
2022-03-30,0.0027,773.0,27.0,35.0,604.0,0.001,1700.0,2.0,8.0,217.0,315.95,311.58,313.76,313.86,28163555.0,61.9219
2022-03-31,-0.003,674.0,31.0,29.0,524.0,-0.0011,1515.0,7.0,4.0,196.0,315.14,307.89,313.9,308.31,33422070.0,56.739
2022-04-01,0.0019,808.0,27.0,30.0,618.0,-0.0016,1634.0,11.0,3.0,240.0,310.13,305.54,309.37,309.42,27110529.0,57.5051
2022-04-04,0.0053,278.0,7.0,17.0,221.0,-0.0103,711.0,8.0,4.0,69.0,315.11,309.71,310.09,314.97,24335868.0,61.2044
2022-04-05,0.0025,747.0,22.0,30.0,566.0,0.0022,1273.0,2.0,8.0,144.0,314.865,309.87,313.27,310.88,23156719.0,57.2492
2022-04-06,0.0032,692.0,18.0,34.0,547.0,0.0,1638.0,2.0,0.0,280.0,307.0,296.71,305.19,299.5,40110372.0,47.9619
2022-04-07,-0.0058,975.0,46.0,40.0,579.0,-0.0082,1632.0,16.0,2.0,165.0,303.65,296.35,296.66,301.37,31411155.0,49.4142
2022-04-08,-0.0132,736.0,63.0,38.0,499.0,-0.0002,1395.0,3.0,3.0,184.0,301.12,296.28,300.44,296.97,24361917.0,46.1507
2022-04-11,-0.001,298.0,9.0,8.0,267.0,-0.0003,677.0,1.0,0.0,54.0,292.61,285.0,291.79,285.26,34569264.0,38.8053
2022-04-12,-0.0169,962.0,79.0,56.0,554.0,-0.0258,1444.0,27.0,0.0,152.0,290.739,280.49,289.235,282.06,30966721.0,37.069
2022-04-13,0.004,903.0,30.0,40.0,573.0,-0.0017,1452.0,9.0,1.0,195.0,288.58,281.3,282.73,287.62,21907176.0,41.9307
2022-04-14,-0.0021,771.0,28.0,26.0,580.0,-0.0014,1438.0,8.0,4.0,177.0,288.305,279.32,288.09,279.83,28221607.0,37.5533
2022-04-15,-0.0033,699.0,35.0,33.0,571.0,-0.0016,1224.0,5.0,1.0,120.0,,,,,,
2022-04-18,-0.0023,308.0,12.0,10.0,235.0,-0.0002,716.0,1.0,0.0,55.0,282.46,278.34,278.91,280.52,20778000.0,38.169
2022-04-19,-0.0033,568.0,30.0,23.0,467.0,-0.0037,1401.0,9.0,2.0,123.0,286.17,278.41,279.38,285.3,22297720.0,42.4057
2022-04-20,0.0099,719.0,34.0,59.0,542.0,0.0007,1619.0,4.0,7.0,220.0,289.7,285.3702,289.4,286.36,22906667.0,43.3329
2022-04-21,0.0031,695.0,32.0,31.0,494.0,0.0022,1387.0,3.0,7.0,121.0,293.3,280.06,288.58,280.81,29454587.0,39.7265
2022-04-22,-0.006,750.0,46.0,35.0,546.0,-0.0007,1285.0,4.0,4.0,131.0,283.2,273.38,281.68,274.03,29405798.0,35.806
2022-04-25,0.0092,606.0,34.0,44.0,397.0,-0.0043,1226.0,7.0,5.0,89.0,281.11,270.77,273.29,280.72,35678852.0,41.8989
2022-04-26,0.0116,1348.0,99.0,103.0,875.0,-0.0032,2278.0,12.0,8.0,188.0,278.3599,270.0,277.5,270.22,46518445.0,36.1064
2022-04-27,0.0717,6204.0,595.0,737.0,2543.0,0.2654,3732.0,58.0,160.0,246.0,290.97,279.16,282.1,283.22,63477694.0,46.051
2022-04-28,0.0496,2396.0,200.0,279.0,1187.0,0.1452,3111.0,18.0,124.0,278.0,290.98,281.4562,285.185,289.63,33646570.0,50.1693
2022-04-29,0.0135,1220.0,67.0,103.0,838.0,0.0033,2162.0,2.0,15.0,231.0,289.88,276.5,288.61,277.52,37073923.0,43.4248
2022-05-02,0.0076,404.0,21.0,27.0,298.0,-0.0006,879.0,3.0,2.0,100.0,284.94,276.22,277.71,284.47,35151105.0,47.7649
2022-05-03,0.0121,803.0,31.0,64.0,547.0,0.0005,1547.0,1.0,5.0,204.0,284.13,280.15,283.96,281.78,25978605.0,46.2849
2022-05-04,-0.0077,640.0,46.0,37.0,496.0,0.0017,1406.0,8.0,11.0,217.0,290.88,276.73,282.59,289.98,33599320.0,51.2443
2022-05-05,-0.0149,787.0,75.0,50.0,564.0,0.0003,1791.0,5.0,5.0,242.0,286.35,274.34,285.54,277.35,43260386.0,44.4387
2022-05-06,-0.0156,1136.0,96.0,31.0,723.0,-0.0012,2715.0,13.0,1.0,348.0,279.25,271.27,274.805,274.73,37780322.0,43.1582
2022-05-09,-0.0087,390.0,29.0,17.0,272.0,0.0001,1106.0,0.0,1.0,95.0,272.36,263.32,270.06,264.58,47725952.0,38.5268
2022-05-10,-0.0123,1048.0,85.0,57.0,721.0,-0.0025,2177.0,12.0,3.0,216.0,273.75,265.07,271.69,269.5,39336424.0,41.7878
2022-05-11,-0.0067,955.0,63.0,43.0,693.0,0.0006,2566.0,3.0,9.0,326.0,271.36,259.3,265.68,260.55,48975898.0,37.8539
2022-05-12,-0.0167,890.0,83.0,41.0,581.0,-0.001,950.0,6.0,1.0,180.0,259.88,250.02,257.69,255.35,51033802.0,35.7483
2022-05-13,-0.0215,938.0,91.0,41.0,574.0,-0.002,715.0,8.0,3.0,161.0,263.04,255.35,257.35,261.12,34925093.0,39.753
2022-05-16,0.0035,246.0,10.0,13.0,200.0,0.0,619.0,0.0,0.0,54.0,265.82,255.78,259.955,261.5,32550933.0,40.0181
2022-05-17,0.0069,772.0,37.0,47.0,525.0,0.0001,1087.0,0.0,3.0,200.0,268.33,262.46,266.11,266.82,28828799.0,43.7506
2022-05-18,0.0059,592.0,29.0,36.0,438.0,-0.0049,864.0,15.0,7.0,173.0,263.6,252.77,263.0,254.08,31355985.0,37.7005
2022-05-19,-0.0084,903.0,65.0,27.0,654.0,-0.0082,876.0,19.0,4.0,185.0,257.67,251.88,253.9,253.14,32692286.0,37.2907
2022-05-20,-0.0038,757.0,39.0,36.0,555.0,-0.0016,788.0,9.0,9.0,203.0,258.54,246.44,257.24,252.56,39199279.0,37.0233
2022-05-23,-0.0028,376.0,16.0,11.0,268.0,0.0001,576.0,0.0,1.0,85.0,261.5,253.43,255.49,260.65,33175379.0,43.1468
2022-05-24,0.0044,717.0,29.0,37.0,515.0,0.0003,846.0,0.0,4.0,183.0,261.33,253.5,257.89,259.62,29043904.0,42.5791
2022-05-25,-0.0016,985.0,33.0,23.0,728.0,-0.0003,1178.0,6.0,0.0,304.0,264.58,257.125,258.14,262.52,28547947.0,44.7819
2022-05-26,-0.0022,754.0,27.0,26.0,526.0,-0.0025,998.0,12.0,2.0,197.0,267.11,261.4294,262.27,265.9,25002105.0,47.3185
2022-05-27,-0.0034,640.0,31.0,21.0,462.0,0.0012,955.0,5.0,9.0,217.0,273.34,267.56,268.48,273.24,26910806.0,52.4292
2022-05-30,0.0044,265.0,10.0,14.0,194.0,-0.0003,590.0,2.0,0.0,96.0,,,,,,
2022-05-31,0.0017,311.0,11.0,12.0,264.0,-0.0002,601.0,2.0,0.0,117.0,274.77,268.93,272.53,271.87,37827695.0,51.4264
2022-06-01,0.0029,637.0,28.0,29.0,499.0,-0.0003,792.0,4.0,2.0,204.0,277.69,270.04,275.195,272.42,25292174.0,51.8248
2022-06-02,-0.0061,693.0,45.0,22.0,525.0,-0.0003,859.0,5.0,4.0,215.0,274.65,261.6,264.45,274.58,44008209.0,53.4398
2022-06-03,-0.1989,2471.0,540.0,131.0,1062.0,-0.1819,1506.0,140.0,6.0,283.0,273.45,268.41,270.31,270.02,28058958.0,49.6552
2022-06-06,-0.0043,277.0,16.0,9.0,224.0,-0.0001,570.0,1.0,0.0,88.0,274.18,267.22,272.06,268.75,22400342.0,48.6224
2022-06-07,-0.002,711.0,27.0,28.0,578.0,-0.0009,770.0,6.0,6.0,174.0,273.13,265.94,266.635,272.5,22860677.0,51.8097
2022-06-08,-0.0067,800.0,52.0,49.0,577.0,0.0013,1034.0,8.0,9.0,214.0,273.0,269.61,271.71,270.41,17372341.0,49.9498
2022-06-09,-0.0108,838.0,70.0,30.0,646.0,-0.0011,1055.0,9.0,2.0,230.0,272.7081,264.63,267.78,264.79,26439728.0,45.2462
2022-06-10,-0.0021,1049.0,41.0,36.0,770.0,-0.0001,1259.0,4.0,2.0,335.0,260.58,252.53,260.58,252.99,31445841.0,37.3034
2022-06-13,-0.0019,787.0,32.0,26.0,671.0,0.0,1021.0,1.0,1.0,225.0,249.0242,241.53,245.11,242.26,46135788.0,31.8314
2022-06-14,-0.0067,1033.0,63.0,35.0,722.0,-0.0024,1414.0,16.0,3.0,299.0,245.74,241.51,243.86,244.49,28651487.0,33.9983
2022-06-15,-0.003,927.0,42.0,31.0,683.0,0.0001,1784.0,4.0,4.0,399.0,255.3,246.42,248.31,251.76,33111729.0,40.6248
2022-06-16,-0.003,1179.0,53.0,30.0,893.0,0.0002,1896.0,3.0,7.0,441.0,247.4174,243.02,245.98,244.97,33169160.0,36.8986
2022-06-17,-0.0057,782.0,46.0,36.0,539.0,-0.0004,1222.0,6.0,1.0,253.0,250.5,244.03,244.7,247.65,43084780.0,39.2664
2022-06-20,0.0033,221.0,5.0,11.0,175.0,-0.0001,566.0,1.0,0.0,67.0,,,,,,
2022-06-21,-0.0051,368.0,22.0,13.0,289.0,0.0001,675.0,1.0,1.0,96.0,254.75,249.51,250.255,253.74,29928297.0,44.3744
2022-06-22,-0.002,722.0,29.0,21.0,569.0,-0.0001,1183.0,3.0,2.0,256.0,257.17,250.37,251.89,253.13,25961215.0,43.9754
2022-06-23,0.0024,808.0,33.0,33.0,620.0,-0.0002,1052.0,4.0,2.0,234.0,259.37,253.63,255.57,258.86,25861449.0,48.6461
2022-06-24,0.0034,664.0,28.0,30.0,469.0,0.001,935.0,0.0,7.0,191.0,267.98,261.72,261.808,267.7,33923231.0,54.8937
2022-06-27,0.0039,274.0,4.0,14.0,192.0,0.0001,477.0,0.0,1.0,71.0,268.3,263.28,268.205,264.89,24615114.0,52.699
2022-06-28,0.003,401.0,16.0,19.0,307.0,-0.0004,620.0,3.0,2.0,132.0,266.91,256.32,263.98,256.48,27380247.0,46.6832
2022-06-29,0.0043,584.0,29.0,36.0,478.0,-0.0004,770.0,5.0,4.0,243.0,261.97,255.76,257.59,260.26,20069839.0,49.4749
2022-06-30,0.0124,645.0,27.0,52.0,426.0,0.003,693.0,3.0,10.0,159.0,259.53,252.9,257.05,256.83,31730868.0,47.0666
2022-07-01,-0.0044,649.0,36.0,25.0,500.0,-0.0021,740.0,10.0,1.0,197.0,259.77,254.61,256.39,259.58,22837692.0,49.2016
2022-07-04,0.0016,254.0,8.0,9.0,205.0,0.0,369.0,0.0,0.0,53.0,,,,,,
2022-07-05,-0.0041,300.0,15.0,10.0,219.0,0.0001,514.0,0.0,1.0,112.0,262.98,254.74,256.16,262.85,22971634.0,51.6965
2022-07-06,-0.0055,536.0,34.0,22.0,406.0,0.0004,817.0,5.0,5.0,209.0,267.99,262.4,263.75,266.21,23824419.0,54.1864
2022-07-07,-0.015,825.0,72.0,36.0,547.0,-0.0012,1043.0,11.0,6.0,261.0,269.055,265.02,265.12,268.4,20859874.0,55.7861
2022-07-08,-0.0165,628.0,56.0,40.0,413.0,0.0009,628.0,1.0,5.0,150.0,268.1,263.285,264.79,267.66,19658751.0,55.0862
2022-07-11,0.0034,205.0,9.0,10.0,152.0,0.0,406.0,0.0,0.0,42.0,266.53,262.18,265.65,264.51,19519108.0,52.0901
2022-07-12,-0.0035,499.0,24.0,21.0,373.0,-0.0009,638.0,5.0,0.0,146.0,265.94,252.04,265.88,253.67,35868450.0,43.3518
2022-07-13,-0.0535,1246.0,157.0,44.0,617.0,-0.0071,952.0,18.0,5.0,191.0,253.55,248.11,250.19,252.72,29497423.0,42.6761
2022-07-14,-0.0032,1475.0,64.0,41.0,1053.0,-0.0011,1614.0,17.0,2.0,428.0,255.1374,245.94,250.57,254.08,25102823.0,44.0212
2022-07-15,-0.0054,1004.0,55.0,43.0,699.0,0.0003,1143.0,5.0,6.0,275.0,260.3699,254.7727,255.72,256.72,29774050.0,46.6387
2022-07-18,0.0033,304.0,11.0,16.0,241.0,0.0001,257.0,0.0,1.0,69.0,260.84,253.3,259.75,254.25,20975034.0,44.5403
2022-07-19,-0.0031,705.0,32.0,31.0,501.0,0.001,566.0,4.0,6.0,172.0,259.72,253.68,257.575,259.53,25012562.0,49.7456
2022-07-20,-0.0039,813.0,43.0,29.0,624.0,0.0001,714.0,3.0,4.0,267.0,264.87,258.91,259.9,262.27,22788282.0,52.2502
2022-07-21,-0.0108,1234.0,95.0,38.0,839.0,-0.0046,1334.0,28.0,3.0,336.0,264.89,257.03,259.79,264.84,22404675.0,54.5389
2022-07-22,-0.0072,697.0,48.0,47.0,520.0,0.0023,528.0,3.0,11.0,198.0,265.33,259.07,265.24,260.36,21881290.0,50.0367
2022-07-25,-0.0056,413.0,23.0,18.0,286.0,-0.0006,275.0,2.0,1.0,70.0,261.5,256.81,260.995,258.83,21055998.0,48.5623
2022-07-26,0.0101,916.0,63.0,63.0,596.0,-0.0115,652.0,24.0,6.0,195.0,259.88,249.57,259.86,251.9,39347957.0,42.4595
2022-07-27,-0.0815,5065.0,736.0,510.0,2327.0,-0.2093,1700.0,156.0,130.0,258.0,270.05,258.85,261.16,268.74,45994049.0,56.6996
2022-07-28,0.0292,1975.0,148.0,203.0,1079.0,0.1869,952.0,32.0,122.0,231.0,277.84,267.87,269.75,276.41,33459327.0,61.3868
2022-07-29,0.017,1124.0,72.0,97.0,691.0,0.0086,737.0,7.0,19.0,183.0,282.0,276.63,277.7,280.74,32152752.0,63.7711
2022-08-01,-0.0065,323.0,21.0,16.0,237.0,0.0021,228.0,1.0,3.0,54.0,281.28,275.84,277.82,278.01,21539580.0,61.205
2022-08-02,0.0069,664.0,39.0,43.0,473.0,0.0014,477.0,5.0,7.0,158.0,277.89,272.38,276.0,274.82,22754184.0,58.2552
2022-08-03,-0.0185,668.0,73.0,29.0,479.0,0.0016,471.0,4.0,9.0,191.0,283.5,276.61,276.76,282.47,23518874.0,62.876
2022-08-04,-0.0068,672.0,47.0,38.0,520.0,0.0006,432.0,3.0,4.0,158.0,283.8,280.1677,281.8,283.65,18098668.0,63.5463
2022-08-05,-0.0042,582.0,32.0,29.0,438.0,-0.0011,484.0,7.0,6.0,171.0,283.65,278.68,279.15,282.91,16774606.0,62.7807
2022-08-08,-0.0105,325.0,28.0,16.0,251.0,-0.0003,219.0,1.0,1.0,60.0,285.92,279.32,284.05,280.32,18757818.0,60.0539
2022-08-09,-0.0038,591.0,42.0,26.0,631.0,-0.0024,326.0,7.0,2.0,128.0,283.08,277.61,279.64,282.3,23405238.0,61.433
2022-08-10,0.0028,679.0,32.0,31.0,539.0,-0.0006,519.0,7.0,3.0,236.0,289.81,286.94,288.17,289.16,24687845.0,65.8342
2022-08-11,-0.0068,741.0,55.0,41.0,585.0,0.0009,440.0,3.0,6.0,173.0,291.21,286.51,290.85,287.02,20065938.0,63.4034
2022-08-12,-0.0066,638.0,42.0,43.0,485.0,-0.0014,395.0,5.0,2.0,124.0,291.91,286.94,288.48,291.91,22619675.0,66.4516
2022-08-15,-0.0012,297.0,10.0,8.0,263.0,-0.0001,201.0,1.0,0.0,74.0,294.18,290.11,291.0,293.47,18085654.0,67.3849
2022-08-16,0.0069,534.0,40.0,41.0,462.0,-0.0004,630.0,5.0,2.0,219.0,294.04,290.42,291.99,292.71,18102882.0,66.4155
2022-08-17,-0.0048,497.0,33.0,27.0,455.0,-0.0001,474.0,2.0,1.0,208.0,293.35,289.47,289.74,291.32,18253358.0,64.5855
2022-08-18,-0.0043,465.0,30.0,22.0,411.0,-0.001,418.0,5.0,0.0,144.0,291.91,289.08,290.189,290.17,17186192.0,63.038
2022-08-19,-0.0039,457.0,29.0,26.0,421.0,-0.0006,372.0,4.0,2.0,134.0,289.25,285.56,288.9,286.15,20570033.0,57.8222
2022-08-22,-0.0068,262.0,22.0,17.0,237.0,-0.0002,202.0,1.0,0.0,58.0,282.46,277.22,282.08,277.75,25061070.0,48.7461
2022-08-23,-0.0083,479.0,43.0,23.0,443.0,-0.0004,378.0,3.0,0.0,147.0,278.86,275.4,276.44,276.44,17527409.0,47.4941
2022-08-24,-0.0042,433.0,29.0,13.0,415.0,-0.0011,385.0,5.0,1.0,146.0,277.23,275.11,275.41,275.79,18137019.0,46.8511
2022-08-25,-0.0058,575.0,38.0,27.0,464.0,-0.0007,444.0,4.0,2.0,135.0,279.02,274.52,277.33,278.85,16583407.0,50.2649
2022-08-26,0.0029,636.0,28.0,31.0,535.0,-0.0005,497.0,5.0,3.0,180.0,280.34,267.98,279.08,268.09,27549307.0,40.4308
2022-08-29,-0.0063,257.0,19.0,10.0,215.0,-0.0012,251.0,3.0,0.0,72.0,267.4,263.85,265.85,265.23,20338544.0,38.2867
2022-08-30,-0.0069,524.0,42.0,18.0,462.0,-0.0009,404.0,5.0,4.0,165.0,267.05,260.66,266.67,262.97,22767071.0,36.6334
2022-08-31,-0.0031,491.0,29.0,9.0,477.0,-0.0005,411.0,4.0,4.0,170.0,267.11,261.33,265.39,261.47,24791834.0,35.5365
2022-09-01,-0.0015,524.0,20.0,16.0,498.0,-0.0002,445.0,3.0,2.0,179.0,260.89,255.41,258.87,260.4,23263431.0,34.7376
2022-09-02,-0.0055,921.0,68.0,36.0,833.0,-0.0026,683.0,15.0,2.0,261.0,264.74,254.47,261.695,256.06,22855380.0,31.6311
2022-09-05,-0.0044,220.0,16.0,7.0,192.0,-0.0008,221.0,2.0,0.0,62.0,,,,,,
2022-09-06,0.0021,298.0,14.0,13.0,266.0,-0.0001,319.0,1.0,1.0,80.0,257.83,251.94,256.2,253.25,21328242.0,29.7745
2022-09-07,-0.0066,461.0,38.0,22.0,429.0,-0.0011,350.0,4.0,1.0,116.0,258.83,253.22,254.7,258.09,24126700.0,36.6695
2022-09-08,0.0042,607.0,25.0,39.0,545.0,0.0001,403.0,0.0,2.0,174.0,260.43,254.79,257.51,258.52,20319911.0,37.2589
2022-09-09,-0.0031,406.0,23.0,20.0,367.0,0.001,343.0,0.0,4.0,107.0,265.23,260.29,260.5,264.46,22093190.0,44.8891
2022-09-12,0.0103,232.0,6.0,23.0,206.0,0.0,191.0,0.0,0.0,48.0,267.45,265.16,265.78,266.65,18747690.0,47.4276
2022-09-13,0.002,479.0,14.0,21.0,437.0,0.0005,449.0,0.0,5.0,184.0,260.4,251.59,258.84,251.99,33353318.0,35.6047
2022-09-14,-0.0124,629.0,64.0,20.0,550.0,-0.002,461.0,10.0,2.0,211.0,254.23,249.86,253.53,252.22,23912954.0,35.8748
2022-09-15,-0.0035,620.0,36.0,28.0,564.0,-0.0016,623.0,12.0,4.0,243.0,251.4,244.02,249.77,245.38,31530948.0,31.6265
2022-09-16,-0.0181,884.0,104.0,57.0,724.0,-0.0146,576.0,26.0,1.0,203.0,245.3,242.0627,244.26,244.74,39791768.0,31.2536
2022-09-19,-0.0077,287.0,25.0,13.0,260.0,0.0,181.0,0.0,0.0,55.0,245.14,240.85,242.465,244.52,26826931.0,31.1177
2022-09-20,-0.0224,667.0,85.0,42.0,545.0,-0.0005,368.0,3.0,1.0,121.0,243.51,239.64,242.065,242.45,26660299.0,29.8051
2022-09-21,0.0256,828.0,49.0,108.0,640.0,-0.0005,657.0,6.0,5.0,249.0,247.66,238.9,244.27,238.95,28625557.0,27.6791
2022-09-22,-0.012,836.0,83.0,43.0,700.0,-0.0007,658.0,7.0,1.0,241.0,243.86,237.57,237.8704,240.98,31061162.0,30.7639
2022-09-23,-0.0059,1007.0,74.0,60.0,893.0,-0.0004,585.0,6.0,3.0,234.0,241.13,235.2,239.54,237.92,34176048.0,28.7717
2022-09-26,-0.0059,336.0,24.0,19.0,298.0,0.0,264.0,0.0,0.0,77.0,241.45,236.9,237.045,237.45,27694190.0,28.4668
2022-09-27,0.0032,656.0,31.0,39.0,597.0,-0.0005,405.0,3.0,2.0,137.0,241.8,234.5,239.98,236.41,27018732.0,27.7655
2022-09-28,0.0063,559.0,38.0,43.0,473.0,-0.0005,399.0,4.0,3.0,160.0,242.33,234.73,236.81,241.07,29029679.0,35.4394
2022-09-29,0.0038,530.0,32.0,33.0,481.0,-0.0022,361.0,7.0,5.0,126.0,239.95,234.41,238.89,237.5,27484233.0,32.5836
2022-09-30,-0.0208,702.0,87.0,36.0,581.0,-0.0013,535.0,8.0,2.0,201.0,240.54,232.73,238.29,232.9,35694832.0,29.3065
2022-10-03,-0.0049,307.0,22.0,11.0,292.0,0.0,202.0,0.0,0.0,63.0,241.61,234.66,235.41,240.74,28880357.0,40.3229
2022-10-04,-0.0059,549.0,42.0,41.0,485.0,0.0009,329.0,2.0,4.0,114.0,250.36,244.975,245.09,248.88,34888416.0,49.1782
2022-10-05,-0.0058,641.0,47.0,39.0,561.0,0.0016,422.0,3.0,7.0,153.0,250.58,244.1,245.99,249.2,20347136.0,49.4955
2022-10-06,0.0019,571.0,23.0,25.0,536.0,-0.0005,389.0,4.0,1.0,142.0,250.34,246.08,247.93,246.79,20239886.0,47.1101
2022-10-07,-0.0029,539.0,29.0,23.0,490.0,-0.0008,361.0,5.0,1.0,158.0,241.32,233.17,240.902,234.24,37769602.0,37.0867
2022-10-10,0.0048,218.0,14.0,16.0,209.0,-0.0013,186.0,2.0,1.0,52.0,234.559,226.73,233.05,229.25,29743608.0,33.99
2022-10-11,-0.016,453.0,50.0,23.0,384.0,-0.0071,387.0,11.0,0.0,124.0,229.06,224.11,227.62,225.41,30473954.0,31.7902
2022-10-12,-0.0024,900.0,41.0,39.0,795.0,-0.0001,850.0,4.0,0.0,338.0,227.86,223.96,225.4,225.75,21903937.0,32.2086
2022-10-13,-0.0015,1630.0,60.0,33.0,1420.0,-0.0001,1518.0,9.0,4.0,671.0,236.1,219.13,219.85,234.24,42551818.0,41.8066
2022-10-14,0.0041,961.0,52.0,57.0,801.0,0.0002,840.0,4.0,5.0,301.0,237.24,228.34,235.54,228.56,30198588.0,37.9368
2022-10-17,-0.0047,309.0,20.0,12.0,263.0,-0.0001,321.0,1.0,0.0,89.0,238.96,235.135,235.82,237.53,28142268.0,46.3782
2022-10-18,-0.1114,678.0,107.0,20.0,281.0,0.0058,642.0,11.0,17.0,214.0,243.93,235.37,243.24,238.5,26329591.0,47.2143
2022-10-19,-0.0372,884.0,136.0,45.0,671.0,-0.0037,763.0,18.0,6.0,256.0,239.61,234.29,237.04,236.48,19985698.0,45.6191
2022-10-20,-0.0183,712.0,62.0,14.0,418.0,-0.0028,680.0,15.0,1.0,254.0,241.31,234.87,235.77,236.15,21811015.0,45.3495
2022-10-21,-0.0043,632.0,40.0,27.0,575.0,-0.0065,520.0,15.0,2.0,161.0,243.0,234.5,234.74,242.12,26299733.0,50.9917
2022-10-24,-0.0039,381.0,16.0,13.0,229.0,0.0005,247.0,0.0,2.0,68.0,247.84,241.295,243.76,247.25,24911212.0,55.2656
2022-10-25,0.008,861.0,40.0,46.0,450.0,-0.0064,658.0,18.0,8.0,174.0,251.04,245.83,247.26,250.66,34775505.0,57.8941
2022-10-26,-0.1149,3975.0,479.0,346.0,1242.0,-0.2681,1932.0,226.0,50.0,353.0,238.3,230.06,231.17,231.32,82684846.0,42.604
2022-10-27,-0.1345,2303.0,349.0,124.0,841.0,-0.2217,1340.0,143.0,19.0,254.0,233.69,225.78,231.04,226.75,40424645.0,39.9209
2022-10-28,-0.0498,1236.0,132.0,61.0,535.0,-0.0148,702.0,32.0,9.0,230.0,236.6,226.05,226.24,235.87,40647724.0,47.0829
2022-10-31,-0.0026,278.0,10.0,10.0,168.0,0.0011,222.0,1.0,2.0,50.0,234.92,231.15,233.76,232.13,28357265.0,44.7281
2022-11-01,0.008,579.0,11.0,35.0,345.0,-0.0071,440.0,14.0,7.0,149.0,235.74,227.325,234.6,228.17,30592271.0,42.3149
2022-11-02,0.0035,700.0,18.0,25.0,378.0,-0.0027,460.0,10.0,0.0,168.0,231.3,220.04,229.46,220.1,38407008.0,37.8351
2022-11-03,-0.0162,645.0,43.0,27.0,313.0,-0.0015,431.0,7.0,4.0,167.0,220.41,213.98,220.09,214.25,36633922.0,34.9467
2022-11-04,-0.0127,736.0,42.0,22.0,347.0,-0.0025,450.0,8.0,5.0,140.0,221.59,213.431,217.55,221.39,36789063.0,40.879
2022-11-07,-0.0116,325.0,23.0,9.0,203.0,-0.0058,229.0,6.0,0.0,64.0,228.41,221.28,221.99,227.87,33497979.0,45.7171
2022-11-08,-0.0085,688.0,35.0,25.0,343.0,-0.0025,516.0,11.0,8.0,177.0,231.65,225.84,228.7,228.87,28192548.0,46.4455
2022-11-09,-0.039,848.0,103.0,16.0,473.0,-0.017,825.0,46.0,5.0,290.0,228.6327,224.33,227.37,224.51,27852910.0,43.6928
2022-11-10,-0.0366,732.0,84.0,36.0,397.0,-0.0042,674.0,19.0,2.0,249.0,243.33,235.0,235.43,242.98,46268021.0,55.677
2022-11-11,-0.0401,820.0,83.0,67.0,357.0,0.0031,583.0,4.0,15.0,236.0,247.99,241.93,242.99,247.11,34620246.0,57.8379
2022-11-14,-0.0039,257.0,12.0,11.0,172.0,-0.0019,252.0,4.0,0.0,74.0,243.91,239.21,241.985,241.55,31123340.0,54.0196
2022-11-15,-0.0137,618.0,36.0,29.0,289.0,-0.0019,593.0,12.0,3.0,244.0,247.0,240.03,245.66,241.97,31390117.0,54.2652
2022-11-16,-0.0104,593.0,40.0,19.0,343.0,0.0004,528.0,5.0,6.0,254.0,243.8,240.42,242.79,241.73,24093272.0,54.0874
2022-11-17,-0.0011,706.0,17.0,10.0,433.0,-0.0002,663.0,5.0,1.0,307.0,243.25,237.63,237.78,241.68,23123544.0,54.0477
2022-11-18,0.0049,548.0,14.0,22.0,279.0,-0.0007,478.0,6.0,1.0,212.0,243.74,239.03,243.51,241.22,27613523.0,53.6572
2022-11-21,-0.0062,248.0,14.0,6.0,155.0,0.0,264.0,0.0,0.0,115.0,244.67,241.19,241.43,242.05,26394700.0,54.2988
2022-11-22,0.0024,489.0,14.0,16.0,300.0,0.0002,427.0,3.0,3.0,177.0,245.31,240.71,243.59,245.03,19665699.0,56.6211
2022-11-23,0.005,466.0,20.0,21.0,267.0,0.0007,383.0,2.0,4.0,138.0,248.28,244.27,245.105,247.58,19508462.0,58.5615
2022-11-24,-0.0326,766.0,95.0,28.0,467.0,-0.0095,518.0,25.0,6.0,205.0,,,,,,
2022-11-25,-0.0363,438.0,58.0,5.0,273.0,-0.0315,444.0,31.0,1.0,151.0,248.7,246.73,247.31,247.49,9200772.0,58.4621
2022-11-28,-0.0155,224.0,20.0,8.0,149.0,0.0,252.0,0.0,0.0,112.0,246.65,240.8,246.08,241.76,24810271.0,52.3678
2022-11-29,-0.0058,647.0,36.0,21.0,408.0,-0.0016,496.0,9.0,1.0,203.0,242.79,238.21,241.4,240.33,17956313.0,50.9406
2022-11-30,-0.0046,568.0,24.0,22.0,314.0,-0.0011,419.0,7.0,2.0,186.0,255.33,239.86,240.57,255.14,47594239.0,62.3767
2022-12-01,0.0121,551.0,15.0,36.0,296.0,0.0029,389.0,4.0,9.0,154.0,256.12,250.9156,253.87,254.69,26041524.0,61.9045
2022-12-02,0.0026,462.0,8.0,14.0,242.0,-0.0257,403.0,25.0,3.0,139.0,256.06,249.69,249.82,255.02,21528520.0,62.1309
2022-12-05,0.0025,304.0,9.0,12.0,202.0,-0.0033,208.0,5.0,2.0,66.0,253.819,248.06,252.01,250.2,23435294.0,56.8195
2022-12-06,0.0009,784.0,19.0,20.0,567.0,-0.0006,524.0,6.0,6.0,226.0,251.86,243.78,250.82,245.12,22463727.0,51.7939
2022-12-07,-0.0006,1130.0,21.0,9.0,802.0,-0.0004,734.0,8.0,7.0,341.0,246.16,242.205,244.83,244.37,20481522.0,51.0757
2022-12-08,0.0048,1085.0,27.0,58.0,685.0,-0.0005,860.0,11.0,2.0,414.0,248.74,243.06,244.84,247.4,22611757.0,53.8596
2022-12-09,-0.093,2177.0,421.0,32.0,1244.0,-0.0174,1472.0,75.0,6.0,506.0,248.31,244.16,244.695,245.42,20609743.0,51.7859
2022-12-12,0.0253,640.0,31.0,70.0,392.0,0.0011,699.0,1.0,11.0,268.0,252.54,247.17,247.445,252.51,30665069.0,58.0189
2022-12-13,0.015,1146.0,35.0,92.0,680.0,0.0101,844.0,16.0,34.0,298.0,263.915,253.07,261.69,256.92,42196884.0,61.3646
2022-12-14,-0.0042,781.0,35.0,21.0,491.0,0.0011,555.0,5.0,9.0,253.0,262.588,254.31,257.13,257.22,35410933.0,61.5889
2022-12-15,-0.0051,794.0,37.0,32.0,466.0,0.0007,631.0,5.0,8.0,288.0,254.2,247.34,253.72,249.01,35568093.0,52.5919
2022-12-16,-0.005,646.0,32.0,9.0,399.0,-0.0007,638.0,8.0,2.0,264.0,249.84,243.51,248.55,244.69,86101994.0,48.5712
2022-12-19,-0.0058,328.0,15.0,4.0,181.0,-0.0003,248.0,2.0,2.0,97.0,245.21,238.71,244.86,240.45,29696436.0,44.9397
2022-12-20,-0.0134,521.0,38.0,14.0,297.0,-0.0023,423.0,9.0,3.0,168.0,242.91,238.42,239.4,241.8,25150802.0,46.316
2022-12-21,-0.0428,679.0,75.0,19.0,336.0,-0.0019,501.0,10.0,4.0,196.0,245.615,240.11,241.69,244.43,23690607.0,48.9909
2022-12-22,-0.1474,713.0,138.0,12.0,322.0,-0.0407,593.0,33.0,3.0,141.0,241.99,233.87,241.255,238.19,28651664.0,43.458
2022-12-23,-0.0522,726.0,97.0,9.0,393.0,-0.0418,534.0,45.0,0.0,200.0,238.87,233.9428,236.11,238.73,21206982.0,44.0469
2022-12-26,-0.0034,210.0,8.0,8.0,128.0,-0.001,176.0,3.0,0.0,78.0,,,,,,
2022-12-27,-0.0103,261.0,15.0,10.0,136.0,-0.003,194.0,5.0,0.0,82.0,238.93,235.83,238.7,236.96,16688648.0,42.4849
2022-12-28,-0.0092,444.0,22.0,16.0,216.0,-0.014,334.0,12.0,1.0,92.0,239.72,234.17,236.89,234.53,17457104.0,40.3684
2022-12-29,-0.0097,379.0,22.0,18.0,207.0,-0.0057,268.0,5.0,1.0,59.0,241.92,235.65,235.65,241.01,19770693.0,47.832
2022-12-30,0.0243,363.0,17.0,33.0,188.0,0.0023,199.0,4.0,4.0,74.0,239.96,236.66,238.21,239.82,21938472.0,46.6766
2023-01-02,-0.0244,225.0,16.0,6.0,93.0,-0.0014,137.0,2.0,0.0,46.0,,,,,,
2023-01-03,-0.0052,293.0,15.0,8.0,188.0,-0.0005,266.0,3.0,0.0,113.0,245.75,237.4,243.08,239.58,25740036.0,46.433
2023-01-04,-0.0056,1028.0,54.0,16.0,673.0,-0.0028,823.0,19.0,3.0,326.0,232.87,225.96,232.275,229.1,50623394.0,37.2828
2023-01-05,-0.0492,1700.0,192.0,48.0,800.0,-0.0254,947.0,63.0,3.0,357.0,227.55,221.7602,227.2,222.31,39585623.0,32.7762
2023-01-06,-0.0124,1015.0,70.0,30.0,563.0,-0.0033,536.0,16.0,4.0,249.0,225.7601,219.35,223.0,224.93,43613574.0,35.9913
2023-01-09,0.0045,351.0,11.0,16.0,206.0,-0.0006,266.0,2.0,0.0,65.0,231.2366,226.41,226.45,227.12,27369784.0,38.6333
2023-01-10,0.0022,1088.0,17.0,38.0,703.0,-0.0002,867.0,5.0,4.0,328.0,231.31,227.33,227.755,228.85,27033881.0,40.7151
2023-01-11,0.002,1269.0,34.0,41.0,809.0,0.0004,1041.0,5.0,8.0,369.0,235.95,231.11,231.29,235.77,28669331.0,48.2739
2023-01-12,0.0026,1083.0,14.0,38.0,682.0,0.0026,944.0,10.0,21.0,378.0,239.9,233.56,235.26,238.51,27269486.0,50.9411
2023-01-13,0.0021,827.0,23.0,28.0,528.0,0.0003,715.0,2.0,6.0,300.0,239.37,234.92,237.002,239.23,21333265.0,51.6466
2023-01-16,-0.0017,286.0,10.0,8.0,207.0,0.0,330.0,1.0,1.0,125.0,,,,,,
2023-01-17,-0.0154,772.0,68.0,20.0,504.0,-0.0004,747.0,6.0,2.0,252.0,240.91,237.09,237.97,240.35,29831257.0,52.7842
2023-01-18,-0.2851,1534.0,411.0,26.0,623.0,-0.0071,1259.0,44.0,6.0,444.0,242.38,235.52,241.565,235.81,30028692.0,47.8681
2023-01-19,-0.6997,2617.0,1141.0,47.0,743.0,-0.0067,2541.0,80.0,10.0,858.0,235.52,230.68,233.78,231.93,28623033.0,44.0889
2023-01-20,-0.2178,1021.0,260.0,21.0,460.0,-0.0008,958.0,12.0,3.0,389.0,240.74,234.51,234.855,240.22,35389809.0,52.6844
2023-01-23,-0.0262,674.0,68.0,30.0,387.0,-0.0004,568.0,5.0,3.0,251.0,245.165,239.65,241.1,242.58,31933951.0,54.8141
2023-01-24,-0.0097,2326.0,151.0,103.0,1365.0,0.0006,1751.0,18.0,19.0,670.0,243.95,240.44,242.5,242.04,40234444.0,54.2128
2023-01-25,0.0749,6944.0,686.0,716.0,2324.0,-0.1655,3368.0,332.0,120.0,693.0,243.3,230.9,234.48,240.61,66526641.0,52.5683
2023-01-26,-0.1072,3387.0,502.0,203.0,1360.0,-0.1058,2254.0,185.0,15.0,509.0,248.31,242.0,243.65,248.0,33454491.0,59.4192
2023-01-27,-0.024,1018.0,84.0,61.0,488.0,-0.0009,810.0,10.0,9.0,276.0,249.83,246.83,248.99,248.16,26498939.0,59.5554
2023-01-30,-0.0157,401.0,32.0,16.0,231.0,0.0,425.0,0.0,0.0,146.0,245.6,242.2,244.51,242.71,25867365.0,53.0266
2023-01-31,-0.0113,683.0,45.0,25.0,379.0,-0.0027,680.0,15.0,7.0,265.0,247.95,242.945,243.45,247.81,26541072.0,57.6998
2023-02-01,-0.0095,724.0,45.0,39.0,399.0,0.0006,644.0,6.0,7.0,256.0,255.18,245.47,248.0,252.75,31259912.0,61.6769
2023-02-02,-0.0042,969.0,40.0,32.0,539.0,0.0005,721.0,4.0,7.0,272.0,264.69,257.25,258.82,264.6,39940437.0,69.166
2023-02-03,0.017,1021.0,44.0,76.0,513.0,0.0021,883.0,5.0,17.0,306.0,264.2,257.1,259.542,258.35,29077256.0,62.2557
2023-02-06,-0.0018,375.0,13.0,11.0,254.0,-0.0009,425.0,5.0,4.0,151.0,258.3,254.78,257.44,256.77,22517997.0,60.6072
2023-02-07,-0.0042,1293.0,58.0,36.0,805.0,-0.0003,1280.0,10.0,9.0,505.0,268.775,260.08,260.53,267.56,50841365.0,67.0282
2023-02-08,0.0032,3678.0,66.0,135.0,2212.0,0.0072,2917.0,42.0,111.0,1137.0,276.76,266.21,273.2,266.73,54686049.0,66.1352
2023-02-09,-0.0044,3001.0,138.0,133.0,1825.0,-0.0051,2374.0,81.0,32.0,937.0,273.98,262.8,273.8,263.62,42375102.0,62.7611
2023-02-10,-0.011,1803.0,128.0,37.0,1076.0,-0.0012,1233.0,20.0,6.0,507.0,264.09,260.662,261.53,263.1,25818489.0,62.1898
2023-02-13,0.0038,574.0,9.0,26.0,379.0,0.0,507.0,1.0,1.0,206.0,274.6,267.15,267.64,271.32,44630921.0,67.2629
2023-02-14,0.0175,1362.0,60.0,100.0,707.0,0.0053,914.0,9.0,25.0,319.0,274.97,269.28,272.67,272.17,37047924.0,67.7448
2023-02-15,-0.0056,1226.0,59.0,31.0,705.0,0.0001,987.0,5.0,6.0,379.0,270.73,266.18,268.32,269.32,28962163.0,64.3254
2023-02-16,-0.0053,1186.0,55.0,16.0,689.0,-0.0006,897.0,11.0,2.0,417.0,266.74,261.9,264.02,262.15,29603616.0,56.5871
2023-02-17,-0.0019,1410.0,40.0,7.0,811.0,-0.0006,1077.0,14.0,0.0,544.0,260.09,256.0,259.39,258.06,30000055.0,52.693
2023-02-20,-0.0013,518.0,13.0,10.0,313.0,-0.0002,505.0,3.0,1.0,185.0,,,,,,
2023-02-21,-0.0031,704.0,32.0,17.0,499.0,-0.0007,681.0,8.0,4.0,266.0,255.49,251.59,254.48,252.67,28397444.0,48.0046
2023-02-22,-0.0017,1943.0,60.0,47.0,1279.0,-0.0005,1326.0,16.0,3.0,604.0,254.34,250.34,254.09,251.51,22491056.0,47.0346
2023-02-23,-0.0017,1258.0,36.0,33.0,749.0,-0.0003,1230.0,9.0,8.0,492.0,256.84,250.48,255.56,254.77,29219095.0,50.0869
2023-02-24,0.0033,818.0,13.0,30.0,484.0,0.0014,622.0,2.0,11.0,259.0,251.0,248.1,249.96,249.22,24990905.0,45.3007
2023-02-27,-0.0011,398.0,10.0,7.0,251.0,0.0,520.0,0.0,1.0,200.0,252.82,249.39,252.46,250.16,21190042.0,46.2377
2023-02-28,-0.0034,706.0,29.0,8.0,425.0,-0.0001,617.0,3.0,3.0,273.0,251.49,248.73,249.07,249.42,22490950.0,45.5758
2023-03-01,-0.0031,831.0,26.0,16.0,430.0,-0.0003,948.0,8.0,0.0,431.0,250.93,245.79,250.76,246.27,27565259.0,42.769
2023-03-02,-0.0018,810.0,24.0,10.0,489.0,-0.0004,716.0,8.0,1.0,327.0,251.4,245.61,246.55,251.11,24833646.0,48.0617
2023-03-03,0.0008,978.0,11.0,21.0,623.0,0.0005,863.0,1.0,9.0,345.0,255.62,251.39,252.19,255.29,30760136.0,52.1752
2023-03-06,0.0013,357.0,9.0,10.0,243.0,0.0,389.0,1.0,1.0,154.0,260.12,255.98,256.425,256.87,24109849.0,53.6689
2023-03-07,0.0048,803.0,31.0,40.0,505.0,0.0001,743.0,2.0,4.0,359.0,257.69,253.39,256.3,254.15,21473179.0,50.7314
2023-03-08,-0.0038,601.0,23.0,7.0,329.0,-0.0012,584.0,9.0,0.0,228.0,254.5417,250.81,254.04,253.7,17340217.0,50.2415
2023-03-09,-0.0016,998.0,27.0,15.0,589.0,-0.0005,723.0,9.0,0.0,345.0,259.56,251.58,255.82,252.32,26653387.0,48.6885
2023-03-10,0.0031,786.0,19.0,26.0,414.0,0.0006,700.0,6.0,8.0,284.0,252.79,247.6,251.08,248.59,28333930.0,44.6695
2023-03-13,-0.0021,261.0,8.0,7.0,163.0,0.0001,289.0,0.0,1.0,93.0,257.91,245.73,247.4,253.92,33339721.0,50.9058
2023-03-14,0.0045,708.0,9.0,31.0,428.0,0.0019,592.0,1.0,13.0,259.0,261.07,255.86,256.75,260.79,33620293.0,57.5474
2023-03-15,0.0012,1207.0,25.0,33.0,818.0,0.0003,1160.0,1.0,10.0,496.0,266.48,259.21,259.98,265.44,46028047.0,61.358
2023-03-16,0.0033,1225.0,49.0,49.0,770.0,0.0056,828.0,1.0,33.0,353.0,276.56,263.28,265.205,276.2,54832140.0,68.4215
2023-03-17,0.0018,1846.0,40.0,60.0,1256.0,0.0016,1467.0,0.0,29.0,634.0,283.33,276.3201,278.26,279.43,69527371.0,70.1834
2023-03-20,0.0009,405.0,9.0,10.0,279.0,-0.0002,427.0,3.0,1.0,167.0,277.48,269.85,276.98,272.23,43466649.0,61.8933
2023-03-21,-0.0041,908.0,38.0,22.0,541.0,-0.0022,690.0,14.0,4.0,270.0,275.0,269.5191,274.88,273.78,34558704.0,62.9091
2023-03-22,0.0025,1136.0,23.0,41.0,726.0,0.0009,1326.0,7.0,21.0,598.0,281.04,272.18,273.4,272.29,34873330.0,61.2198
2023-03-23,0.0095,1104.0,34.0,68.0,626.0,-0.0002,1128.0,9.0,6.0,561.0,281.06,275.2,277.94,277.66,36610879.0,64.8801
2023-03-24,0.0021,1086.0,17.0,39.0,758.0,0.0054,705.0,12.0,23.0,284.0,280.63,275.28,277.24,280.57,28199962.0,66.7136
2023-03-27,0.0017,757.0,8.0,28.0,578.0,0.0002,448.0,1.0,3.0,172.0,281.4589,275.52,280.5,276.38,26840212.0,61.7174
2023-03-28,-0.0043,1009.0,50.0,23.0,686.0,-0.0012,925.0,17.0,8.0,399.0,276.14,272.0451,275.79,275.23,21878647.0,60.3808
2023-03-29,-0.0092,1143.0,73.0,31.0,683.0,-0.0021,1085.0,25.0,3.0,479.0,281.1398,278.41,278.96,280.51,25087032.0,64.2129
2023-03-30,-0.0022,887.0,30.0,27.0,570.0,0.0029,808.0,1.0,22.0,346.0,284.46,281.48,284.23,284.05,25053410.0,66.549
2023-03-31,-0.0028,748.0,28.0,22.0,459.0,0.0004,652.0,2.0,6.0,279.0,289.27,283.0,283.73,288.3,32765976.0,69.1524
2023-04-03,0.0024,329.0,9.0,11.0,198.0,0.0001,340.0,2.0,2.0,153.0,288.27,283.95,286.52,287.23,24883342.0,67.7233
2023-04-04,-0.0038,584.0,21.0,17.0,301.0,0.0007,488.0,4.0,6.0,196.0,290.4499,285.67,287.23,287.18,25824299.0,67.653
2023-04-05,-0.0056,733.0,33.0,16.0,392.0,-0.0027,701.0,18.0,3.0,296.0,287.15,282.92,285.85,284.34,22064770.0,63.6106
2023-04-06,-0.0071,645.0,32.0,24.0,341.0,-0.0056,577.0,23.0,7.0,257.0,292.08,282.03,283.21,291.6,29770334.0,68.7509
2023-04-07,0.0124,974.0,40.0,62.0,506.0,-0.0307,745.0,58.0,12.0,292.0,,,,,,
2023-04-10,-0.0037,328.0,13.0,11.0,200.0,-0.0001,296.0,1.0,0.0,114.0,289.6,284.71,289.208,289.39,23102994.0,65.7081
2023-04-11,-0.0074,515.0,31.0,20.0,325.0,-0.0012,497.0,9.0,4.0,214.0,285.98,281.64,285.75,282.83,27276589.0,57.564
2023-04-12,-0.0119,857.0,55.0,31.0,450.0,-0.0033,750.0,20.0,12.0,309.0,287.01,281.96,284.79,283.49,27403432.0,58.1263
2023-04-13,-0.0073,715.0,40.0,39.0,412.0,0.0043,702.0,11.0,19.0,261.0,289.9,283.17,283.59,289.84,24222678.0,63.1815
2023-04-14,0.0034,786.0,13.0,32.0,482.0,0.0031,723.0,2.0,19.0,310.0,288.48,283.69,287.0,286.14,20987917.0,58.7323
2023-04-17,-0.0037,367.0,16.0,12.0,223.0,-0.0005,544.0,6.0,4.0,212.0,291.6,286.16,289.93,288.8,23836223.0,60.8659
2023-04-18,0.0047,1065.0,38.0,47.0,626.0,-0.004,1262.0,30.0,20.0,401.0,291.755,287.01,291.57,288.37,20161845.0,60.3229
2023-04-19,-0.0012,896.0,23.0,23.0,596.0,0.0006,942.0,7.0,9.0,304.0,289.05,284.54,285.99,288.45,17150271.0,60.3937
2023-04-20,-0.0577,1113.0,163.0,20.0,622.0,-0.0073,1036.0,37.0,9.0,355.0,289.03,285.08,285.25,286.11,23244363.0,57.1803
2023-04-21,-0.0318,826.0,92.0,16.0,477.0,-0.0031,717.0,17.0,4.0,264.0,286.27,283.0608,285.01,285.76,21676387.0,56.6944
2023-04-24,0.0028,488.0,19.0,19.0,306.0,-0.0069,409.0,14.0,4.0,138.0,284.95,278.72,282.09,281.77,26611014.0,51.3383
2023-04-25,-0.0107,1156.0,69.0,46.0,604.0,-0.0191,814.0,43.0,5.0,266.0,281.6,275.37,279.51,275.42,45772236.0,44.1842
2023-04-26,0.1609,5228.0,313.0,917.0,2043.0,0.2518,2824.0,50.0,358.0,582.0,299.57,292.73,296.7,295.37,64599182.0,62.0684
2023-04-27,0.0477,4166.0,496.0,481.0,2063.0,0.0409,3086.0,61.0,202.0,927.0,305.2,295.25,295.97,304.83,46462638.0,67.4022
2023-04-28,0.0167,2070.0,134.0,153.0,1090.0,0.0084,1199.0,3.0,45.0,438.0,308.93,303.31,304.01,307.26,36469613.0,68.6227
2023-05-01,0.0288,469.0,26.0,51.0,274.0,0.0099,314.0,2.0,14.0,119.0,308.6,305.15,306.97,305.56,21294115.0,66.74
2023-05-02,0.0079,774.0,37.0,43.0,433.0,0.0011,640.0,7.0,11.0,278.0,309.18,303.91,307.76,305.41,26404431.0,66.5665
2023-05-03,-0.0039,894.0,39.0,36.0,549.0,0.0007,804.0,4.0,10.0,327.0,308.61,304.09,306.62,304.4,22360754.0,65.3346
2023-05-04,-0.0051,841.0,41.0,33.0,494.0,0.0003,857.0,5.0,7.0,370.0,307.7626,303.4,306.24,305.41,22519907.0,66.012
2023-05-05,0.0038,1208.0,16.0,50.0,725.0,0.0031,1202.0,22.0,32.0,476.0,311.97,304.27,305.72,310.65,28197052.0,69.3573
2023-05-08,0.0091,339.0,5.0,23.0,218.0,-0.0002,388.0,2.0,0.0,116.0,310.2,306.09,310.13,308.65,21318613.0,66.6604
2023-05-09,-0.0144,672.0,47.0,29.0,350.0,-0.0007,564.0,6.0,3.0,216.0,310.04,306.31,308.0,307.0,21340829.0,64.4344
2023-05-10,-0.0039,914.0,40.0,25.0,550.0,0.0004,820.0,8.0,10.0,400.0,313.0,307.67,308.62,312.31,30078044.0,68.1235
2023-05-11,0.003,1532.0,46.0,56.0,966.0,0.0008,1591.0,7.0,25.0,749.0,311.12,306.2601,310.1,310.11,31680179.0,65.1101
2023-05-12,-0.0085,927.0,54.0,45.0,512.0,0.0006,931.0,7.0,10.0,342.0,310.65,306.6,310.55,308.97,19774696.0,63.5416
2023-05-15,0.0017,259.0,4.0,9.0,192.0,0.0005,330.0,1.0,4.0,129.0,309.905,307.59,309.095,309.46,16336547.0,63.9437
2023-05-16,0.0074,1778.0,29.0,114.0,1203.0,0.0009,1667.0,10.0,22.0,638.0,313.71,309.83,309.83,311.74,26730347.0,65.8319
2023-05-17,0.005,1078.0,23.0,54.0,689.0,0.0002,821.0,5.0,6.0,342.0,314.43,310.74,312.29,314.0,24315012.0,67.6408
2023-05-18,0.0029,710.0,11.0,27.0,443.0,0.0004,486.0,1.0,5.0,226.0,319.04,313.72,314.53,318.52,27275991.0,70.9529
2023-05-19,-0.0446,850.0,101.0,33.0,432.0,-0.0291,785.0,62.0,5.0,301.0,318.75,316.37,316.74,318.34,27546701.0,70.6428
2023-05-22,0.007,429.0,19.0,28.0,293.0,-0.0015,495.0,9.0,5.0,192.0,322.59,318.01,318.6,321.18,24115664.0,72.6722
2023-05-23,0.0214,712.0,16.0,66.0,409.0,0.001,738.0,6.0,11.0,279.0,322.72,315.25,320.03,315.26,30797173.0,62.9098
2023-05-24,0.0016,1497.0,19.0,41.0,902.0,0.0001,1573.0,4.0,10.0,703.0,316.5,312.61,314.73,313.85,23384887.0,60.8144
2023-05-25,-0.0238,1487.0,153.0,40.0,859.0,0.0004,1395.0,11.0,13.0,541.0,326.9,320.0,323.24,325.92,43301743.0,70.0202
2023-05-26,0.0065,1179.0,49.0,65.0,729.0,0.0021,982.0,3.0,20.0,370.0,333.4,323.88,324.02,332.89,36630633.0,73.8418
2023-05-29,0.0059,323.0,6.0,17.0,188.0,-0.0005,238.0,3.0,1.0,124.0,,,,,,
2023-05-30,0.0119,486.0,11.0,35.0,290.0,0.002,521.0,0.0,10.0,201.0,335.74,330.52,335.23,331.21,29503070.0,71.4767
2023-05-31,0.0063,984.0,16.0,52.0,607.0,0.0015,751.0,7.0,13.0,288.0,335.94,327.33,332.29,328.39,45950553.0,67.5648
2023-06-01,0.0101,693.0,27.0,42.0,382.0,0.0012,570.0,5.0,8.0,201.0,333.53,324.72,325.93,332.58,26773851.0,70.1766
2023-06-02,0.0034,798.0,23.0,30.0,454.0,-0.0014,581.0,11.0,9.0,263.0,337.5,332.55,334.247,335.4,25873769.0,71.8212
2023-06-05,0.0025,309.0,10.0,11.0,199.0,0.0001,324.0,0.0,2.0,135.0,338.5599,334.6601,335.22,335.94,21307053.0,72.138
2023-06-06,-0.2088,1199.0,283.0,36.0,523.0,-0.0604,963.0,94.0,5.0,309.0,335.37,332.17,335.33,333.68,20396223.0,68.6585
2023-06-07,-0.1175,715.0,125.0,17.0,331.0,-0.0215,754.0,49.0,0.0,278.0,334.49,322.5,331.65,323.38,40717129.0,55.5159
2023-06-08,-0.0215,849.0,65.0,29.0,407.0,-0.0069,559.0,21.0,3.0,235.0,326.64,323.35,323.935,325.26,23277708.0,57.129
2023-06-09,0.0043,676.0,20.0,24.0,317.0,-0.0015,475.0,10.0,10.0,221.0,329.99,324.41,324.99,326.79,22528950.0,58.4495
2023-06-12,0.0013,690.0,11.0,12.0,298.0,0.0,646.0,2.0,1.0,289.0,332.0999,325.16,328.58,331.85,24306753.0,62.5572
2023-06-13,-0.049,1329.0,181.0,29.0,736.0,-0.0045,1232.0,38.0,19.0,483.0,336.98,330.39,334.465,334.29,22951279.0,64.3856
2023-06-14,-0.0639,1185.0,172.0,35.0,609.0,-0.0009,1009.0,16.0,8.0,446.0,339.04,332.81,334.34,337.34,26003791.0,66.5823
2023-06-15,-0.0121,869.0,63.0,46.0,499.0,0.0021,847.0,3.0,17.0,333.0,349.84,337.2,337.48,348.1,38899075.0,72.9266
2023-06-16,0.0865,1347.0,43.0,194.0,606.0,0.0562,1012.0,12.0,81.0,306.0,351.47,341.95,351.32,342.33,46551985.0,65.7211
2023-06-19,-0.0503,392.0,53.0,7.0,210.0,-0.0137,379.0,19.0,1.0,134.0,,,,,,
2023-06-20,-0.0193,412.0,33.0,13.0,216.0,-0.0003,461.0,4.0,3.0,166.0,342.08,335.86,339.31,338.05,26375407.0,60.9134
2023-06-21,-0.0065,692.0,36.0,17.0,392.0,-0.0017,558.0,10.0,7.0,216.0,337.73,332.07,336.37,333.56,25117799.0,56.2634
2023-06-22,-0.011,814.0,56.0,19.0,483.0,-0.0065,816.0,33.0,6.0,356.0,340.12,333.34,334.12,339.71,23556764.0,60.6899
2023-06-23,-0.0022,1207.0,44.0,19.0,814.0,-0.0005,913.0,12.0,10.0,472.0,337.96,333.45,334.36,335.02,23146901.0,56.0326
2023-06-26,0.0013,311.0,4.0,9.0,218.0,-0.0007,268.0,4.0,2.0,123.0,336.11,328.49,333.72,328.6,21520582.0,50.338
2023-06-27,-0.0026,892.0,31.0,32.0,555.0,0.0021,643.0,12.0,13.0,240.0,336.15,329.3,331.86,334.57,24354110.0,54.9255
2023-06-28,0.005,969.0,18.0,47.0,597.0,0.0002,852.0,5.0,7.0,442.0,337.98,333.81,334.66,335.85,20259523.0,55.8668
2023-06-29,0.0024,1144.0,21.0,44.0,791.0,-0.0008,859.0,14.0,3.0,420.0,336.11,332.62,334.71,335.05,16997042.0,55.0924
2023-06-30,-0.0015,1230.0,37.0,29.0,855.0,-0.0009,972.0,16.0,2.0,472.0,342.73,337.2,337.75,340.54,26832756.0,59.2653
2023-07-03,-0.0017,310.0,9.0,8.0,193.0,-0.0003,274.0,2.0,0.0,94.0,340.9,336.571,339.19,337.99,12508692.0,56.633
2023-07-04,-0.0407,511.0,53.0,22.0,239.0,-0.0363,627.0,37.0,1.0,170.0,,,,,,
2023-07-05,-0.0206,377.0,29.0,6.0,189.0,-0.0037,473.0,13.0,0.0,198.0,341.65,334.7276,335.09,338.15,18172378.0,56.7628
2023-07-06,0.0119,502.0,25.0,33.0,270.0,0.0012,577.0,8.0,10.0,240.0,342.99,335.5,337.3,341.27,28195534.0,59.3191
2023-07-07,0.0309,771.0,21.0,71.0,371.0,0.0079,480.0,7.0,19.0,194.0,341.79,337.0,339.32,337.22,21214824.0,54.7906
2023-07-10,0.0096,206.0,3.0,15.0,133.0,0.0007,236.0,0.0,2.0,69.0,335.23,327.59,334.6,331.83,32791449.0,49.387
2023-07-11,-0.1114,652.0,109.0,20.0,288.0,-0.0048,561.0,16.0,5.0,203.0,332.86,327.0,331.06,332.47,26698218.0,50.0174
2023-07-12,0.0266,2989.0,227.0,345.0,1894.0,0.0039,2150.0,42.0,59.0,837.0,341.652,335.67,336.6,337.2,29995262.0,54.525
2023-07-13,-0.05,1805.0,275.0,51.0,1100.0,-0.0166,1610.0,99.0,32.0,652.0,343.74,339.02,339.56,342.66,20567159.0,59.1093
2023-07-14,-0.0089,1321.0,92.0,61.0,884.0,-0.007,1226.0,50.0,28.0,497.0,351.43,344.31,347.59,345.24,28352729.0,61.1046
2023-07-17,-0.002,874.0,33.0,22.0,650.0,-0.0017,723.0,12.0,12.0,250.0,346.99,342.2,345.678,345.73,20363927.0,61.4889
2023-07-18,-0.0021,1237.0,40.0,39.0,806.0,-0.0038,1075.0,28.0,18.0,410.0,366.78,342.17,345.83,359.49,64872705.0,70.3497
2023-07-19,0.0635,2767.0,55.0,397.0,1427.0,0.016,1889.0,11.0,92.0,648.0,362.46,352.435,361.75,355.08,39732901.0,65.174
2023-07-20,0.0093,1690.0,63.0,118.0,1092.0,0.0049,1660.0,31.0,51.0,623.0,357.97,345.37,353.57,346.87,33778395.0,56.7966
2023-07-21,-0.0064,992.0,51.0,42.0,583.0,0.0031,988.0,16.0,25.0,383.0,350.3,339.83,349.15,343.77,69405382.0,53.9754
2023-07-24,0.0024,484.0,15.0,18.0,306.0,0.001,403.0,5.0,6.0,160.0,346.92,342.31,345.85,345.11,26719207.0,55.0155
2023-07-25,0.0106,1028.0,25.0,69.0,597.0,0.0085,901.0,10.0,34.0,315.0,351.89,345.07,347.11,350.98,41637739.0,59.3496
2023-07-26,0.0993,3387.0,196.0,465.0,1332.0,0.1707,1944.0,79.0,225.0,445.0,344.67,333.11,341.44,337.77,58383702.0,48.1149
2023-07-27,-0.0237,1738.0,141.0,116.0,837.0,-0.0734,1659.0,139.0,76.0,432.0,341.33,329.05,340.48,330.72,39635262.0,43.3938
2023-07-28,-0.0761,976.0,130.0,44.0,426.0,-0.1357,916.0,111.0,6.0,249.0,340.01,333.17,333.67,338.37,28484868.0,49.2167
2023-07-31,0.0054,225.0,11.0,12.0,143.0,-0.0006,317.0,3.0,3.0,115.0,337.695,333.36,336.92,335.92,25446022.0,47.5304
2023-08-01,0.005,561.0,26.0,28.0,348.0,-0.0014,666.0,11.0,10.0,271.0,338.54,333.7,335.19,336.34,18381253.0,47.8602
2023-08-02,0.0095,462.0,16.0,27.0,252.0,0.0004,553.0,5.0,7.0,269.0,333.63,326.3551,333.63,327.5,27761257.0,41.8916
2023-08-03,-0.0283,548.0,52.0,31.0,275.0,-0.0041,593.0,17.0,11.0,235.0,329.88,325.95,326.0,326.66,18360352.0,41.3638
2023-08-04,-0.0227,547.0,44.0,30.0,269.0,-0.0075,612.0,22.0,16.0,213.0,335.14,327.24,331.88,327.78,23741484.0,42.4058
2023-08-07,0.0092,223.0,12.0,16.0,143.0,0.001,238.0,1.0,3.0,85.0,331.11,327.52,328.37,330.11,17741526.0,44.6112
2023-08-08,-0.0028,494.0,16.0,16.0,272.0,0.003,456.0,7.0,12.0,185.0,328.75,323.0,326.96,326.05,22327574.0,41.6206
2023-08-09,-0.0134,554.0,39.0,21.0,290.0,-0.0006,399.0,5.0,1.0,186.0,327.11,321.0499,326.47,322.23,22373268.0,38.9732
2023-08-10,0.0033,830.0,33.0,37.0,568.0,0.0006,555.0,3.0,7.0,241.0,328.26,321.18,326.015,322.93,20113725.0,39.7298
2023-08-11,-0.0055,677.0,27.0,14.0,338.0,-0.0143,559.0,24.0,8.0,172.0,322.41,319.21,320.26,321.01,24355491.0,38.3263
2023-08-14,-0.0024,185.0,7.0,2.0,133.0,-0.0007,236.0,2.0,1.0,66.0,324.06,320.08,321.39,324.04,18836139.0,41.8192
2023-08-15,0.0037,404.0,12.0,16.0,229.0,-0.0023,428.0,8.0,6.0,147.0,325.09,320.9034,323.0,321.86,16966285.0,40.0612
2023-08-16,0.0053,426.0,15.0,21.0,245.0,-0.0033,376.0,10.0,1.0,162.0,324.42,319.8035,320.8,320.4,20698864.0,38.8824
2023-08-17,0.0066,401.0,18.0,21.0,217.0,-0.0009,417.0,6.0,2.0,177.0,321.87,316.21,320.54,316.88,21257161.0,36.1225
2023-08-18,-0.0791,699.0,110.0,14.0,341.0,-0.001,692.0,11.0,1.0,318.0,318.38,311.5508,314.49,316.48,24755012.0,35.8114
2023-08-21,-0.0015,165.0,5.0,3.0,118.0,0.0,204.0,0.0,0.0,92.0,322.77,317.04,317.93,321.88,24039956.0,42.9536
2023-08-22,0.0022,983.0,29.0,34.0,635.0,0.0032,904.0,8.0,24.0,366.0,326.075,321.46,325.5,322.46,16102024.0,43.6785
2023-08-23,0.0023,1052.0,8.0,38.0,690.0,0.0018,916.0,7.0,20.0,392.0,329.2,323.46,323.82,327.0,21166382.0,49.1276
2023-08-24,0.0059,749.0,11.0,35.0,403.0,0.0065,572.0,2.0,20.0,219.0,332.98,319.96,332.85,319.97,23281434.0,42.3026
2023-08-25,-0.007,598.0,29.0,19.0,319.0,-0.0006,594.0,7.0,1.0,261.0,325.36,318.8001,321.47,322.98,21684104.0,45.7761
2023-08-28,0.0012,200.0,5.0,5.0,128.0,0.0007,225.0,1.0,3.0,97.0,326.15,321.722,325.66,323.7,14808482.0,46.6041
2023-08-29,0.0035,462.0,12.0,20.0,288.0,0.0002,467.0,1.0,4.0,209.0,328.9835,321.88,321.88,328.41,19284590.0,51.7907
2023-08-30,0.008,438.0,13.0,26.0,260.0,0.0003,517.0,3.0,4.0,216.0,329.81,326.445,328.67,328.79,15222110.0,52.1942
2023-08-31,0.0047,489.0,17.0,22.0,281.0,-0.007,597.0,25.0,3.0,248.0,330.9099,326.78,329.2,327.76,26410954.0,50.9495
2023-09-01,0.0012,448.0,7.0,10.0,251.0,-0.0082,525.0,21.0,2.0,193.0,331.99,326.78,331.31,328.66,14942024.0,52.0261
2023-09-04,0.0021,181.0,4.0,6.0,113.0,-0.0007,286.0,3.0,1.0,89.0,,,,,,
2023-09-05,0.0037,222.0,6.0,9.0,128.0,-0.0004,409.0,4.0,2.0,153.0,334.85,328.66,329.0,333.55,18553859.0,57.4857
2023-09-06,0.0165,555.0,17.0,38.0,267.0,0.0017,668.0,8.0,13.0,264.0,334.46,330.18,333.38,332.88,17535773.0,56.5363
2023-09-07,-0.0448,699.0,74.0,21.0,313.0,-0.0184,680.0,41.0,1.0,269.0,333.08,329.03,331.29,329.91,18380995.0,52.4048
2023-09-08,-0.029,780.0,72.0,28.0,387.0,-0.0142,775.0,47.0,3.0,341.0,336.16,329.46,330.09,334.27,19548165.0,57.3341
2023-09-11,0.0041,254.0,9.0,12.0,171.0,-0.0053,363.0,11.0,3.0,125.0,338.42,335.43,337.24,337.94,16583324.0,60.9959
2023-09-12,0.0053,512.0,29.0,28.0,344.0,-0.0201,669.0,54.0,15.0,296.0,336.79,331.48,335.815,331.77,17565482.0,52.7925
2023-09-13,-0.0127,578.0,41.0,13.0,324.0,-0.0204,865.0,67.0,3.0,408.0,336.85,331.17,331.31,336.06,16544412.0,57.1116
2023-09-14,0.0051,560.0,24.0,28.0,330.0,0.0028,678.0,13.0,19.0,315.0,340.86,336.57,339.148,338.7,20267048.0,59.5634
2023-09-15,0.0129,547.0,23.0,38.0,301.0,0.0039,679.0,10.0,20.0,291.0,337.3975,329.65,336.92,330.22,37679792.0,49.7293
2023-09-18,0.0084,157.0,7.0,10.0,99.0,-0.0007,253.0,3.0,1.0,92.0,330.4,326.36,327.8,329.06,16834208.0,48.5485
2023-09-19,-0.0069,821.0,56.0,16.0,583.0,-0.0026,982.0,29.0,1.0,480.0,329.39,324.51,326.17,328.65,16514487.0,48.1137
2023-09-20,0.0103,1157.0,81.0,80.0,758.0,-0.0039,1142.0,37.0,10.0,527.0,329.59,320.51,329.51,320.77,21436525.0,40.5888
2023-09-21,0.0064,580.0,22.0,29.0,335.0,-0.0062,574.0,21.0,4.0,249.0,325.3499,315.0,319.26,319.53,35560362.0,39.5408
2023-09-22,0.0013,1365.0,34.0,34.0,844.0,-0.0012,1570.0,25.0,25.0,679.0,321.45,316.15,321.32,317.01,21447887.0,37.4259
2023-09-25,0.0028,435.0,16.0,18.0,299.0,0.0017,500.0,3.0,7.0,142.0,317.67,315.0,316.59,317.54,17835964.0,38.1749
2023-09-26,0.0057,644.0,29.0,37.0,418.0,-0.0059,683.0,22.0,4.0,261.0,315.88,310.02,315.13,312.14,26297573.0,33.7433
2023-09-27,0.0082,838.0,29.0,49.0,489.0,-0.0073,770.0,34.0,6.0,367.0,314.299,309.69,312.3,312.79,19410082.0,34.7256
2023-09-28,-0.0112,811.0,55.0,31.0,494.0,-0.0015,852.0,21.0,12.0,459.0,315.48,309.45,310.99,313.64,19683564.0,36.0605
2023-09-29,-0.0032,687.0,28.0,19.0,453.0,0.0023,753.0,10.0,20.0,382.0,319.47,314.98,317.75,315.75,24147298.0,39.375
2023-10-02,0.0081,246.0,7.0,17.0,170.0,-0.001,328.0,5.0,2.0,131.0,321.888,315.18,316.28,321.8,20570006.0,47.7401
2023-10-03,0.0022,762.0,23.0,27.0,505.0,-0.0025,763.0,23.0,9.0,379.0,321.39,311.215,320.83,313.39,21033492.0,39.5671
2023-10-04,-0.0023,705.0,25.0,15.0,446.0,-0.0078,698.0,32.0,0.0,323.0,320.04,314.0,314.03,318.955,20720144.0,46.1382
2023-10-05,-0.0132,585.0,43.0,17.0,332.0,-0.0059,737.0,28.0,12.0,326.0,319.98,314.9,319.09,319.36,16965629.0,46.5933
2023-10-06,-0.0091,608.0,34.0,15.0,308.0,-0.0032,616.0,19.0,17.0,286.0,329.19,316.3,316.55,327.26,25673630.0,54.6441
2023-10-09,0.0033,221.0,3.0,9.0,141.0,0.0001,248.0,0.0,1.0,90.0,330.3,323.18,324.75,329.82,19891180.0,56.9109
2023-10-10,0.0091,479.0,23.0,32.0,293.0,-0.0013,442.0,8.0,7.0,190.0,331.1,327.67,330.96,328.39,20557094.0,55.2498
2023-10-11,-0.0053,527.0,27.0,17.0,331.0,-0.0034,568.0,16.0,4.0,244.0,332.82,329.14,331.21,332.42,20063246.0,58.8913
2023-10-12,-0.0635,929.0,124.0,39.0,475.0,-0.0531,962.0,77.0,10.0,296.0,333.6299,328.72,330.565,331.16,19313098.0,57.3208
2023-10-13,-0.0113,1212.0,92.0,33.0,808.0,-0.0067,1215.0,46.0,7.0,499.0,333.83,326.36,332.38,327.73,21085695.0,53.1643
2023-10-16,0.0028,386.0,13.0,15.0,252.0,0.0016,431.0,3.0,8.0,165.0,336.14,330.6,331.05,332.64,22158048.0,57.8734
2023-10-17,-0.044,763.0,94.0,34.0,404.0,0.0032,668.0,2.0,18.0,279.0,333.46,327.41,329.59,332.06,18338523.0,57.1425
2023-10-18,-0.0084,615.0,36.0,30.0,357.0,-0.0011,667.0,9.0,8.0,266.0,335.59,328.3,332.49,330.11,23153602.0,54.6439
2023-10-19,0.004,542.0,21.0,21.0,312.0,-0.0073,551.0,20.0,8.0,214.0,336.88,330.91,332.15,331.32,25052071.0,55.9316
2023-10-20,-0.0096,539.0,31.0,28.0,275.0,-0.0069,547.0,19.0,17.0,191.0,331.92,325.45,331.72,326.67,25027715.0,50.0507
2023-10-23,0.0108,351.0,9.0,24.0,211.0,0.0103,446.0,4.0,14.0,117.0,332.725,324.39,325.47,329.32,24374748.0,53.0786
2023-10-24,0.0094,919.0,19.0,63.0,568.0,0.0066,833.0,10.0,33.0,361.0,331.84,327.6,331.3,330.53,31153571.0,54.4367
2023-10-25,0.2172,2992.0,87.0,609.0,1130.0,0.345,1867.0,50.0,325.0,424.0,346.2,337.62,345.02,340.67,55053828.0,63.8736
2023-10-26,0.0957,1625.0,69.0,252.0,732.0,0.1633,1159.0,45.0,151.0,316.0,341.63,326.94,340.54,327.89,37828543.0,49.8576
2023-10-27,0.0227,939.0,71.0,80.0,486.0,-0.0152,735.0,44.0,37.0,326.0,336.72,328.4007,330.425,329.81,29856522.0,51.5768
2023-10-30,0.0405,269.0,9.0,34.0,146.0,0.0128,314.0,2.0,13.0,100.0,339.45,331.83,333.41,337.31,22828082.0,57.6804
2023-10-31,0.0101,570.0,25.0,35.0,305.0,0.0051,646.0,1.0,17.0,212.0,339.0,334.69,338.85,338.11,20265282.0,58.2845
2023-11-01,-0.0092,605.0,36.0,29.0,343.0,0.0146,567.0,4.0,32.0,232.0,347.42,339.65,339.79,346.07,28158819.0,63.8181
2023-11-02,0.0162,535.0,12.0,44.0,310.0,0.0219,518.0,4.0,34.0,207.0,348.83,344.77,347.24,348.32,24348072.0,65.2224
2023-11-03,0.0056,596.0,21.0,29.0,349.0,0.0209,469.0,6.0,29.0,179.0,354.39,347.33,349.63,352.8,23637673.0,67.8944
2023-11-06,0.0098,240.0,10.0,16.0,150.0,-0.0105,285.0,11.0,7.0,87.0,357.54,353.35,353.45,356.53,23828301.0,69.9635
2023-11-07,0.0127,624.0,14.0,46.0,363.0,0.0035,579.0,7.0,16.0,240.0,362.46,357.63,359.4,360.53,25833931.0,72.0443
2023-11-08,0.0799,772.0,8.0,121.0,391.0,0.017,564.0,0.0,31.0,212.0,363.87,360.55,361.68,363.2,26767828.0,73.3704
2023-11-09,0.0302,756.0,28.0,70.0,369.0,0.0079,570.0,2.0,25.0,242.0,364.79,360.362,362.3,360.69,24847331.0,70.0084
2023-11-10,0.0069,712.0,31.0,33.0,373.0,-0.0066,652.0,21.0,6.0,247.0,370.1,361.07,361.49,369.67,28065164.0,74.5088
2023-11-13,0.0182,371.0,4.0,29.0,194.0,0.0006,319.0,0.0,3.0,102.0,368.47,365.9,368.22,366.68,19986506.0,70.7045
2023-11-14,0.0098,522.0,7.0,28.0,259.0,0.0006,530.0,5.0,6.0,200.0,371.95,367.3454,371.01,370.27,27683862.0,72.5188
2023-11-15,0.0247,675.0,11.0,60.0,349.0,0.005,711.0,1.0,18.0,223.0,373.13,367.11,371.28,369.67,26860095.0,71.7193
2023-11-16,0.0019,1519.0,16.0,44.0,882.0,0.001,1362.0,0.0,24.0,660.0,376.35,370.18,370.96,376.17,27182315.0,74.9422
2023-11-17,0.0122,1050.0,9.0,68.0,560.0,0.0039,948.0,1.0,27.0,389.0,374.37,367.0,373.61,369.85,40325371.0,66.9529
2023-11-20,0.0035,2838.0,63.0,125.0,1911.0,0.0024,1987.0,13.0,43.0,750.0,378.87,371.0,371.22,377.44,52528964.0,70.9572
2023-11-21,0.0187,4501.0,89.0,422.0,2875.0,0.0223,3214.0,15.0,212.0,1214.0,376.2215,371.12,375.67,373.07,28423145.0,65.9987
2023-11-22,-0.0032,1648.0,60.0,58.0,996.0,-0.0037,1919.0,50.0,21.0,725.0,379.7899,374.965,378.0,377.85,23361184.0,68.5847
2023-11-23,0.0201,846.0,32.0,73.0,465.0,0.0095,983.0,11.0,44.0,393.0,,,,,,
2023-11-24,-0.0084,338.0,19.0,13.0,199.0,0.0006,455.0,3.0,5.0,174.0,377.97,375.135,377.33,377.43,10176649.0,68.0946
2023-11-27,-0.0051,265.0,13.0,10.0,171.0,-0.0002,268.0,2.0,1.0,111.0,380.64,376.2,376.78,378.61,22179228.0,68.7698
2023-11-28,0.0154,537.0,14.0,36.0,266.0,0.0021,403.0,3.0,9.0,170.0,383.0,378.16,378.35,382.7,20453112.0,71.0561
2023-11-29,0.0142,735.0,10.0,55.0,424.0,0.0077,762.0,0.0,29.0,292.0,384.3,377.44,383.76,378.85,28963399.0,66.1471
2023-11-30,0.0052,719.0,14.0,36.0,442.0,-0.0012,862.0,13.0,2.0,356.0,380.09,375.47,378.49,378.91,30554415.0,66.1863
2023-12-01,0.0044,672.0,29.0,30.0,405.0,0.0031,826.0,16.0,21.0,337.0,378.16,371.31,376.76,374.51,33040472.0,60.64
2023-12-04,-0.0094,242.0,14.0,11.0,127.0,0.0006,321.0,0.0,3.0,120.0,369.52,362.9,369.1,369.14,32063305.0,54.6237
2023-12-05,-0.0136,540.0,40.0,20.0,309.0,-0.0024,563.0,12.0,6.0,230.0,373.075,365.621,366.45,372.52,23065035.0,57.483
2023-12-06,-0.0041,675.0,29.0,20.0,402.0,0.0051,724.0,6.0,24.0,306.0,374.18,368.03,373.54,368.8,21182072.0,53.4881
2023-12-07,-0.0012,705.0,18.0,14.0,477.0,-0.0048,767.0,22.0,5.0,296.0,371.4527,366.32,368.23,370.95,23118864.0,55.4166
2023-12-08,0.0015,720.0,15.0,17.0,391.0,0.006,831.0,18.0,31.0,349.0,374.46,368.23,369.2,374.23,20154366.0,58.2599
2023-12-11,-0.0035,235.0,9.0,7.0,135.0,0.0037,309.0,1.0,8.0,115.0,371.6,366.1,368.48,371.3,27708757.0,54.8922
2023-12-12,-0.0029,586.0,21.0,16.0,342.0,-0.0018,590.0,12.0,2.0,242.0,374.42,370.46,370.85,374.38,24838253.0,57.6627
2023-12-13,0.0046,668.0,14.0,26.0,341.0,0.0091,555.0,1.0,24.0,224.0,377.6361,370.77,376.02,374.37,30955531.0,57.6503
2023-12-14,0.0122,692.0,29.0,43.0,342.0,0.0051,603.0,19.0,21.0,249.0,373.76,364.13,373.31,365.93,43277461.0,48.2367
2023-12-15,-0.0092,664.0,38.0,29.0,357.0,-0.0167,460.0,30.0,6.0,201.0,372.4,366.28,366.85,370.73,78502324.0,52.9428
2023-12-18,0.0106,199.0,3.0,15.0,132.0,0.0002,282.0,1.0,2.0,115.0,373.0,368.68,369.45,372.65,21802878.0,54.7163
2023-12-19,0.0041,433.0,12.0,20.0,278.0,0.0012,446.0,7.0,8.0,194.0,373.26,369.84,371.49,373.26,20603658.0,55.2928
2023-12-20,0.0031,538.0,9.0,20.0,313.0,0.0042,510.0,3.0,17.0,233.0,376.03,370.53,375.0,370.62,26316650.0,52.1958
2023-12-21,-0.0064,628.0,35.0,32.0,379.0,-0.009,541.0,26.0,7.0,241.0,374.41,370.04,372.56,373.54,17708006.0,55.1857
2023-12-22,-0.01,448.0,29.0,25.0,264.0,0.0048,490.0,15.0,16.0,202.0,375.18,372.71,373.68,374.58,17107484.0,56.2356
2023-12-25,0.0027,132.0,4.0,5.0,85.0,0.0006,136.0,1.0,2.0,66.0,,,,,,
2023-12-26,0.0122,182.0,6.0,10.0,82.0,0.0012,162.0,0.0,3.0,74.0,376.94,373.5,375.0,374.66,12673050.0,56.3203
2023-12-27,0.0127,315.0,6.0,23.0,173.0,0.0083,325.0,5.0,13.0,124.0,375.06,372.8116,373.69,374.07,14905412.0,55.467
2023-12-28,-0.829,1533.0,708.0,29.0,314.0,-0.2871,1414.0,206.0,13.0,304.0,376.458,374.16,375.37,375.28,14327013.0,56.909
2023-12-29,-0.1422,628.0,131.0,35.0,304.0,0.0411,534.0,27.0,33.0,144.0,377.16,373.48,376.0,376.04,18730838.0,57.8325
